<metadata xml:lang="en"><Esri><CreaDate>20221102</CreaDate><CreaTime>03312200</CreaTime><ArcGISFormat>1.0</ArcGISFormat><SyncOnce>FALSE</SyncOnce><DataProperties><itemProps><itemName Sync="TRUE">ec.csv</itemName><imsContentType Sync="TRUE">005</imsContentType><itemLocation><linkage Sync="TRUE">file://\\DOCTORSHANDU-PC\C$\Users\Doctor Shandu\OneDrive - University of Witwatersrand\MODULES\GEOG 7029A_Advanced_App_GIS\Assignment\Mini_Project\Data\Github\South_Africa\Data\Dataset\District_Data\Transpose\ec.csv</linkage><protocol Sync="TRUE">Local Area Network</protocol></itemLocation><itemSize Sync="TRUE">0.000</itemSize></itemProps><lineage><Process ToolSource="g:\arcgis\arcpro\programs\Resources\ArcToolbox\toolboxes\Data Management Tools.tbx\TransposeFields" Date="20221102" Time="033123">TransposeFields provincial_ec_cumulative.csv "alfred_nzo alfred_nzo;amathole amathole;buffalo_city_metro buffalo_city_metro;chris_hani chris_hani;joe_gqabi joe_gqabi;nelson_mandele_metro nelson_mandele_metro;or_tambo or_tambo;sarah_baartman_district sarah_baartman_district" "C:\Users\Doctor Shandu\OneDrive - University of Witwatersrand\MODULES\GEOG 7029A_Advanced_App_GIS\Assignment\Mini_Project\Data\Github\South_Africa\ArcGIS\Project\Covid-19\Covid-19.gdb\provincial_ec_cumulative_Tra" District DailyCase date</Process><Process ToolSource="g:\arcgis\arcpro\programs\Resources\ArcToolbox\toolboxes\Conversion Tools.tbx\TableToTable" Date="20221102" Time="034142">TableToTable provincial_ec_cumulative_Tra "C:\Users\Doctor Shandu\OneDrive - University of Witwatersrand\MODULES\GEOG 7029A_Advanced_App_GIS\Assignment\Mini_Project\Data\Github\South_Africa\Data\Dataset\District_Data\Transpose" ec.csv # "date "date" true true false 8 Date 0 0,First,#,C:\Users\Doctor Shandu\OneDrive - University of Witwatersrand\MODULES\GEOG 7029A_Advanced_App_GIS\Assignment\Mini_Project\Data\Github\South_Africa\ArcGIS\Project\Covid-19\Covid-19.gdb\provincial_ec_cumulative_Tra,date,-1,-1;District "District" true true false 255 Text 0 0,First,#,C:\Users\Doctor Shandu\OneDrive - University of Witwatersrand\MODULES\GEOG 7029A_Advanced_App_GIS\Assignment\Mini_Project\Data\Github\South_Africa\ArcGIS\Project\Covid-19\Covid-19.gdb\provincial_ec_cumulative_Tra,District,0,255;DailyCase "DailyCase" true true false 255 Text 0 0,First,#,C:\Users\Doctor Shandu\OneDrive - University of Witwatersrand\MODULES\GEOG 7029A_Advanced_App_GIS\Assignment\Mini_Project\Data\Github\South_Africa\ArcGIS\Project\Covid-19\Covid-19.gdb\provincial_ec_cumulative_Tra,DailyCase,0,255" #</Process></lineage></DataProperties><SyncDate>20221102</SyncDate><SyncTime>03414200</SyncTime><ModDate>20221102</ModDate><ModTime>03414200</ModTime></Esri><dataIdInfo><envirDesc Sync="TRUE">Microsoft Windows 10 Version 10.0 (Build 19044) ; Esri ArcGIS 12.6.0.24783</envirDesc><dataLang><languageCode value="eng" Sync="TRUE"></languageCode><countryCode value="USA" Sync="TRUE"></countryCode></dataLang><idCitation><resTitle Sync="TRUE">ec.csv</resTitle><presForm><PresFormCd value="001" Sync="TRUE"></PresFormCd></presForm></idCitation><spatRpType><SpatRepTypCd value="003" Sync="TRUE"></SpatRepTypCd></spatRpType></dataIdInfo><mdLang><languageCode value="eng" Sync="TRUE"></languageCode><countryCode value="USA" Sync="TRUE"></countryCode></mdLang><distInfo><distFormat><formatName Sync="TRUE">Text File</formatName></distFormat><distTranOps><transSize Sync="TRUE">0.000</transSize></distTranOps></distInfo><mdHrLv><ScopeCd value="007" Sync="TRUE"></ScopeCd></mdHrLv><mdHrLvName Sync="TRUE">non-geographic dataset</mdHrLvName><eainfo><detailed Name="ec.csv"><enttyp><enttypl Sync="TRUE">ec.csv</enttypl><enttypt Sync="TRUE">Table</enttypt><enttypc Sync="TRUE">0</enttypc></enttyp><attr><attrlabl Sync="TRUE">OBJECTID</attrlabl><attalias Sync="TRUE">OBJECTID</attalias><attrtype Sync="TRUE">Integer</attrtype><attwidth Sync="TRUE">4</attwidth><atprecis Sync="TRUE">0</atprecis><attscale Sync="TRUE">0</attscale><attrdef Sync="TRUE">Internal feature number.</attrdef><attrdefs Sync="TRUE">Esri</attrdefs><attrdomv><udom Sync="TRUE">Sequential unique whole numbers that are automatically generated.</udom></attrdomv></attr><attr><attrlabl Sync="TRUE">date</attrlabl><attalias Sync="TRUE">date</attalias><attrtype Sync="TRUE">Date</attrtype><attwidth Sync="TRUE">8</attwidth><atprecis Sync="TRUE">0</atprecis><attscale Sync="TRUE">0</attscale></attr><attr><attrlabl Sync="TRUE">District</attrlabl><attalias Sync="TRUE">District</attalias><attrtype Sync="TRUE">String</attrtype><attwidth Sync="TRUE">255</attwidth><atprecis Sync="TRUE">0</atprecis><attscale Sync="TRUE">0</attscale></attr><attr><attrlabl Sync="TRUE">DailyCase</attrlabl><attalias Sync="TRUE">DailyCase</attalias><attrtype Sync="TRUE">String</attrtype><attwidth Sync="TRUE">255</attwidth><atprecis Sync="TRUE">0</atprecis><attscale Sync="TRUE">0</attscale></attr></detailed></eainfo><mdDateSt Sync="TRUE">20221102</mdDateSt></metadata>
