﻿OBJECTID,date,District,DailyCase
1,4/19/2020 0:00:00,alfred_nzo,0
2,4/20/2020 0:00:00,alfred_nzo,0
3,4/26/2020 0:00:00,alfred_nzo,1
4,4/27/2020 0:00:00,alfred_nzo,0
5,4/29/2020 0:00:00,alfred_nzo,11
6,5/1/2020 0:00:00,alfred_nzo,5
7,5/2/2020 0:00:00,alfred_nzo,0
8,5/3/2020 0:00:00,alfred_nzo,1
9,5/4/2020 0:00:00,alfred_nzo,3
10,5/5/2020 0:00:00,alfred_nzo,3
11,5/6/2020 0:00:00,alfred_nzo,0
12,5/7/2020 0:00:00,alfred_nzo,1
13,4/19/2020 0:00:00,amathole,5
14,4/20/2020 0:00:00,amathole,0
15,4/26/2020 0:00:00,amathole,0
16,4/27/2020 0:00:00,amathole,3
17,4/29/2020 0:00:00,amathole,1
18,5/1/2020 0:00:00,amathole,3
19,5/2/2020 0:00:00,amathole,0
20,5/3/2020 0:00:00,amathole,0
21,5/4/2020 0:00:00,amathole,1
22,5/5/2020 0:00:00,amathole,2
23,5/6/2020 0:00:00,amathole,2
24,5/7/2020 0:00:00,amathole,0
25,4/19/2020 0:00:00,buffalo_city_metro,108
26,4/20/2020 0:00:00,buffalo_city_metro,0
27,4/26/2020 0:00:00,buffalo_city_metro,36
28,4/27/2020 0:00:00,buffalo_city_metro,6
29,4/29/2020 0:00:00,buffalo_city_metro,1
30,5/1/2020 0:00:00,buffalo_city_metro,8
31,5/2/2020 0:00:00,buffalo_city_metro,2
32,5/3/2020 0:00:00,buffalo_city_metro,4
33,5/4/2020 0:00:00,buffalo_city_metro,11
34,5/5/2020 0:00:00,buffalo_city_metro,7
35,5/6/2020 0:00:00,buffalo_city_metro,1
36,5/7/2020 0:00:00,buffalo_city_metro,5
37,4/19/2020 0:00:00,chris_hani,24
38,4/20/2020 0:00:00,chris_hani,1
39,4/26/2020 0:00:00,chris_hani,32
40,4/27/2020 0:00:00,chris_hani,30
41,4/29/2020 0:00:00,chris_hani,4
42,5/1/2020 0:00:00,chris_hani,5
43,5/2/2020 0:00:00,chris_hani,14
44,5/3/2020 0:00:00,chris_hani,2
45,5/4/2020 0:00:00,chris_hani,5
46,5/5/2020 0:00:00,chris_hani,3
47,5/6/2020 0:00:00,chris_hani,4
48,5/7/2020 0:00:00,chris_hani,3
49,4/19/2020 0:00:00,joe_gqabi,0
50,4/20/2020 0:00:00,joe_gqabi,0
51,4/26/2020 0:00:00,joe_gqabi,2
52,4/27/2020 0:00:00,joe_gqabi,0
53,4/29/2020 0:00:00,joe_gqabi,0
54,5/1/2020 0:00:00,joe_gqabi,1
55,5/2/2020 0:00:00,joe_gqabi,0
56,5/3/2020 0:00:00,joe_gqabi,4
57,5/4/2020 0:00:00,joe_gqabi,1
58,5/5/2020 0:00:00,joe_gqabi,0
59,5/6/2020 0:00:00,joe_gqabi,0
60,5/7/2020 0:00:00,joe_gqabi,0
61,4/19/2020 0:00:00,nelson_mandele_metro,108
62,4/20/2020 0:00:00,nelson_mandele_metro,19
63,4/26/2020 0:00:00,nelson_mandele_metro,91
64,4/27/2020 0:00:00,nelson_mandele_metro,58
65,4/29/2020 0:00:00,nelson_mandele_metro,22
66,5/1/2020 0:00:00,nelson_mandele_metro,34
67,5/2/2020 0:00:00,nelson_mandele_metro,23
68,5/3/2020 0:00:00,nelson_mandele_metro,21
69,5/4/2020 0:00:00,nelson_mandele_metro,9
70,5/5/2020 0:00:00,nelson_mandele_metro,16
71,5/6/2020 0:00:00,nelson_mandele_metro,2
72,5/7/2020 0:00:00,nelson_mandele_metro,18
73,4/19/2020 0:00:00,or_tambo,14
74,4/20/2020 0:00:00,or_tambo,0
75,4/26/2020 0:00:00,or_tambo,32
76,4/27/2020 0:00:00,or_tambo,2
77,4/29/2020 0:00:00,or_tambo,5
78,5/1/2020 0:00:00,or_tambo,5
79,5/2/2020 0:00:00,or_tambo,2
80,5/3/2020 0:00:00,or_tambo,12
81,5/4/2020 0:00:00,or_tambo,2
82,5/5/2020 0:00:00,or_tambo,1
83,5/6/2020 0:00:00,or_tambo,1
84,5/7/2020 0:00:00,or_tambo,1
85,4/19/2020 0:00:00,sarah_baartman_district,11
86,4/20/2020 0:00:00,sarah_baartman_district,3
87,4/26/2020 0:00:00,sarah_baartman_district,1
88,4/27/2020 0:00:00,sarah_baartman_district,1
89,4/29/2020 0:00:00,sarah_baartman_district,0
90,5/1/2020 0:00:00,sarah_baartman_district,0
91,5/2/2020 0:00:00,sarah_baartman_district,0
92,5/3/2020 0:00:00,sarah_baartman_district,0
93,5/4/2020 0:00:00,sarah_baartman_district,8
94,5/5/2020 0:00:00,sarah_baartman_district,8
95,5/6/2020 0:00:00,sarah_baartman_district,1
96,5/7/2020 0:00:00,sarah_baartman_district,0
