<metadata xml:lang="en"><Esri><CreaDate>20221102</CreaDate><CreaTime>03353900</CreaTime><ArcGISFormat>1.0</ArcGISFormat><SyncOnce>FALSE</SyncOnce><DataProperties><itemProps><itemName Sync="TRUE">lp.csv</itemName><imsContentType Sync="TRUE">005</imsContentType><itemLocation><linkage Sync="TRUE">file://\\DOCTORSHANDU-PC\C$\Users\Doctor Shandu\OneDrive - University of Witwatersrand\MODULES\GEOG 7029A_Advanced_App_GIS\Assignment\Mini_Project\Data\Github\South_Africa\Data\Dataset\District_Data\Transpose\lp.csv</linkage><protocol Sync="TRUE">Local Area Network</protocol></itemLocation><itemSize Sync="TRUE">0.000</itemSize></itemProps><lineage><Process ToolSource="g:\arcgis\arcpro\programs\Resources\ArcToolbox\toolboxes\Data Management Tools.tbx\TransposeFields" Date="20221102" Time="033539">TransposeFields provincial_lp_cumulative.csv "DC33 DC33;DC34 DC34;DC35 DC35;DC36 DC36;DC47 DC47;LIM331 LIM331;LIM332 LIM332;LIM333 LIM333;LIM334 LIM334;LIM335 LIM335;LIM341 LIM341;LIM343 LIM343;LIM344 LIM344;LIM345 LIM345;LIM351 LIM351;LIM353 LIM353;LIM354 LIM354;LIM355 LIM355;LIM361 LIM361;LIM362 LIM362;LIM366 LIM366;LIM367 LIM367;LIM368 LIM368;LIM471 LIM471;LIM472 LIM472;LIM473 LIM473;LIM476 LIM476" "C:\Users\Doctor Shandu\OneDrive - University of Witwatersrand\MODULES\GEOG 7029A_Advanced_App_GIS\Assignment\Mini_Project\Data\Github\South_Africa\ArcGIS\Project\Covid-19\Covid-19.gdb\provincial_lp_cumulative_Tra" District DailyCases date</Process><Process ToolSource="g:\arcgis\arcpro\programs\Resources\ArcToolbox\toolboxes\Conversion Tools.tbx\TableToTable" Date="20221102" Time="034229">TableToTable provincial_lp_cumulative_Tra "C:\Users\Doctor Shandu\OneDrive - University of Witwatersrand\MODULES\GEOG 7029A_Advanced_App_GIS\Assignment\Mini_Project\Data\Github\South_Africa\Data\Dataset\District_Data\Transpose" lp.csv # "date "date" true true false 8 Date 0 0,First,#,C:\Users\Doctor Shandu\OneDrive - University of Witwatersrand\MODULES\GEOG 7029A_Advanced_App_GIS\Assignment\Mini_Project\Data\Github\South_Africa\ArcGIS\Project\Covid-19\Covid-19.gdb\provincial_lp_cumulative_Tra,date,-1,-1;District "District" true true false 255 Text 0 0,First,#,C:\Users\Doctor Shandu\OneDrive - University of Witwatersrand\MODULES\GEOG 7029A_Advanced_App_GIS\Assignment\Mini_Project\Data\Github\South_Africa\ArcGIS\Project\Covid-19\Covid-19.gdb\provincial_lp_cumulative_Tra,District,0,255;DailyCases "DailyCases" true true false 255 Text 0 0,First,#,C:\Users\Doctor Shandu\OneDrive - University of Witwatersrand\MODULES\GEOG 7029A_Advanced_App_GIS\Assignment\Mini_Project\Data\Github\South_Africa\ArcGIS\Project\Covid-19\Covid-19.gdb\provincial_lp_cumulative_Tra,DailyCases,0,255" #</Process></lineage></DataProperties><SyncDate>20221102</SyncDate><SyncTime>03422800</SyncTime><ModDate>20221102</ModDate><ModTime>03422800</ModTime></Esri><dataIdInfo><envirDesc Sync="TRUE">Microsoft Windows 10 Version 10.0 (Build 19044) ; Esri ArcGIS 12.6.0.24783</envirDesc><dataLang><languageCode value="eng" Sync="TRUE"></languageCode><countryCode value="USA" Sync="TRUE"></countryCode></dataLang><idCitation><resTitle Sync="TRUE">lp.csv</resTitle><presForm><PresFormCd value="001" Sync="TRUE"></PresFormCd></presForm></idCitation><spatRpType><SpatRepTypCd value="003" Sync="TRUE"></SpatRepTypCd></spatRpType></dataIdInfo><mdLang><languageCode value="eng" Sync="TRUE"></languageCode><countryCode value="USA" Sync="TRUE"></countryCode></mdLang><distInfo><distFormat><formatName Sync="TRUE">Text File</formatName></distFormat><distTranOps><transSize Sync="TRUE">0.000</transSize></distTranOps></distInfo><mdHrLv><ScopeCd value="007" Sync="TRUE"></ScopeCd></mdHrLv><mdHrLvName Sync="TRUE">non-geographic dataset</mdHrLvName><eainfo><detailed Name="lp.csv"><enttyp><enttypl Sync="TRUE">lp.csv</enttypl><enttypt Sync="TRUE">Table</enttypt><enttypc Sync="TRUE">0</enttypc></enttyp><attr><attrlabl Sync="TRUE">OBJECTID</attrlabl><attalias Sync="TRUE">OBJECTID</attalias><attrtype Sync="TRUE">Integer</attrtype><attwidth Sync="TRUE">4</attwidth><atprecis Sync="TRUE">0</atprecis><attscale Sync="TRUE">0</attscale><attrdef Sync="TRUE">Internal feature number.</attrdef><attrdefs Sync="TRUE">Esri</attrdefs><attrdomv><udom Sync="TRUE">Sequential unique whole numbers that are automatically generated.</udom></attrdomv></attr><attr><attrlabl Sync="TRUE">date</attrlabl><attalias Sync="TRUE">date</attalias><attrtype Sync="TRUE">Date</attrtype><attwidth Sync="TRUE">8</attwidth><atprecis Sync="TRUE">0</atprecis><attscale Sync="TRUE">0</attscale></attr><attr><attrlabl Sync="TRUE">District</attrlabl><attalias Sync="TRUE">District</attalias><attrtype Sync="TRUE">String</attrtype><attwidth Sync="TRUE">255</attwidth><atprecis Sync="TRUE">0</atprecis><attscale Sync="TRUE">0</attscale></attr><attr><attrlabl Sync="TRUE">DailyCases</attrlabl><attalias Sync="TRUE">DailyCases</attalias><attrtype Sync="TRUE">String</attrtype><attwidth Sync="TRUE">255</attwidth><atprecis Sync="TRUE">0</atprecis><attscale Sync="TRUE">0</attscale></attr></detailed></eainfo><mdDateSt Sync="TRUE">20221102</mdDateSt></metadata>
