﻿OBJECTID,Date,District,DailyCases
1,4/27/2020 0:00:00,Francis Baard-Cases,11
2,4/28/2020 0:00:00,Francis Baard-Cases,0
3,4/29/2020 0:00:00,Francis Baard-Cases,0
4,4/30/2020 0:00:00,Francis Baard-Cases,0
5,5/1/2020 0:00:00,Francis Baard-Cases,0
6,5/2/2020 0:00:00,Francis Baard-Cases,1
7,5/3/2020 0:00:00,Francis Baard-Cases,6
8,5/4/2020 0:00:00,Francis Baard-Cases,1
9,5/5/2020 0:00:00,Francis Baard-Cases,1
10,5/6/2020 0:00:00,Francis Baard-Cases,0
11,5/7/2020 0:00:00,Francis Baard-Cases,1
12,5/8/2020 0:00:00,Francis Baard-Cases,0
13,5/9/2020 0:00:00,Francis Baard-Cases,1
14,5/10/2020 0:00:00,Francis Baard-Cases,0
15,5/11/2020 0:00:00,Francis Baard-Cases,0
16,5/12/2020 0:00:00,Francis Baard-Cases,0
17,5/13/2020 0:00:00,Francis Baard-Cases,0
18,5/14/2020 0:00:00,Francis Baard-Cases,1
19,5/15/2020 0:00:00,Francis Baard-Cases,1
20,5/16/2020 0:00:00,Francis Baard-Cases,1
21,5/17/2020 0:00:00,Francis Baard-Cases,1
22,5/18/2020 0:00:00,Francis Baard-Cases,0
23,5/19/2020 0:00:00,Francis Baard-Cases,0
24,5/20/2020 0:00:00,Francis Baard-Cases,1
25,5/21/2020 0:00:00,Francis Baard-Cases,0
26,5/22/2020 0:00:00,Francis Baard-Cases,1
27,5/23/2020 0:00:00,Francis Baard-Cases,0
28,5/24/2020 0:00:00,Francis Baard-Cases,0
29,5/25/2020 0:00:00,Francis Baard-Cases,2
30,5/26/2020 0:00:00,Francis Baard-Cases,0
31,5/27/2020 0:00:00,Francis Baard-Cases,0
32,5/28/2020 0:00:00,Francis Baard-Cases,0
33,5/30/2020 0:00:00,Francis Baard-Cases,2
34,5/31/2020 0:00:00,Francis Baard-Cases,5
35,6/1/2020 0:00:00,Francis Baard-Cases,0
36,6/2/2020 0:00:00,Francis Baard-Cases,0
37,6/3/2020 0:00:00,Francis Baard-Cases,3
38,6/4/2020 0:00:00,Francis Baard-Cases,1
39,6/5/2020 0:00:00,Francis Baard-Cases,1
40,6/6/2020 0:00:00,Francis Baard-Cases,0
41,6/7/2020 0:00:00,Francis Baard-Cases,5
42,6/8/2020 0:00:00,Francis Baard-Cases,0
43,6/9/2020 0:00:00,Francis Baard-Cases,1
44,6/10/2020 0:00:00,Francis Baard-Cases,1
45,6/11/2020 0:00:00,Francis Baard-Cases,1
46,6/12/2020 0:00:00,Francis Baard-Cases,4
47,6/13/2020 0:00:00,Francis Baard-Cases,2
48,6/14/2020 0:00:00,Francis Baard-Cases,1
49,6/15/2020 0:00:00,Francis Baard-Cases,3
50,6/16/2020 0:00:00,Francis Baard-Cases,0
51,6/17/2020 0:00:00,Francis Baard-Cases,0
52,6/18/2020 0:00:00,Francis Baard-Cases,0
53,6/19/2020 0:00:00,Francis Baard-Cases,3
54,6/20/2020 0:00:00,Francis Baard-Cases,2
55,6/21/2020 0:00:00,Francis Baard-Cases,2
56,6/22/2020 0:00:00,Francis Baard-Cases,3
57,6/23/2020 0:00:00,Francis Baard-Cases,3
58,6/24/2020 0:00:00,Francis Baard-Cases,4
59,6/25/2020 0:00:00,Francis Baard-Cases,10
60,6/26/2020 0:00:00,Francis Baard-Cases,7
61,6/27/2020 0:00:00,Francis Baard-Cases,7
62,6/28/2020 0:00:00,Francis Baard-Cases,16
63,6/29/2020 0:00:00,Francis Baard-Cases,6
64,6/30/2020 0:00:00,Francis Baard-Cases,16
65,7/1/2020 0:00:00,Francis Baard-Cases,14
66,7/2/2020 0:00:00,Francis Baard-Cases,25
67,7/3/2020 0:00:00,Francis Baard-Cases,24
68,7/5/2020 0:00:00,Francis Baard-Cases,45
69,7/6/2020 0:00:00,Francis Baard-Cases,27
70,7/7/2020 0:00:00,Francis Baard-Cases,37
71,7/8/2020 0:00:00,Francis Baard-Cases,22
72,7/9/2020 0:00:00,Francis Baard-Cases,32
73,7/10/2020 0:00:00,Francis Baard-Cases,60
74,7/11/2020 0:00:00,Francis Baard-Cases,39
75,7/12/2020 0:00:00,Francis Baard-Cases,60
76,7/13/2020 0:00:00,Francis Baard-Cases,51
77,7/14/2020 0:00:00,Francis Baard-Cases,22
78,7/15/2020 0:00:00,Francis Baard-Cases,41
79,7/16/2020 0:00:00,Francis Baard-Cases,67
80,7/17/2020 0:00:00,Francis Baard-Cases,76
81,7/18/2020 0:00:00,Francis Baard-Cases,67
82,7/19/2020 0:00:00,Francis Baard-Cases,38
83,7/21/2020 0:00:00,Francis Baard-Cases,104
84,7/22/2020 0:00:00,Francis Baard-Cases,87
85,7/23/2020 0:00:00,Francis Baard-Cases,88
86,7/24/2020 0:00:00,Francis Baard-Cases,79
87,7/25/2020 0:00:00,Francis Baard-Cases,86
88,7/26/2020 0:00:00,Francis Baard-Cases,103
89,7/27/2020 0:00:00,Francis Baard-Cases,81
90,7/28/2020 0:00:00,Francis Baard-Cases,45
91,7/29/2020 0:00:00,Francis Baard-Cases,87
92,7/30/2020 0:00:00,Francis Baard-Cases,105
93,7/31/2020 0:00:00,Francis Baard-Cases,122
94,8/1/2020 0:00:00,Francis Baard-Cases,63
95,8/2/2020 0:00:00,Francis Baard-Cases,69
96,8/3/2020 0:00:00,Francis Baard-Cases,71
97,8/4/2020 0:00:00,Francis Baard-Cases,0
98,8/5/2020 0:00:00,Francis Baard-Cases,143
99,8/6/2020 0:00:00,Francis Baard-Cases,111
100,8/7/2020 0:00:00,Francis Baard-Cases,102
101,8/8/2020 0:00:00,Francis Baard-Cases,101
102,8/9/2020 0:00:00,Francis Baard-Cases,45
103,8/10/2020 0:00:00,Francis Baard-Cases,67
104,8/11/2020 0:00:00,Francis Baard-Cases,27
105,8/12/2020 0:00:00,Francis Baard-Cases,64
106,8/13/2020 0:00:00,Francis Baard-Cases,60
107,8/14/2020 0:00:00,Francis Baard-Cases,137
108,8/15/2020 0:00:00,Francis Baard-Cases,100
109,8/16/2020 0:00:00,Francis Baard-Cases,51
110,8/17/2020 0:00:00,Francis Baard-Cases,59
111,8/18/2020 0:00:00,Francis Baard-Cases,51
112,8/19/2020 0:00:00,Francis Baard-Cases,107
113,8/20/2020 0:00:00,Francis Baard-Cases,120
114,8/21/2020 0:00:00,Francis Baard-Cases,76
115,8/22/2020 0:00:00,Francis Baard-Cases,94
116,8/23/2020 0:00:00,Francis Baard-Cases,63
117,8/24/2020 0:00:00,Francis Baard-Cases,73
118,8/25/2020 0:00:00,Francis Baard-Cases,29
119,8/26/2020 0:00:00,Francis Baard-Cases,72
120,8/27/2020 0:00:00,Francis Baard-Cases,110
121,8/28/2020 0:00:00,Francis Baard-Cases,60
122,4/27/2020 0:00:00,John Taolo Gaetswe-Cases,0
123,4/28/2020 0:00:00,John Taolo Gaetswe-Cases,0
124,4/29/2020 0:00:00,John Taolo Gaetswe-Cases,0
125,4/30/2020 0:00:00,John Taolo Gaetswe-Cases,0
126,5/1/2020 0:00:00,John Taolo Gaetswe-Cases,0
127,5/2/2020 0:00:00,John Taolo Gaetswe-Cases,0
128,5/3/2020 0:00:00,John Taolo Gaetswe-Cases,0
129,5/4/2020 0:00:00,John Taolo Gaetswe-Cases,0
130,5/5/2020 0:00:00,John Taolo Gaetswe-Cases,0
131,5/6/2020 0:00:00,John Taolo Gaetswe-Cases,0
132,5/7/2020 0:00:00,John Taolo Gaetswe-Cases,0
133,5/8/2020 0:00:00,John Taolo Gaetswe-Cases,0
134,5/9/2020 0:00:00,John Taolo Gaetswe-Cases,0
135,5/10/2020 0:00:00,John Taolo Gaetswe-Cases,1
136,5/11/2020 0:00:00,John Taolo Gaetswe-Cases,0
137,5/12/2020 0:00:00,John Taolo Gaetswe-Cases,0
138,5/13/2020 0:00:00,John Taolo Gaetswe-Cases,0
139,5/14/2020 0:00:00,John Taolo Gaetswe-Cases,0
140,5/15/2020 0:00:00,John Taolo Gaetswe-Cases,2
141,5/16/2020 0:00:00,John Taolo Gaetswe-Cases,0
142,5/17/2020 0:00:00,John Taolo Gaetswe-Cases,0
143,5/18/2020 0:00:00,John Taolo Gaetswe-Cases,0
144,5/19/2020 0:00:00,John Taolo Gaetswe-Cases,0
145,5/20/2020 0:00:00,John Taolo Gaetswe-Cases,0
146,5/21/2020 0:00:00,John Taolo Gaetswe-Cases,0
147,5/22/2020 0:00:00,John Taolo Gaetswe-Cases,0
148,5/23/2020 0:00:00,John Taolo Gaetswe-Cases,0
149,5/24/2020 0:00:00,John Taolo Gaetswe-Cases,0
150,5/25/2020 0:00:00,John Taolo Gaetswe-Cases,0
151,5/26/2020 0:00:00,John Taolo Gaetswe-Cases,0
152,5/27/2020 0:00:00,John Taolo Gaetswe-Cases,0
153,5/28/2020 0:00:00,John Taolo Gaetswe-Cases,0
154,5/30/2020 0:00:00,John Taolo Gaetswe-Cases,0
155,5/31/2020 0:00:00,John Taolo Gaetswe-Cases,0
156,6/1/2020 0:00:00,John Taolo Gaetswe-Cases,1
157,6/2/2020 0:00:00,John Taolo Gaetswe-Cases,0
158,6/3/2020 0:00:00,John Taolo Gaetswe-Cases,0
159,6/4/2020 0:00:00,John Taolo Gaetswe-Cases,0
160,6/5/2020 0:00:00,John Taolo Gaetswe-Cases,0
161,6/6/2020 0:00:00,John Taolo Gaetswe-Cases,0
162,6/7/2020 0:00:00,John Taolo Gaetswe-Cases,1
163,6/8/2020 0:00:00,John Taolo Gaetswe-Cases,0
164,6/9/2020 0:00:00,John Taolo Gaetswe-Cases,1
165,6/10/2020 0:00:00,John Taolo Gaetswe-Cases,0
166,6/11/2020 0:00:00,John Taolo Gaetswe-Cases,0
167,6/12/2020 0:00:00,John Taolo Gaetswe-Cases,0
168,6/13/2020 0:00:00,John Taolo Gaetswe-Cases,0
169,6/14/2020 0:00:00,John Taolo Gaetswe-Cases,0
170,6/15/2020 0:00:00,John Taolo Gaetswe-Cases,1
171,6/16/2020 0:00:00,John Taolo Gaetswe-Cases,1
172,6/17/2020 0:00:00,John Taolo Gaetswe-Cases,0
173,6/18/2020 0:00:00,John Taolo Gaetswe-Cases,0
174,6/19/2020 0:00:00,John Taolo Gaetswe-Cases,0
175,6/20/2020 0:00:00,John Taolo Gaetswe-Cases,3
176,6/21/2020 0:00:00,John Taolo Gaetswe-Cases,0
177,6/22/2020 0:00:00,John Taolo Gaetswe-Cases,2
178,6/23/2020 0:00:00,John Taolo Gaetswe-Cases,0
179,6/24/2020 0:00:00,John Taolo Gaetswe-Cases,0
180,6/25/2020 0:00:00,John Taolo Gaetswe-Cases,2
181,6/26/2020 0:00:00,John Taolo Gaetswe-Cases,1
182,6/27/2020 0:00:00,John Taolo Gaetswe-Cases,1
183,6/28/2020 0:00:00,John Taolo Gaetswe-Cases,4
184,6/29/2020 0:00:00,John Taolo Gaetswe-Cases,4
185,6/30/2020 0:00:00,John Taolo Gaetswe-Cases,3
186,7/1/2020 0:00:00,John Taolo Gaetswe-Cases,3
187,7/2/2020 0:00:00,John Taolo Gaetswe-Cases,5
188,7/3/2020 0:00:00,John Taolo Gaetswe-Cases,6
189,7/5/2020 0:00:00,John Taolo Gaetswe-Cases,31
190,7/6/2020 0:00:00,John Taolo Gaetswe-Cases,10
191,7/7/2020 0:00:00,John Taolo Gaetswe-Cases,17
192,7/8/2020 0:00:00,John Taolo Gaetswe-Cases,3
193,7/9/2020 0:00:00,John Taolo Gaetswe-Cases,10
194,7/10/2020 0:00:00,John Taolo Gaetswe-Cases,23
195,7/11/2020 0:00:00,John Taolo Gaetswe-Cases,23
196,7/12/2020 0:00:00,John Taolo Gaetswe-Cases,17
197,7/13/2020 0:00:00,John Taolo Gaetswe-Cases,25
198,7/14/2020 0:00:00,John Taolo Gaetswe-Cases,5
199,7/15/2020 0:00:00,John Taolo Gaetswe-Cases,3
200,7/16/2020 0:00:00,John Taolo Gaetswe-Cases,26
201,7/17/2020 0:00:00,John Taolo Gaetswe-Cases,40
202,7/18/2020 0:00:00,John Taolo Gaetswe-Cases,12
203,7/19/2020 0:00:00,John Taolo Gaetswe-Cases,12
204,7/21/2020 0:00:00,John Taolo Gaetswe-Cases,63
205,7/22/2020 0:00:00,John Taolo Gaetswe-Cases,22
206,7/23/2020 0:00:00,John Taolo Gaetswe-Cases,70
207,7/24/2020 0:00:00,John Taolo Gaetswe-Cases,42
208,7/25/2020 0:00:00,John Taolo Gaetswe-Cases,55
209,7/26/2020 0:00:00,John Taolo Gaetswe-Cases,68
210,7/27/2020 0:00:00,John Taolo Gaetswe-Cases,67
211,7/28/2020 0:00:00,John Taolo Gaetswe-Cases,49
212,7/29/2020 0:00:00,John Taolo Gaetswe-Cases,11
213,7/30/2020 0:00:00,John Taolo Gaetswe-Cases,42
214,7/31/2020 0:00:00,John Taolo Gaetswe-Cases,91
215,8/1/2020 0:00:00,John Taolo Gaetswe-Cases,55
216,8/2/2020 0:00:00,John Taolo Gaetswe-Cases,43
217,8/3/2020 0:00:00,John Taolo Gaetswe-Cases,28
218,8/4/2020 0:00:00,John Taolo Gaetswe-Cases,0
219,8/5/2020 0:00:00,John Taolo Gaetswe-Cases,85
220,8/6/2020 0:00:00,John Taolo Gaetswe-Cases,81
221,8/7/2020 0:00:00,John Taolo Gaetswe-Cases,80
222,8/8/2020 0:00:00,John Taolo Gaetswe-Cases,32
223,8/9/2020 0:00:00,John Taolo Gaetswe-Cases,115
224,8/10/2020 0:00:00,John Taolo Gaetswe-Cases,43
225,8/11/2020 0:00:00,John Taolo Gaetswe-Cases,18
226,8/12/2020 0:00:00,John Taolo Gaetswe-Cases,10
227,8/13/2020 0:00:00,John Taolo Gaetswe-Cases,45
228,8/14/2020 0:00:00,John Taolo Gaetswe-Cases,64
229,8/15/2020 0:00:00,John Taolo Gaetswe-Cases,45
230,8/16/2020 0:00:00,John Taolo Gaetswe-Cases,30
231,8/17/2020 0:00:00,John Taolo Gaetswe-Cases,57
232,8/18/2020 0:00:00,John Taolo Gaetswe-Cases,18
233,8/19/2020 0:00:00,John Taolo Gaetswe-Cases,46
234,8/20/2020 0:00:00,John Taolo Gaetswe-Cases,36
235,8/21/2020 0:00:00,John Taolo Gaetswe-Cases,74
236,8/22/2020 0:00:00,John Taolo Gaetswe-Cases,17
237,8/23/2020 0:00:00,John Taolo Gaetswe-Cases,43
238,8/24/2020 0:00:00,John Taolo Gaetswe-Cases,54
239,8/25/2020 0:00:00,John Taolo Gaetswe-Cases,13
240,8/26/2020 0:00:00,John Taolo Gaetswe-Cases,9
241,8/27/2020 0:00:00,John Taolo Gaetswe-Cases,43
242,8/28/2020 0:00:00,John Taolo Gaetswe-Cases,55
243,4/27/2020 0:00:00,Namakwa-Cases,3
244,4/28/2020 0:00:00,Namakwa-Cases,0
245,4/29/2020 0:00:00,Namakwa-Cases,0
246,4/30/2020 0:00:00,Namakwa-Cases,0
247,5/1/2020 0:00:00,Namakwa-Cases,0
248,5/2/2020 0:00:00,Namakwa-Cases,0
249,5/3/2020 0:00:00,Namakwa-Cases,0
250,5/4/2020 0:00:00,Namakwa-Cases,0
251,5/5/2020 0:00:00,Namakwa-Cases,0
252,5/6/2020 0:00:00,Namakwa-Cases,0
253,5/7/2020 0:00:00,Namakwa-Cases,0
254,5/8/2020 0:00:00,Namakwa-Cases,0
255,5/9/2020 0:00:00,Namakwa-Cases,0
256,5/10/2020 0:00:00,Namakwa-Cases,0
257,5/11/2020 0:00:00,Namakwa-Cases,0
258,5/12/2020 0:00:00,Namakwa-Cases,0
259,5/13/2020 0:00:00,Namakwa-Cases,0
260,5/14/2020 0:00:00,Namakwa-Cases,0
261,5/15/2020 0:00:00,Namakwa-Cases,0
262,5/16/2020 0:00:00,Namakwa-Cases,0
263,5/17/2020 0:00:00,Namakwa-Cases,0
264,5/18/2020 0:00:00,Namakwa-Cases,0
265,5/19/2020 0:00:00,Namakwa-Cases,0
266,5/20/2020 0:00:00,Namakwa-Cases,0
267,5/21/2020 0:00:00,Namakwa-Cases,0
268,5/22/2020 0:00:00,Namakwa-Cases,0
269,5/23/2020 0:00:00,Namakwa-Cases,0
270,5/24/2020 0:00:00,Namakwa-Cases,0
271,5/25/2020 0:00:00,Namakwa-Cases,0
272,5/26/2020 0:00:00,Namakwa-Cases,0
273,5/27/2020 0:00:00,Namakwa-Cases,0
274,5/28/2020 0:00:00,Namakwa-Cases,0
275,5/30/2020 0:00:00,Namakwa-Cases,0
276,5/31/2020 0:00:00,Namakwa-Cases,0
277,6/1/2020 0:00:00,Namakwa-Cases,0
278,6/2/2020 0:00:00,Namakwa-Cases,0
279,6/3/2020 0:00:00,Namakwa-Cases,0
280,6/4/2020 0:00:00,Namakwa-Cases,2
281,6/5/2020 0:00:00,Namakwa-Cases,1
282,6/6/2020 0:00:00,Namakwa-Cases,0
283,6/7/2020 0:00:00,Namakwa-Cases,0
284,6/8/2020 0:00:00,Namakwa-Cases,0
285,6/9/2020 0:00:00,Namakwa-Cases,0
286,6/10/2020 0:00:00,Namakwa-Cases,0
287,6/11/2020 0:00:00,Namakwa-Cases,0
288,6/12/2020 0:00:00,Namakwa-Cases,0
289,6/13/2020 0:00:00,Namakwa-Cases,0
290,6/14/2020 0:00:00,Namakwa-Cases,0
291,6/15/2020 0:00:00,Namakwa-Cases,1
292,6/16/2020 0:00:00,Namakwa-Cases,1
293,6/17/2020 0:00:00,Namakwa-Cases,0
294,6/18/2020 0:00:00,Namakwa-Cases,0
295,6/19/2020 0:00:00,Namakwa-Cases,0
296,6/20/2020 0:00:00,Namakwa-Cases,3
297,6/21/2020 0:00:00,Namakwa-Cases,1
298,6/22/2020 0:00:00,Namakwa-Cases,2
299,6/23/2020 0:00:00,Namakwa-Cases,1
300,6/24/2020 0:00:00,Namakwa-Cases,0
301,6/25/2020 0:00:00,Namakwa-Cases,1
302,6/26/2020 0:00:00,Namakwa-Cases,0
303,6/27/2020 0:00:00,Namakwa-Cases,0
304,6/28/2020 0:00:00,Namakwa-Cases,1
305,6/29/2020 0:00:00,Namakwa-Cases,1
306,6/30/2020 0:00:00,Namakwa-Cases,2
307,7/1/2020 0:00:00,Namakwa-Cases,0
308,7/2/2020 0:00:00,Namakwa-Cases,3
309,7/3/2020 0:00:00,Namakwa-Cases,4
310,7/5/2020 0:00:00,Namakwa-Cases,0
311,7/6/2020 0:00:00,Namakwa-Cases,3
312,7/7/2020 0:00:00,Namakwa-Cases,0
313,7/8/2020 0:00:00,Namakwa-Cases,8
314,7/9/2020 0:00:00,Namakwa-Cases,3
315,7/10/2020 0:00:00,Namakwa-Cases,1
316,7/11/2020 0:00:00,Namakwa-Cases,3
317,7/12/2020 0:00:00,Namakwa-Cases,7
318,7/13/2020 0:00:00,Namakwa-Cases,9
319,7/14/2020 0:00:00,Namakwa-Cases,0
320,7/15/2020 0:00:00,Namakwa-Cases,0
321,7/16/2020 0:00:00,Namakwa-Cases,0
322,7/17/2020 0:00:00,Namakwa-Cases,2
323,7/18/2020 0:00:00,Namakwa-Cases,6
324,7/19/2020 0:00:00,Namakwa-Cases,2
325,7/21/2020 0:00:00,Namakwa-Cases,2
326,7/22/2020 0:00:00,Namakwa-Cases,4
327,7/23/2020 0:00:00,Namakwa-Cases,8
328,7/24/2020 0:00:00,Namakwa-Cases,14
329,7/25/2020 0:00:00,Namakwa-Cases,7
330,7/26/2020 0:00:00,Namakwa-Cases,8
331,7/27/2020 0:00:00,Namakwa-Cases,1
332,7/28/2020 0:00:00,Namakwa-Cases,0
333,7/29/2020 0:00:00,Namakwa-Cases,1
334,7/30/2020 0:00:00,Namakwa-Cases,7
335,7/31/2020 0:00:00,Namakwa-Cases,6
336,8/1/2020 0:00:00,Namakwa-Cases,2
337,8/2/2020 0:00:00,Namakwa-Cases,5
338,8/3/2020 0:00:00,Namakwa-Cases,3
339,8/4/2020 0:00:00,Namakwa-Cases,0
340,8/5/2020 0:00:00,Namakwa-Cases,2
341,8/6/2020 0:00:00,Namakwa-Cases,4
342,8/7/2020 0:00:00,Namakwa-Cases,2
343,8/8/2020 0:00:00,Namakwa-Cases,3
344,8/9/2020 0:00:00,Namakwa-Cases,8
345,8/10/2020 0:00:00,Namakwa-Cases,4
346,8/11/2020 0:00:00,Namakwa-Cases,0
347,8/12/2020 0:00:00,Namakwa-Cases,1
348,8/13/2020 0:00:00,Namakwa-Cases,0
349,8/14/2020 0:00:00,Namakwa-Cases,17
350,8/15/2020 0:00:00,Namakwa-Cases,7
351,8/16/2020 0:00:00,Namakwa-Cases,4
352,8/17/2020 0:00:00,Namakwa-Cases,4
353,8/18/2020 0:00:00,Namakwa-Cases,0
354,8/19/2020 0:00:00,Namakwa-Cases,8
355,8/20/2020 0:00:00,Namakwa-Cases,7
356,8/21/2020 0:00:00,Namakwa-Cases,2
357,8/22/2020 0:00:00,Namakwa-Cases,3
358,8/23/2020 0:00:00,Namakwa-Cases,5
359,8/24/2020 0:00:00,Namakwa-Cases,47
360,8/25/2020 0:00:00,Namakwa-Cases,2
361,8/26/2020 0:00:00,Namakwa-Cases,3
362,8/27/2020 0:00:00,Namakwa-Cases,4
363,8/28/2020 0:00:00,Namakwa-Cases,12
364,4/27/2020 0:00:00,Pixley Ka Seme-Cases,1
365,4/28/2020 0:00:00,Pixley Ka Seme-Cases,0
366,4/29/2020 0:00:00,Pixley Ka Seme-Cases,0
367,4/30/2020 0:00:00,Pixley Ka Seme-Cases,0
368,5/1/2020 0:00:00,Pixley Ka Seme-Cases,0
369,5/2/2020 0:00:00,Pixley Ka Seme-Cases,0
370,5/3/2020 0:00:00,Pixley Ka Seme-Cases,0
371,5/4/2020 0:00:00,Pixley Ka Seme-Cases,0
372,5/5/2020 0:00:00,Pixley Ka Seme-Cases,0
373,5/6/2020 0:00:00,Pixley Ka Seme-Cases,0
374,5/7/2020 0:00:00,Pixley Ka Seme-Cases,0
375,5/8/2020 0:00:00,Pixley Ka Seme-Cases,0
376,5/9/2020 0:00:00,Pixley Ka Seme-Cases,0
377,5/10/2020 0:00:00,Pixley Ka Seme-Cases,0
378,5/11/2020 0:00:00,Pixley Ka Seme-Cases,0
379,5/12/2020 0:00:00,Pixley Ka Seme-Cases,0
380,5/13/2020 0:00:00,Pixley Ka Seme-Cases,0
381,5/14/2020 0:00:00,Pixley Ka Seme-Cases,0
382,5/15/2020 0:00:00,Pixley Ka Seme-Cases,0
383,5/16/2020 0:00:00,Pixley Ka Seme-Cases,0
384,5/17/2020 0:00:00,Pixley Ka Seme-Cases,0
385,5/18/2020 0:00:00,Pixley Ka Seme-Cases,1
386,5/19/2020 0:00:00,Pixley Ka Seme-Cases,0
387,5/20/2020 0:00:00,Pixley Ka Seme-Cases,0
388,5/21/2020 0:00:00,Pixley Ka Seme-Cases,0
389,5/22/2020 0:00:00,Pixley Ka Seme-Cases,0
390,5/23/2020 0:00:00,Pixley Ka Seme-Cases,0
391,5/24/2020 0:00:00,Pixley Ka Seme-Cases,0
392,5/25/2020 0:00:00,Pixley Ka Seme-Cases,2
393,5/26/2020 0:00:00,Pixley Ka Seme-Cases,0
394,5/27/2020 0:00:00,Pixley Ka Seme-Cases,3
395,5/28/2020 0:00:00,Pixley Ka Seme-Cases,0
396,5/30/2020 0:00:00,Pixley Ka Seme-Cases,5
397,5/31/2020 0:00:00,Pixley Ka Seme-Cases,3
398,6/1/2020 0:00:00,Pixley Ka Seme-Cases,13
399,6/2/2020 0:00:00,Pixley Ka Seme-Cases,0
400,6/3/2020 0:00:00,Pixley Ka Seme-Cases,6
401,6/4/2020 0:00:00,Pixley Ka Seme-Cases,0
402,6/5/2020 0:00:00,Pixley Ka Seme-Cases,4
403,6/6/2020 0:00:00,Pixley Ka Seme-Cases,1
404,6/7/2020 0:00:00,Pixley Ka Seme-Cases,3
405,6/8/2020 0:00:00,Pixley Ka Seme-Cases,0
406,6/9/2020 0:00:00,Pixley Ka Seme-Cases,5
407,6/10/2020 0:00:00,Pixley Ka Seme-Cases,1
408,6/11/2020 0:00:00,Pixley Ka Seme-Cases,5
409,6/12/2020 0:00:00,Pixley Ka Seme-Cases,1
410,6/13/2020 0:00:00,Pixley Ka Seme-Cases,2
411,6/14/2020 0:00:00,Pixley Ka Seme-Cases,3
412,6/15/2020 0:00:00,Pixley Ka Seme-Cases,3
413,6/16/2020 0:00:00,Pixley Ka Seme-Cases,1
414,6/17/2020 0:00:00,Pixley Ka Seme-Cases,0
415,6/18/2020 0:00:00,Pixley Ka Seme-Cases,3
416,6/19/2020 0:00:00,Pixley Ka Seme-Cases,0
417,6/20/2020 0:00:00,Pixley Ka Seme-Cases,4
418,6/21/2020 0:00:00,Pixley Ka Seme-Cases,2
419,6/22/2020 0:00:00,Pixley Ka Seme-Cases,10
420,6/23/2020 0:00:00,Pixley Ka Seme-Cases,11
421,6/24/2020 0:00:00,Pixley Ka Seme-Cases,23
422,6/25/2020 0:00:00,Pixley Ka Seme-Cases,3
423,6/26/2020 0:00:00,Pixley Ka Seme-Cases,8
424,6/27/2020 0:00:00,Pixley Ka Seme-Cases,10
425,6/28/2020 0:00:00,Pixley Ka Seme-Cases,10
426,6/29/2020 0:00:00,Pixley Ka Seme-Cases,6
427,6/30/2020 0:00:00,Pixley Ka Seme-Cases,36
428,7/1/2020 0:00:00,Pixley Ka Seme-Cases,11
429,7/2/2020 0:00:00,Pixley Ka Seme-Cases,43
430,7/3/2020 0:00:00,Pixley Ka Seme-Cases,13
431,7/5/2020 0:00:00,Pixley Ka Seme-Cases,20
432,7/6/2020 0:00:00,Pixley Ka Seme-Cases,44
433,7/7/2020 0:00:00,Pixley Ka Seme-Cases,17
434,7/8/2020 0:00:00,Pixley Ka Seme-Cases,47
435,7/9/2020 0:00:00,Pixley Ka Seme-Cases,10
436,7/10/2020 0:00:00,Pixley Ka Seme-Cases,34
437,7/11/2020 0:00:00,Pixley Ka Seme-Cases,22
438,7/12/2020 0:00:00,Pixley Ka Seme-Cases,45
439,7/13/2020 0:00:00,Pixley Ka Seme-Cases,33
440,7/14/2020 0:00:00,Pixley Ka Seme-Cases,20
441,7/15/2020 0:00:00,Pixley Ka Seme-Cases,46
442,7/16/2020 0:00:00,Pixley Ka Seme-Cases,61
443,7/17/2020 0:00:00,Pixley Ka Seme-Cases,82
444,7/18/2020 0:00:00,Pixley Ka Seme-Cases,52
445,7/19/2020 0:00:00,Pixley Ka Seme-Cases,10
446,7/21/2020 0:00:00,Pixley Ka Seme-Cases,107
447,7/22/2020 0:00:00,Pixley Ka Seme-Cases,67
448,7/23/2020 0:00:00,Pixley Ka Seme-Cases,59
449,7/24/2020 0:00:00,Pixley Ka Seme-Cases,62
450,7/25/2020 0:00:00,Pixley Ka Seme-Cases,57
451,7/26/2020 0:00:00,Pixley Ka Seme-Cases,31
452,7/27/2020 0:00:00,Pixley Ka Seme-Cases,104
453,7/28/2020 0:00:00,Pixley Ka Seme-Cases,3
454,7/29/2020 0:00:00,Pixley Ka Seme-Cases,31
455,7/30/2020 0:00:00,Pixley Ka Seme-Cases,78
456,7/31/2020 0:00:00,Pixley Ka Seme-Cases,86
457,8/1/2020 0:00:00,Pixley Ka Seme-Cases,73
458,8/2/2020 0:00:00,Pixley Ka Seme-Cases,38
459,8/3/2020 0:00:00,Pixley Ka Seme-Cases,46
460,8/4/2020 0:00:00,Pixley Ka Seme-Cases,0
461,8/5/2020 0:00:00,Pixley Ka Seme-Cases,79
462,8/6/2020 0:00:00,Pixley Ka Seme-Cases,58
463,8/7/2020 0:00:00,Pixley Ka Seme-Cases,45
464,8/8/2020 0:00:00,Pixley Ka Seme-Cases,33
465,8/9/2020 0:00:00,Pixley Ka Seme-Cases,38
466,8/10/2020 0:00:00,Pixley Ka Seme-Cases,34
467,8/11/2020 0:00:00,Pixley Ka Seme-Cases,5
468,8/12/2020 0:00:00,Pixley Ka Seme-Cases,4
469,8/13/2020 0:00:00,Pixley Ka Seme-Cases,19
470,8/14/2020 0:00:00,Pixley Ka Seme-Cases,53
471,8/15/2020 0:00:00,Pixley Ka Seme-Cases,90
472,8/16/2020 0:00:00,Pixley Ka Seme-Cases,13
473,8/17/2020 0:00:00,Pixley Ka Seme-Cases,18
474,8/18/2020 0:00:00,Pixley Ka Seme-Cases,17
475,8/19/2020 0:00:00,Pixley Ka Seme-Cases,22
476,8/20/2020 0:00:00,Pixley Ka Seme-Cases,35
477,8/21/2020 0:00:00,Pixley Ka Seme-Cases,61
478,8/22/2020 0:00:00,Pixley Ka Seme-Cases,31
479,8/23/2020 0:00:00,Pixley Ka Seme-Cases,13
480,8/24/2020 0:00:00,Pixley Ka Seme-Cases,13
481,8/25/2020 0:00:00,Pixley Ka Seme-Cases,10
482,8/26/2020 0:00:00,Pixley Ka Seme-Cases,28
483,8/27/2020 0:00:00,Pixley Ka Seme-Cases,80
484,8/28/2020 0:00:00,Pixley Ka Seme-Cases,26
485,4/27/2020 0:00:00,ZF Mgcawu-Cases,2
486,4/28/2020 0:00:00,ZF Mgcawu-Cases,0
487,4/29/2020 0:00:00,ZF Mgcawu-Cases,0
488,4/30/2020 0:00:00,ZF Mgcawu-Cases,0
489,5/1/2020 0:00:00,ZF Mgcawu-Cases,0
490,5/2/2020 0:00:00,ZF Mgcawu-Cases,0
491,5/3/2020 0:00:00,ZF Mgcawu-Cases,0
492,5/4/2020 0:00:00,ZF Mgcawu-Cases,0
493,5/5/2020 0:00:00,ZF Mgcawu-Cases,0
494,5/6/2020 0:00:00,ZF Mgcawu-Cases,0
495,5/7/2020 0:00:00,ZF Mgcawu-Cases,0
496,5/8/2020 0:00:00,ZF Mgcawu-Cases,0
497,5/9/2020 0:00:00,ZF Mgcawu-Cases,0
498,5/10/2020 0:00:00,ZF Mgcawu-Cases,1
499,5/11/2020 0:00:00,ZF Mgcawu-Cases,0
500,5/12/2020 0:00:00,ZF Mgcawu-Cases,0
501,5/13/2020 0:00:00,ZF Mgcawu-Cases,0
502,5/14/2020 0:00:00,ZF Mgcawu-Cases,0
503,5/15/2020 0:00:00,ZF Mgcawu-Cases,0
504,5/16/2020 0:00:00,ZF Mgcawu-Cases,0
505,5/17/2020 0:00:00,ZF Mgcawu-Cases,0
506,5/18/2020 0:00:00,ZF Mgcawu-Cases,0
507,5/19/2020 0:00:00,ZF Mgcawu-Cases,0
508,5/20/2020 0:00:00,ZF Mgcawu-Cases,0
509,5/21/2020 0:00:00,ZF Mgcawu-Cases,0
510,5/22/2020 0:00:00,ZF Mgcawu-Cases,0
511,5/23/2020 0:00:00,ZF Mgcawu-Cases,1
512,5/24/2020 0:00:00,ZF Mgcawu-Cases,0
513,5/25/2020 0:00:00,ZF Mgcawu-Cases,1
514,5/26/2020 0:00:00,ZF Mgcawu-Cases,0
515,5/27/2020 0:00:00,ZF Mgcawu-Cases,0
516,5/28/2020 0:00:00,ZF Mgcawu-Cases,2
517,5/30/2020 0:00:00,ZF Mgcawu-Cases,1
518,5/31/2020 0:00:00,ZF Mgcawu-Cases,1
519,6/1/2020 0:00:00,ZF Mgcawu-Cases,1
520,6/2/2020 0:00:00,ZF Mgcawu-Cases,0
521,6/3/2020 0:00:00,ZF Mgcawu-Cases,1
522,6/4/2020 0:00:00,ZF Mgcawu-Cases,0
523,6/5/2020 0:00:00,ZF Mgcawu-Cases,2
524,6/6/2020 0:00:00,ZF Mgcawu-Cases,2
525,6/7/2020 0:00:00,ZF Mgcawu-Cases,1
526,6/8/2020 0:00:00,ZF Mgcawu-Cases,1
527,6/9/2020 0:00:00,ZF Mgcawu-Cases,0
528,6/10/2020 0:00:00,ZF Mgcawu-Cases,1
529,6/11/2020 0:00:00,ZF Mgcawu-Cases,1
530,6/12/2020 0:00:00,ZF Mgcawu-Cases,0
531,6/13/2020 0:00:00,ZF Mgcawu-Cases,2
532,6/14/2020 0:00:00,ZF Mgcawu-Cases,8
533,6/15/2020 0:00:00,ZF Mgcawu-Cases,40
534,6/16/2020 0:00:00,ZF Mgcawu-Cases,4
535,6/17/2020 0:00:00,ZF Mgcawu-Cases,0
536,6/18/2020 0:00:00,ZF Mgcawu-Cases,1
537,6/19/2020 0:00:00,ZF Mgcawu-Cases,1
538,6/20/2020 0:00:00,ZF Mgcawu-Cases,2
539,6/21/2020 0:00:00,ZF Mgcawu-Cases,1
540,6/22/2020 0:00:00,ZF Mgcawu-Cases,0
541,6/23/2020 0:00:00,ZF Mgcawu-Cases,1
542,6/24/2020 0:00:00,ZF Mgcawu-Cases,2
543,6/25/2020 0:00:00,ZF Mgcawu-Cases,3
544,6/26/2020 0:00:00,ZF Mgcawu-Cases,2
545,6/27/2020 0:00:00,ZF Mgcawu-Cases,1
546,6/28/2020 0:00:00,ZF Mgcawu-Cases,0
547,6/29/2020 0:00:00,ZF Mgcawu-Cases,2
548,6/30/2020 0:00:00,ZF Mgcawu-Cases,4
549,7/1/2020 0:00:00,ZF Mgcawu-Cases,1
550,7/2/2020 0:00:00,ZF Mgcawu-Cases,3
551,7/3/2020 0:00:00,ZF Mgcawu-Cases,4
552,7/5/2020 0:00:00,ZF Mgcawu-Cases,7
553,7/6/2020 0:00:00,ZF Mgcawu-Cases,1
554,7/7/2020 0:00:00,ZF Mgcawu-Cases,5
555,7/8/2020 0:00:00,ZF Mgcawu-Cases,6
556,7/9/2020 0:00:00,ZF Mgcawu-Cases,9
557,7/10/2020 0:00:00,ZF Mgcawu-Cases,11
558,7/11/2020 0:00:00,ZF Mgcawu-Cases,4
559,7/12/2020 0:00:00,ZF Mgcawu-Cases,5
560,7/13/2020 0:00:00,ZF Mgcawu-Cases,9
561,7/14/2020 0:00:00,ZF Mgcawu-Cases,5
562,7/15/2020 0:00:00,ZF Mgcawu-Cases,4
563,7/16/2020 0:00:00,ZF Mgcawu-Cases,5
564,7/17/2020 0:00:00,ZF Mgcawu-Cases,9
565,7/18/2020 0:00:00,ZF Mgcawu-Cases,8
566,7/19/2020 0:00:00,ZF Mgcawu-Cases,5
567,7/21/2020 0:00:00,ZF Mgcawu-Cases,15
568,7/22/2020 0:00:00,ZF Mgcawu-Cases,8
569,7/23/2020 0:00:00,ZF Mgcawu-Cases,12
570,7/24/2020 0:00:00,ZF Mgcawu-Cases,10
571,7/25/2020 0:00:00,ZF Mgcawu-Cases,10
572,7/26/2020 0:00:00,ZF Mgcawu-Cases,7
573,7/27/2020 0:00:00,ZF Mgcawu-Cases,19
574,7/28/2020 0:00:00,ZF Mgcawu-Cases,20
575,7/29/2020 0:00:00,ZF Mgcawu-Cases,6
576,7/30/2020 0:00:00,ZF Mgcawu-Cases,32
577,7/31/2020 0:00:00,ZF Mgcawu-Cases,32
578,8/1/2020 0:00:00,ZF Mgcawu-Cases,25
579,8/2/2020 0:00:00,ZF Mgcawu-Cases,13
580,8/3/2020 0:00:00,ZF Mgcawu-Cases,22
581,8/4/2020 0:00:00,ZF Mgcawu-Cases,0
582,8/5/2020 0:00:00,ZF Mgcawu-Cases,45
583,8/6/2020 0:00:00,ZF Mgcawu-Cases,35
584,8/7/2020 0:00:00,ZF Mgcawu-Cases,21
585,8/8/2020 0:00:00,ZF Mgcawu-Cases,21
586,8/9/2020 0:00:00,ZF Mgcawu-Cases,46
587,8/10/2020 0:00:00,ZF Mgcawu-Cases,32
588,8/11/2020 0:00:00,ZF Mgcawu-Cases,7
589,8/12/2020 0:00:00,ZF Mgcawu-Cases,13
590,8/13/2020 0:00:00,ZF Mgcawu-Cases,36
591,8/14/2020 0:00:00,ZF Mgcawu-Cases,45
592,8/15/2020 0:00:00,ZF Mgcawu-Cases,41
593,8/16/2020 0:00:00,ZF Mgcawu-Cases,15
594,8/17/2020 0:00:00,ZF Mgcawu-Cases,43
595,8/18/2020 0:00:00,ZF Mgcawu-Cases,21
596,8/19/2020 0:00:00,ZF Mgcawu-Cases,26
597,8/20/2020 0:00:00,ZF Mgcawu-Cases,32
598,8/21/2020 0:00:00,ZF Mgcawu-Cases,22
599,8/22/2020 0:00:00,ZF Mgcawu-Cases,29
600,8/23/2020 0:00:00,ZF Mgcawu-Cases,46
601,8/24/2020 0:00:00,ZF Mgcawu-Cases,6
602,8/25/2020 0:00:00,ZF Mgcawu-Cases,2
603,8/26/2020 0:00:00,ZF Mgcawu-Cases,12
604,8/27/2020 0:00:00,ZF Mgcawu-Cases,91
605,8/28/2020 0:00:00,ZF Mgcawu-Cases,57
