﻿OBJECTID,date,District,DailyCases
1,3/29/2020 0:00:00,bojanala_platinum,0
2,3/30/2020 0:00:00,bojanala_platinum,0
3,4/1/2020 0:00:00,bojanala_platinum,1
4,4/2/2020 0:00:00,bojanala_platinum,0
5,4/5/2020 0:00:00,bojanala_platinum,1
6,4/6/2020 0:00:00,bojanala_platinum,0
7,4/9/2020 0:00:00,bojanala_platinum,1
8,4/10/2020 0:00:00,bojanala_platinum,1
9,4/13/2020 0:00:00,bojanala_platinum,1
10,4/14/2020 0:00:00,bojanala_platinum,0
11,4/16/2020 0:00:00,bojanala_platinum,0
12,4/17/2020 0:00:00,bojanala_platinum,0
13,4/18/2020 0:00:00,bojanala_platinum,0
14,4/20/2020 0:00:00,bojanala_platinum,0
15,4/21/2020 0:00:00,bojanala_platinum,0
16,4/22/2020 0:00:00,bojanala_platinum,0
17,4/24/2020 0:00:00,bojanala_platinum,0
18,4/26/2020 0:00:00,bojanala_platinum,0
19,4/27/2020 0:00:00,bojanala_platinum,0
20,4/28/2020 0:00:00,bojanala_platinum,0
21,4/29/2020 0:00:00,bojanala_platinum,0
22,4/30/2020 0:00:00,bojanala_platinum,0
23,5/4/2020 0:00:00,bojanala_platinum,0
24,5/5/2020 0:00:00,bojanala_platinum,0
25,5/6/2020 0:00:00,bojanala_platinum,0
26,5/7/2020 0:00:00,bojanala_platinum,2
27,5/8/2020 0:00:00,bojanala_platinum,1
28,5/9/2020 0:00:00,bojanala_platinum,0
29,5/10/2020 0:00:00,bojanala_platinum,2
30,5/11/2020 0:00:00,bojanala_platinum,1
31,5/12/2020 0:00:00,bojanala_platinum,0
32,5/13/2020 0:00:00,bojanala_platinum,0
33,5/14/2020 0:00:00,bojanala_platinum,6
34,5/15/2020 0:00:00,bojanala_platinum,1
35,5/16/2020 0:00:00,bojanala_platinum,2
36,5/17/2020 0:00:00,bojanala_platinum,2
37,5/18/2020 0:00:00,bojanala_platinum,0
38,5/19/2020 0:00:00,bojanala_platinum,0
39,5/20/2020 0:00:00,bojanala_platinum,0
40,5/21/2020 0:00:00,bojanala_platinum,2
41,5/22/2020 0:00:00,bojanala_platinum,2
42,5/23/2020 0:00:00,bojanala_platinum,0
43,5/24/2020 0:00:00,bojanala_platinum,4
44,5/25/2020 0:00:00,bojanala_platinum,8
45,5/26/2020 0:00:00,bojanala_platinum,4
46,5/27/2020 0:00:00,bojanala_platinum,9
47,5/28/2020 0:00:00,bojanala_platinum,4
48,5/29/2020 0:00:00,bojanala_platinum,5
49,5/30/2020 0:00:00,bojanala_platinum,16
50,5/31/2020 0:00:00,bojanala_platinum,8
51,6/1/2020 0:00:00,bojanala_platinum,4
52,6/2/2020 0:00:00,bojanala_platinum,72
53,6/3/2020 0:00:00,bojanala_platinum,26
54,6/4/2020 0:00:00,bojanala_platinum,29
55,6/5/2020 0:00:00,bojanala_platinum,22
56,6/6/2020 0:00:00,bojanala_platinum,34
57,6/7/2020 0:00:00,bojanala_platinum,34
58,6/8/2020 0:00:00,bojanala_platinum,39
59,6/9/2020 0:00:00,bojanala_platinum,23
60,6/10/2020 0:00:00,bojanala_platinum,28
61,6/11/2020 0:00:00,bojanala_platinum,61
62,6/17/2020 0:00:00,bojanala_platinum,34
63,6/18/2020 0:00:00,bojanala_platinum,47
64,6/19/2020 0:00:00,bojanala_platinum,47
65,6/20/2020 0:00:00,bojanala_platinum,694
66,6/21/2020 0:00:00,bojanala_platinum,142
67,6/22/2020 0:00:00,bojanala_platinum,88
68,6/23/2020 0:00:00,bojanala_platinum,101
69,6/24/2020 0:00:00,bojanala_platinum,113
70,6/25/2020 0:00:00,bojanala_platinum,229
71,6/26/2020 0:00:00,bojanala_platinum,158
72,6/27/2020 0:00:00,bojanala_platinum,177
73,6/28/2020 0:00:00,bojanala_platinum,126
74,6/29/2020 0:00:00,bojanala_platinum,187
75,6/30/2020 0:00:00,bojanala_platinum,199
76,7/1/2020 0:00:00,bojanala_platinum,134
77,7/2/2020 0:00:00,bojanala_platinum,281
78,7/3/2020 0:00:00,bojanala_platinum,260
79,7/4/2020 0:00:00,bojanala_platinum,338
80,7/5/2020 0:00:00,bojanala_platinum,302
81,7/6/2020 0:00:00,bojanala_platinum,227
82,7/7/2020 0:00:00,bojanala_platinum,303
83,7/8/2020 0:00:00,bojanala_platinum,222
84,7/9/2020 0:00:00,bojanala_platinum,449
85,7/10/2020 0:00:00,bojanala_platinum,545
86,7/11/2020 0:00:00,bojanala_platinum,455
87,7/12/2020 0:00:00,bojanala_platinum,319
88,7/13/2020 0:00:00,bojanala_platinum,421
89,7/14/2020 0:00:00,bojanala_platinum,131
90,7/15/2020 0:00:00,bojanala_platinum,251
91,7/16/2020 0:00:00,bojanala_platinum,428
92,7/17/2020 0:00:00,bojanala_platinum,380
93,7/18/2020 0:00:00,bojanala_platinum,379
94,7/19/2020 0:00:00,bojanala_platinum,292
95,7/20/2020 0:00:00,bojanala_platinum,176
96,7/21/2020 0:00:00,bojanala_platinum,155
97,7/22/2020 0:00:00,bojanala_platinum,259
98,7/23/2020 0:00:00,bojanala_platinum,340
99,7/24/2020 0:00:00,bojanala_platinum,274
100,7/25/2020 0:00:00,bojanala_platinum,211
101,7/26/2020 0:00:00,bojanala_platinum,201
102,7/27/2020 0:00:00,bojanala_platinum,105
103,7/28/2020 0:00:00,bojanala_platinum,58
104,7/29/2020 0:00:00,bojanala_platinum,232
105,7/30/2020 0:00:00,bojanala_platinum,222
106,7/31/2020 0:00:00,bojanala_platinum,146
107,8/1/2020 0:00:00,bojanala_platinum,175
108,8/2/2020 0:00:00,bojanala_platinum,114
109,8/3/2020 0:00:00,bojanala_platinum,67
110,8/4/2020 0:00:00,bojanala_platinum,29
111,8/5/2020 0:00:00,bojanala_platinum,173
112,8/6/2020 0:00:00,bojanala_platinum,124
113,8/7/2020 0:00:00,bojanala_platinum,94
114,8/8/2020 0:00:00,bojanala_platinum,85
115,8/9/2020 0:00:00,bojanala_platinum,77
116,8/10/2020 0:00:00,bojanala_platinum,28
117,8/11/2020 0:00:00,bojanala_platinum,18
118,8/12/2020 0:00:00,bojanala_platinum,34
119,8/13/2020 0:00:00,bojanala_platinum,97
120,8/14/2020 0:00:00,bojanala_platinum,90
121,8/15/2020 0:00:00,bojanala_platinum,87
122,8/16/2020 0:00:00,bojanala_platinum,45
123,8/17/2020 0:00:00,bojanala_platinum,15
124,8/18/2020 0:00:00,bojanala_platinum,50
125,8/19/2020 0:00:00,bojanala_platinum,56
126,8/20/2020 0:00:00,bojanala_platinum,36
127,8/21/2020 0:00:00,bojanala_platinum,46
128,8/23/2020 0:00:00,bojanala_platinum,70
129,8/24/2020 0:00:00,bojanala_platinum,7
130,8/25/2020 0:00:00,bojanala_platinum,26
131,8/26/2020 0:00:00,bojanala_platinum,40
132,8/27/2020 0:00:00,bojanala_platinum,85
133,8/28/2020 0:00:00,bojanala_platinum,31
134,8/29/2020 0:00:00,bojanala_platinum,16
135,8/30/2020 0:00:00,bojanala_platinum,29
136,8/31/2020 0:00:00,bojanala_platinum,33
137,9/1/2020 0:00:00,bojanala_platinum,19
138,9/2/2020 0:00:00,bojanala_platinum,49
139,9/3/2020 0:00:00,bojanala_platinum,60
140,9/4/2020 0:00:00,bojanala_platinum,39
141,9/5/2020 0:00:00,bojanala_platinum,19
142,9/6/2020 0:00:00,bojanala_platinum,24
143,9/7/2020 0:00:00,bojanala_platinum,3
144,9/8/2020 0:00:00,bojanala_platinum,20
145,9/9/2020 0:00:00,bojanala_platinum,23
146,9/10/2020 0:00:00,bojanala_platinum,34
147,9/11/2020 0:00:00,bojanala_platinum,29
148,9/12/2020 0:00:00,bojanala_platinum,19
149,9/13/2020 0:00:00,bojanala_platinum,35
150,9/14/2020 0:00:00,bojanala_platinum,10
151,9/15/2020 0:00:00,bojanala_platinum,15
152,9/16/2020 0:00:00,bojanala_platinum,30
153,9/17/2020 0:00:00,bojanala_platinum,25
154,9/18/2020 0:00:00,bojanala_platinum,7
155,9/19/2020 0:00:00,bojanala_platinum,16
156,9/20/2020 0:00:00,bojanala_platinum,22
157,9/21/2020 0:00:00,bojanala_platinum,4
158,9/22/2020 0:00:00,bojanala_platinum,45
159,9/23/2020 0:00:00,bojanala_platinum,19
160,9/24/2020 0:00:00,bojanala_platinum,22
161,9/25/2020 0:00:00,bojanala_platinum,10
162,9/26/2020 0:00:00,bojanala_platinum,17
163,9/27/2020 0:00:00,bojanala_platinum,12
164,9/28/2020 0:00:00,bojanala_platinum,7
165,9/29/2020 0:00:00,bojanala_platinum,20
166,9/30/2020 0:00:00,bojanala_platinum,27
167,10/1/2020 0:00:00,bojanala_platinum,38
168,10/2/2020 0:00:00,bojanala_platinum,20
169,10/3/2020 0:00:00,bojanala_platinum,31
170,10/4/2020 0:00:00,bojanala_platinum,15
171,10/5/2020 0:00:00,bojanala_platinum,1
172,10/6/2020 0:00:00,bojanala_platinum,26
173,10/7/2020 0:00:00,bojanala_platinum,27
174,10/8/2020 0:00:00,bojanala_platinum,18
175,10/9/2020 0:00:00,bojanala_platinum,21
176,10/10/2020 0:00:00,bojanala_platinum,35
177,10/11/2020 0:00:00,bojanala_platinum,12
178,10/12/2020 0:00:00,bojanala_platinum,12
179,10/13/2020 0:00:00,bojanala_platinum,23
180,10/14/2020 0:00:00,bojanala_platinum,31
181,10/15/2020 0:00:00,bojanala_platinum,29
182,10/16/2020 0:00:00,bojanala_platinum,36
183,10/17/2020 0:00:00,bojanala_platinum,31
184,10/18/2020 0:00:00,bojanala_platinum,7
185,10/19/2020 0:00:00,bojanala_platinum,14
186,10/20/2020 0:00:00,bojanala_platinum,43
187,10/21/2020 0:00:00,bojanala_platinum,22
188,10/22/2020 0:00:00,bojanala_platinum,18
189,10/23/2020 0:00:00,bojanala_platinum,22
190,10/24/2020 0:00:00,bojanala_platinum,26
191,10/25/2020 0:00:00,bojanala_platinum,13
192,10/26/2020 0:00:00,bojanala_platinum,11
193,10/27/2020 0:00:00,bojanala_platinum,18
194,10/28/2020 0:00:00,bojanala_platinum,28
195,10/29/2020 0:00:00,bojanala_platinum,22
196,10/30/2020 0:00:00,bojanala_platinum,47
197,10/31/2020 0:00:00,bojanala_platinum,21
198,11/1/2020 0:00:00,bojanala_platinum,13
199,11/2/2020 0:00:00,bojanala_platinum,3
200,11/3/2020 0:00:00,bojanala_platinum,20
201,11/4/2020 0:00:00,bojanala_platinum,18
202,11/5/2020 0:00:00,bojanala_platinum,14
203,11/6/2020 0:00:00,bojanala_platinum,17
204,11/7/2020 0:00:00,bojanala_platinum,12
205,11/8/2020 0:00:00,bojanala_platinum,9
206,11/9/2020 0:00:00,bojanala_platinum,15
207,11/10/2020 0:00:00,bojanala_platinum,18
208,11/11/2020 0:00:00,bojanala_platinum,25
209,11/12/2020 0:00:00,bojanala_platinum,32
210,11/13/2020 0:00:00,bojanala_platinum,24
211,11/14/2020 0:00:00,bojanala_platinum,12
212,11/15/2020 0:00:00,bojanala_platinum,11
213,11/16/2020 0:00:00,bojanala_platinum,8
214,11/17/2020 0:00:00,bojanala_platinum,21
215,11/18/2020 0:00:00,bojanala_platinum,22
216,11/19/2020 0:00:00,bojanala_platinum,24
217,11/20/2020 0:00:00,bojanala_platinum,21
218,11/21/2020 0:00:00,bojanala_platinum,27
219,11/22/2020 0:00:00,bojanala_platinum,11
220,11/23/2020 0:00:00,bojanala_platinum,1
221,11/24/2020 0:00:00,bojanala_platinum,14
222,11/25/2020 0:00:00,bojanala_platinum,27
223,11/26/2020 0:00:00,bojanala_platinum,17
224,11/27/2020 0:00:00,bojanala_platinum,25
225,11/28/2020 0:00:00,bojanala_platinum,6
226,11/29/2020 0:00:00,bojanala_platinum,6
227,11/30/2020 0:00:00,bojanala_platinum,6
228,12/1/2020 0:00:00,bojanala_platinum,19
229,12/2/2020 0:00:00,bojanala_platinum,19
230,12/3/2020 0:00:00,bojanala_platinum,31
231,12/4/2020 0:00:00,bojanala_platinum,27
232,12/5/2020 0:00:00,bojanala_platinum,33
233,12/6/2020 0:00:00,bojanala_platinum,17
234,12/7/2020 0:00:00,bojanala_platinum,4
235,12/8/2020 0:00:00,bojanala_platinum,31
236,12/9/2020 0:00:00,bojanala_platinum,58
237,12/10/2020 0:00:00,bojanala_platinum,50
238,12/11/2020 0:00:00,bojanala_platinum,68
239,12/12/2020 0:00:00,bojanala_platinum,54
240,12/13/2020 0:00:00,bojanala_platinum,70
241,12/14/2020 0:00:00,bojanala_platinum,24
242,12/15/2020 0:00:00,bojanala_platinum,95
243,12/16/2020 0:00:00,bojanala_platinum,93
244,12/17/2020 0:00:00,bojanala_platinum,85
245,12/18/2020 0:00:00,bojanala_platinum,66
246,12/19/2020 0:00:00,bojanala_platinum,138
247,12/20/2020 0:00:00,bojanala_platinum,109
248,12/21/2020 0:00:00,bojanala_platinum,90
249,12/22/2020 0:00:00,bojanala_platinum,203
250,12/23/2020 0:00:00,bojanala_platinum,300
251,12/24/2020 0:00:00,bojanala_platinum,286
252,12/25/2020 0:00:00,bojanala_platinum,211
253,12/26/2020 0:00:00,bojanala_platinum,71
254,12/27/2020 0:00:00,bojanala_platinum,69
255,12/28/2020 0:00:00,bojanala_platinum,100
256,12/29/2020 0:00:00,bojanala_platinum,172
257,12/30/2020 0:00:00,bojanala_platinum,373
258,12/31/2020 0:00:00,bojanala_platinum,383
259,1/1/2021 0:00:00,bojanala_platinum,332
260,1/2/2021 0:00:00,bojanala_platinum,215
261,1/3/2021 0:00:00,bojanala_platinum,229
262,1/4/2021 0:00:00,bojanala_platinum,134
263,1/5/2021 0:00:00,bojanala_platinum,319
264,1/6/2021 0:00:00,bojanala_platinum,533
265,1/7/2021 0:00:00,bojanala_platinum,729
266,1/8/2021 0:00:00,bojanala_platinum,512
267,1/9/2021 0:00:00,bojanala_platinum,414
268,1/10/2021 0:00:00,bojanala_platinum,340
269,1/11/2021 0:00:00,bojanala_platinum,154
270,1/12/2021 0:00:00,bojanala_platinum,258
271,1/13/2021 0:00:00,bojanala_platinum,482
272,1/14/2021 0:00:00,bojanala_platinum,441
273,1/15/2021 0:00:00,bojanala_platinum,444
274,1/16/2021 0:00:00,bojanala_platinum,292
275,1/17/2021 0:00:00,bojanala_platinum,236
276,1/18/2021 0:00:00,bojanala_platinum,110
277,1/19/2021 0:00:00,bojanala_platinum,143
278,1/20/2021 0:00:00,bojanala_platinum,356
279,1/21/2021 0:00:00,bojanala_platinum,311
280,1/22/2021 0:00:00,bojanala_platinum,277
281,1/23/2021 0:00:00,bojanala_platinum,302
282,1/24/2021 0:00:00,bojanala_platinum,144
283,1/25/2021 0:00:00,bojanala_platinum,93
284,1/26/2021 0:00:00,bojanala_platinum,103
285,1/27/2021 0:00:00,bojanala_platinum,175
286,1/28/2021 0:00:00,bojanala_platinum,141
287,1/29/2021 0:00:00,bojanala_platinum,117
288,1/30/2021 0:00:00,bojanala_platinum,100
289,1/31/2021 0:00:00,bojanala_platinum,123
290,2/1/2021 0:00:00,bojanala_platinum,33
291,2/2/2021 0:00:00,bojanala_platinum,94
292,2/3/2021 0:00:00,bojanala_platinum,126
293,2/4/2021 0:00:00,bojanala_platinum,45
294,2/5/2021 0:00:00,bojanala_platinum,174
295,2/6/2021 0:00:00,bojanala_platinum,3
296,2/7/2021 0:00:00,bojanala_platinum,57
297,2/8/2021 0:00:00,bojanala_platinum,21
298,2/9/2021 0:00:00,bojanala_platinum,45
299,2/10/2021 0:00:00,bojanala_platinum,158
300,2/11/2021 0:00:00,bojanala_platinum,77
301,2/12/2021 0:00:00,bojanala_platinum,62
302,2/13/2021 0:00:00,bojanala_platinum,58
303,2/14/2021 0:00:00,bojanala_platinum,28
304,2/15/2021 0:00:00,bojanala_platinum,16
305,2/16/2021 0:00:00,bojanala_platinum,68
306,2/17/2021 0:00:00,bojanala_platinum,73
307,2/18/2021 0:00:00,bojanala_platinum,57
308,2/19/2021 0:00:00,bojanala_platinum,92
309,2/20/2021 0:00:00,bojanala_platinum,91
310,2/21/2021 0:00:00,bojanala_platinum,47
311,2/22/2021 0:00:00,bojanala_platinum,21
312,2/23/2021 0:00:00,bojanala_platinum,44
313,2/24/2021 0:00:00,bojanala_platinum,30
314,2/25/2021 0:00:00,bojanala_platinum,56
315,2/26/2021 0:00:00,bojanala_platinum,52
316,2/27/2021 0:00:00,bojanala_platinum,43
317,2/28/2021 0:00:00,bojanala_platinum,26
318,3/1/2021 0:00:00,bojanala_platinum,11
319,3/2/2021 0:00:00,bojanala_platinum,53
320,3/3/2021 0:00:00,bojanala_platinum,46
321,3/4/2021 0:00:00,bojanala_platinum,31
322,3/5/2021 0:00:00,bojanala_platinum,23
323,3/6/2021 0:00:00,bojanala_platinum,30
324,3/7/2021 0:00:00,bojanala_platinum,11
325,3/8/2021 0:00:00,bojanala_platinum,7
326,3/9/2021 0:00:00,bojanala_platinum,29
327,3/10/2021 0:00:00,bojanala_platinum,27
328,3/11/2021 0:00:00,bojanala_platinum,42
329,3/12/2021 0:00:00,bojanala_platinum,31
330,3/13/2021 0:00:00,bojanala_platinum,25
331,3/14/2021 0:00:00,bojanala_platinum,18
332,3/15/2021 0:00:00,bojanala_platinum,20
333,3/16/2021 0:00:00,bojanala_platinum,32
334,3/17/2021 0:00:00,bojanala_platinum,40
335,3/18/2021 0:00:00,bojanala_platinum,24
336,3/19/2021 0:00:00,bojanala_platinum,18
337,3/20/2021 0:00:00,bojanala_platinum,29
338,3/21/2021 0:00:00,bojanala_platinum,16
339,3/22/2021 0:00:00,bojanala_platinum,12
340,3/23/2021 0:00:00,bojanala_platinum,16
341,3/24/2021 0:00:00,bojanala_platinum,29
342,3/25/2021 0:00:00,bojanala_platinum,20
343,3/26/2021 0:00:00,bojanala_platinum,33
344,3/27/2021 0:00:00,bojanala_platinum,34
345,3/28/2021 0:00:00,bojanala_platinum,14
346,3/29/2021 0:00:00,bojanala_platinum,16
347,3/30/2021 0:00:00,bojanala_platinum,30
348,3/31/2021 0:00:00,bojanala_platinum,58
349,4/1/2021 0:00:00,bojanala_platinum,46
350,4/2/2021 0:00:00,bojanala_platinum,27
351,4/3/2021 0:00:00,bojanala_platinum,3
352,4/4/2021 0:00:00,bojanala_platinum,11
353,4/5/2021 0:00:00,bojanala_platinum,4
354,4/6/2021 0:00:00,bojanala_platinum,15
355,4/7/2021 0:00:00,bojanala_platinum,31
356,4/8/2021 0:00:00,bojanala_platinum,35
357,4/9/2021 0:00:00,bojanala_platinum,64
358,4/10/2021 0:00:00,bojanala_platinum,20
359,4/11/2021 0:00:00,bojanala_platinum,9
360,4/12/2021 0:00:00,bojanala_platinum,8
361,4/13/2021 0:00:00,bojanala_platinum,28
362,4/14/2021 0:00:00,bojanala_platinum,28
363,4/15/2021 0:00:00,bojanala_platinum,28
364,4/16/2021 0:00:00,bojanala_platinum,27
365,4/17/2021 0:00:00,bojanala_platinum,16
366,4/18/2021 0:00:00,bojanala_platinum,8
367,4/19/2021 0:00:00,bojanala_platinum,7
368,4/20/2021 0:00:00,bojanala_platinum,22
369,4/21/2021 0:00:00,bojanala_platinum,23
370,4/22/2021 0:00:00,bojanala_platinum,26
371,4/23/2021 0:00:00,bojanala_platinum,33
372,4/24/2021 0:00:00,bojanala_platinum,17
373,4/25/2021 0:00:00,bojanala_platinum,22
374,3/29/2020 0:00:00,dr_kenneth_kaunda,4
375,3/30/2020 0:00:00,dr_kenneth_kaunda,0
376,4/1/2020 0:00:00,dr_kenneth_kaunda,1
377,4/2/2020 0:00:00,dr_kenneth_kaunda,1
378,4/5/2020 0:00:00,dr_kenneth_kaunda,1
379,4/6/2020 0:00:00,dr_kenneth_kaunda,0
380,4/9/2020 0:00:00,dr_kenneth_kaunda,2
381,4/10/2020 0:00:00,dr_kenneth_kaunda,2
382,4/13/2020 0:00:00,dr_kenneth_kaunda,0
383,4/14/2020 0:00:00,dr_kenneth_kaunda,3
384,4/16/2020 0:00:00,dr_kenneth_kaunda,1
385,4/17/2020 0:00:00,dr_kenneth_kaunda,1
386,4/18/2020 0:00:00,dr_kenneth_kaunda,0
387,4/20/2020 0:00:00,dr_kenneth_kaunda,0
388,4/21/2020 0:00:00,dr_kenneth_kaunda,1
389,4/22/2020 0:00:00,dr_kenneth_kaunda,1
390,4/24/2020 0:00:00,dr_kenneth_kaunda,1
391,4/26/2020 0:00:00,dr_kenneth_kaunda,2
392,4/27/2020 0:00:00,dr_kenneth_kaunda,0
393,4/28/2020 0:00:00,dr_kenneth_kaunda,2
394,4/29/2020 0:00:00,dr_kenneth_kaunda,0
395,4/30/2020 0:00:00,dr_kenneth_kaunda,2
396,5/4/2020 0:00:00,dr_kenneth_kaunda,4
397,5/5/2020 0:00:00,dr_kenneth_kaunda,0
398,5/6/2020 0:00:00,dr_kenneth_kaunda,2
399,5/7/2020 0:00:00,dr_kenneth_kaunda,1
400,5/8/2020 0:00:00,dr_kenneth_kaunda,0
401,5/9/2020 0:00:00,dr_kenneth_kaunda,0
402,5/10/2020 0:00:00,dr_kenneth_kaunda,2
403,5/11/2020 0:00:00,dr_kenneth_kaunda,3
404,5/12/2020 0:00:00,dr_kenneth_kaunda,1
405,5/13/2020 0:00:00,dr_kenneth_kaunda,1
406,5/14/2020 0:00:00,dr_kenneth_kaunda,0
407,5/15/2020 0:00:00,dr_kenneth_kaunda,4
408,5/16/2020 0:00:00,dr_kenneth_kaunda,1
409,5/17/2020 0:00:00,dr_kenneth_kaunda,0
410,5/18/2020 0:00:00,dr_kenneth_kaunda,0
411,5/19/2020 0:00:00,dr_kenneth_kaunda,0
412,5/20/2020 0:00:00,dr_kenneth_kaunda,0
413,5/21/2020 0:00:00,dr_kenneth_kaunda,0
414,5/22/2020 0:00:00,dr_kenneth_kaunda,0
415,5/23/2020 0:00:00,dr_kenneth_kaunda,3
416,5/24/2020 0:00:00,dr_kenneth_kaunda,6
417,5/25/2020 0:00:00,dr_kenneth_kaunda,5
418,5/26/2020 0:00:00,dr_kenneth_kaunda,1
419,5/27/2020 0:00:00,dr_kenneth_kaunda,5
420,5/28/2020 0:00:00,dr_kenneth_kaunda,4
421,5/29/2020 0:00:00,dr_kenneth_kaunda,2
422,5/30/2020 0:00:00,dr_kenneth_kaunda,2
423,5/31/2020 0:00:00,dr_kenneth_kaunda,4
424,6/1/2020 0:00:00,dr_kenneth_kaunda,4
425,6/2/2020 0:00:00,dr_kenneth_kaunda,6
426,6/3/2020 0:00:00,dr_kenneth_kaunda,17
427,6/4/2020 0:00:00,dr_kenneth_kaunda,22
428,6/5/2020 0:00:00,dr_kenneth_kaunda,19
429,6/6/2020 0:00:00,dr_kenneth_kaunda,17
430,6/7/2020 0:00:00,dr_kenneth_kaunda,14
431,6/8/2020 0:00:00,dr_kenneth_kaunda,17
432,6/9/2020 0:00:00,dr_kenneth_kaunda,10
433,6/10/2020 0:00:00,dr_kenneth_kaunda,21
434,6/11/2020 0:00:00,dr_kenneth_kaunda,29
435,6/17/2020 0:00:00,dr_kenneth_kaunda,643
436,6/18/2020 0:00:00,dr_kenneth_kaunda,142
437,6/19/2020 0:00:00,dr_kenneth_kaunda,74
438,6/20/2020 0:00:00,dr_kenneth_kaunda,519
439,6/21/2020 0:00:00,dr_kenneth_kaunda,47
440,6/22/2020 0:00:00,dr_kenneth_kaunda,50
441,6/23/2020 0:00:00,dr_kenneth_kaunda,54
442,6/24/2020 0:00:00,dr_kenneth_kaunda,42
443,6/25/2020 0:00:00,dr_kenneth_kaunda,75
444,6/26/2020 0:00:00,dr_kenneth_kaunda,87
445,6/27/2020 0:00:00,dr_kenneth_kaunda,48
446,6/28/2020 0:00:00,dr_kenneth_kaunda,45
447,6/29/2020 0:00:00,dr_kenneth_kaunda,63
448,6/30/2020 0:00:00,dr_kenneth_kaunda,53
449,7/1/2020 0:00:00,dr_kenneth_kaunda,39
450,7/2/2020 0:00:00,dr_kenneth_kaunda,87
451,7/3/2020 0:00:00,dr_kenneth_kaunda,80
452,7/4/2020 0:00:00,dr_kenneth_kaunda,104
453,7/5/2020 0:00:00,dr_kenneth_kaunda,52
454,7/6/2020 0:00:00,dr_kenneth_kaunda,85
455,7/7/2020 0:00:00,dr_kenneth_kaunda,117
456,7/8/2020 0:00:00,dr_kenneth_kaunda,72
457,7/9/2020 0:00:00,dr_kenneth_kaunda,164
458,7/10/2020 0:00:00,dr_kenneth_kaunda,153
459,7/11/2020 0:00:00,dr_kenneth_kaunda,217
460,7/12/2020 0:00:00,dr_kenneth_kaunda,95
461,7/13/2020 0:00:00,dr_kenneth_kaunda,139
462,7/14/2020 0:00:00,dr_kenneth_kaunda,98
463,7/15/2020 0:00:00,dr_kenneth_kaunda,130
464,7/16/2020 0:00:00,dr_kenneth_kaunda,132
465,7/17/2020 0:00:00,dr_kenneth_kaunda,214
466,7/18/2020 0:00:00,dr_kenneth_kaunda,193
467,7/19/2020 0:00:00,dr_kenneth_kaunda,147
468,7/20/2020 0:00:00,dr_kenneth_kaunda,107
469,7/21/2020 0:00:00,dr_kenneth_kaunda,77
470,7/22/2020 0:00:00,dr_kenneth_kaunda,111
471,7/23/2020 0:00:00,dr_kenneth_kaunda,278
472,7/24/2020 0:00:00,dr_kenneth_kaunda,154
473,7/25/2020 0:00:00,dr_kenneth_kaunda,118
474,7/26/2020 0:00:00,dr_kenneth_kaunda,114
475,7/27/2020 0:00:00,dr_kenneth_kaunda,66
476,7/28/2020 0:00:00,dr_kenneth_kaunda,76
477,7/29/2020 0:00:00,dr_kenneth_kaunda,124
478,7/30/2020 0:00:00,dr_kenneth_kaunda,196
479,7/31/2020 0:00:00,dr_kenneth_kaunda,158
480,8/1/2020 0:00:00,dr_kenneth_kaunda,135
481,8/2/2020 0:00:00,dr_kenneth_kaunda,62
482,8/3/2020 0:00:00,dr_kenneth_kaunda,97
483,8/4/2020 0:00:00,dr_kenneth_kaunda,63
484,8/5/2020 0:00:00,dr_kenneth_kaunda,119
485,8/6/2020 0:00:00,dr_kenneth_kaunda,147
486,8/7/2020 0:00:00,dr_kenneth_kaunda,87
487,8/8/2020 0:00:00,dr_kenneth_kaunda,159
488,8/9/2020 0:00:00,dr_kenneth_kaunda,66
489,8/10/2020 0:00:00,dr_kenneth_kaunda,44
490,8/11/2020 0:00:00,dr_kenneth_kaunda,39
491,8/12/2020 0:00:00,dr_kenneth_kaunda,86
492,8/13/2020 0:00:00,dr_kenneth_kaunda,112
493,8/14/2020 0:00:00,dr_kenneth_kaunda,107
494,8/15/2020 0:00:00,dr_kenneth_kaunda,61
495,8/16/2020 0:00:00,dr_kenneth_kaunda,55
496,8/17/2020 0:00:00,dr_kenneth_kaunda,13
497,8/18/2020 0:00:00,dr_kenneth_kaunda,67
498,8/19/2020 0:00:00,dr_kenneth_kaunda,73
499,8/20/2020 0:00:00,dr_kenneth_kaunda,101
500,8/21/2020 0:00:00,dr_kenneth_kaunda,49
501,8/23/2020 0:00:00,dr_kenneth_kaunda,96
502,8/24/2020 0:00:00,dr_kenneth_kaunda,32
503,8/25/2020 0:00:00,dr_kenneth_kaunda,52
504,8/26/2020 0:00:00,dr_kenneth_kaunda,67
505,8/27/2020 0:00:00,dr_kenneth_kaunda,42
506,8/28/2020 0:00:00,dr_kenneth_kaunda,29
507,8/29/2020 0:00:00,dr_kenneth_kaunda,64
508,8/30/2020 0:00:00,dr_kenneth_kaunda,40
509,8/31/2020 0:00:00,dr_kenneth_kaunda,34
510,9/1/2020 0:00:00,dr_kenneth_kaunda,27
511,9/2/2020 0:00:00,dr_kenneth_kaunda,74
512,9/3/2020 0:00:00,dr_kenneth_kaunda,57
513,9/4/2020 0:00:00,dr_kenneth_kaunda,45
514,9/5/2020 0:00:00,dr_kenneth_kaunda,58
515,9/6/2020 0:00:00,dr_kenneth_kaunda,68
516,9/7/2020 0:00:00,dr_kenneth_kaunda,21
517,9/8/2020 0:00:00,dr_kenneth_kaunda,50
518,9/9/2020 0:00:00,dr_kenneth_kaunda,73
519,9/10/2020 0:00:00,dr_kenneth_kaunda,82
520,9/11/2020 0:00:00,dr_kenneth_kaunda,254
521,9/12/2020 0:00:00,dr_kenneth_kaunda,358
522,9/13/2020 0:00:00,dr_kenneth_kaunda,40
523,9/14/2020 0:00:00,dr_kenneth_kaunda,9
524,9/15/2020 0:00:00,dr_kenneth_kaunda,34
525,9/16/2020 0:00:00,dr_kenneth_kaunda,93
526,9/17/2020 0:00:00,dr_kenneth_kaunda,62
527,9/18/2020 0:00:00,dr_kenneth_kaunda,66
528,9/19/2020 0:00:00,dr_kenneth_kaunda,41
529,9/20/2020 0:00:00,dr_kenneth_kaunda,74
530,9/21/2020 0:00:00,dr_kenneth_kaunda,14
531,9/22/2020 0:00:00,dr_kenneth_kaunda,55
532,9/23/2020 0:00:00,dr_kenneth_kaunda,85
533,9/24/2020 0:00:00,dr_kenneth_kaunda,58
534,9/25/2020 0:00:00,dr_kenneth_kaunda,53
535,9/26/2020 0:00:00,dr_kenneth_kaunda,23
536,9/27/2020 0:00:00,dr_kenneth_kaunda,44
537,9/28/2020 0:00:00,dr_kenneth_kaunda,12
538,9/29/2020 0:00:00,dr_kenneth_kaunda,40
539,9/30/2020 0:00:00,dr_kenneth_kaunda,51
540,10/1/2020 0:00:00,dr_kenneth_kaunda,42
541,10/2/2020 0:00:00,dr_kenneth_kaunda,63
542,10/3/2020 0:00:00,dr_kenneth_kaunda,84
543,10/4/2020 0:00:00,dr_kenneth_kaunda,32
544,10/5/2020 0:00:00,dr_kenneth_kaunda,55
545,10/6/2020 0:00:00,dr_kenneth_kaunda,45
546,10/7/2020 0:00:00,dr_kenneth_kaunda,66
547,10/8/2020 0:00:00,dr_kenneth_kaunda,27
548,10/9/2020 0:00:00,dr_kenneth_kaunda,52
549,10/10/2020 0:00:00,dr_kenneth_kaunda,57
550,10/11/2020 0:00:00,dr_kenneth_kaunda,37
551,10/12/2020 0:00:00,dr_kenneth_kaunda,41
552,10/13/2020 0:00:00,dr_kenneth_kaunda,29
553,10/14/2020 0:00:00,dr_kenneth_kaunda,59
554,10/15/2020 0:00:00,dr_kenneth_kaunda,28
555,10/16/2020 0:00:00,dr_kenneth_kaunda,55
556,10/17/2020 0:00:00,dr_kenneth_kaunda,59
557,10/18/2020 0:00:00,dr_kenneth_kaunda,48
558,10/19/2020 0:00:00,dr_kenneth_kaunda,25
559,10/20/2020 0:00:00,dr_kenneth_kaunda,33
560,10/21/2020 0:00:00,dr_kenneth_kaunda,86
561,10/22/2020 0:00:00,dr_kenneth_kaunda,86
562,10/23/2020 0:00:00,dr_kenneth_kaunda,40
563,10/24/2020 0:00:00,dr_kenneth_kaunda,23
564,10/25/2020 0:00:00,dr_kenneth_kaunda,25
565,10/26/2020 0:00:00,dr_kenneth_kaunda,2
566,10/27/2020 0:00:00,dr_kenneth_kaunda,9
567,10/28/2020 0:00:00,dr_kenneth_kaunda,63
568,10/29/2020 0:00:00,dr_kenneth_kaunda,39
569,10/30/2020 0:00:00,dr_kenneth_kaunda,40
570,10/31/2020 0:00:00,dr_kenneth_kaunda,20
571,11/1/2020 0:00:00,dr_kenneth_kaunda,25
572,11/2/2020 0:00:00,dr_kenneth_kaunda,26
573,11/3/2020 0:00:00,dr_kenneth_kaunda,16
574,11/4/2020 0:00:00,dr_kenneth_kaunda,35
575,11/5/2020 0:00:00,dr_kenneth_kaunda,25
576,11/6/2020 0:00:00,dr_kenneth_kaunda,28
577,11/7/2020 0:00:00,dr_kenneth_kaunda,17
578,11/8/2020 0:00:00,dr_kenneth_kaunda,17
579,11/9/2020 0:00:00,dr_kenneth_kaunda,10
580,11/10/2020 0:00:00,dr_kenneth_kaunda,18
581,11/11/2020 0:00:00,dr_kenneth_kaunda,23
582,11/12/2020 0:00:00,dr_kenneth_kaunda,29
583,11/13/2020 0:00:00,dr_kenneth_kaunda,19
584,11/14/2020 0:00:00,dr_kenneth_kaunda,23
585,11/15/2020 0:00:00,dr_kenneth_kaunda,15
586,11/16/2020 0:00:00,dr_kenneth_kaunda,1
587,11/17/2020 0:00:00,dr_kenneth_kaunda,10
588,11/18/2020 0:00:00,dr_kenneth_kaunda,19
589,11/19/2020 0:00:00,dr_kenneth_kaunda,7
590,11/20/2020 0:00:00,dr_kenneth_kaunda,12
591,11/21/2020 0:00:00,dr_kenneth_kaunda,8
592,11/22/2020 0:00:00,dr_kenneth_kaunda,7
593,11/23/2020 0:00:00,dr_kenneth_kaunda,8
594,11/24/2020 0:00:00,dr_kenneth_kaunda,20
595,11/25/2020 0:00:00,dr_kenneth_kaunda,9
596,11/26/2020 0:00:00,dr_kenneth_kaunda,6
597,11/27/2020 0:00:00,dr_kenneth_kaunda,18
598,11/28/2020 0:00:00,dr_kenneth_kaunda,13
599,11/29/2020 0:00:00,dr_kenneth_kaunda,9
600,11/30/2020 0:00:00,dr_kenneth_kaunda,4
601,12/1/2020 0:00:00,dr_kenneth_kaunda,8
602,12/2/2020 0:00:00,dr_kenneth_kaunda,7
603,12/3/2020 0:00:00,dr_kenneth_kaunda,10
604,12/4/2020 0:00:00,dr_kenneth_kaunda,18
605,12/5/2020 0:00:00,dr_kenneth_kaunda,6
606,12/6/2020 0:00:00,dr_kenneth_kaunda,10
607,12/7/2020 0:00:00,dr_kenneth_kaunda,5
608,12/8/2020 0:00:00,dr_kenneth_kaunda,9
609,12/9/2020 0:00:00,dr_kenneth_kaunda,9
610,12/10/2020 0:00:00,dr_kenneth_kaunda,42
611,12/11/2020 0:00:00,dr_kenneth_kaunda,31
612,12/12/2020 0:00:00,dr_kenneth_kaunda,42
613,12/13/2020 0:00:00,dr_kenneth_kaunda,25
614,12/14/2020 0:00:00,dr_kenneth_kaunda,11
615,12/15/2020 0:00:00,dr_kenneth_kaunda,35
616,12/16/2020 0:00:00,dr_kenneth_kaunda,41
617,12/17/2020 0:00:00,dr_kenneth_kaunda,29
618,12/18/2020 0:00:00,dr_kenneth_kaunda,19
619,12/19/2020 0:00:00,dr_kenneth_kaunda,29
620,12/20/2020 0:00:00,dr_kenneth_kaunda,35
621,12/21/2020 0:00:00,dr_kenneth_kaunda,16
622,12/22/2020 0:00:00,dr_kenneth_kaunda,59
623,12/23/2020 0:00:00,dr_kenneth_kaunda,53
624,12/24/2020 0:00:00,dr_kenneth_kaunda,41
625,12/25/2020 0:00:00,dr_kenneth_kaunda,53
626,12/26/2020 0:00:00,dr_kenneth_kaunda,47
627,12/27/2020 0:00:00,dr_kenneth_kaunda,28
628,12/28/2020 0:00:00,dr_kenneth_kaunda,33
629,12/29/2020 0:00:00,dr_kenneth_kaunda,58
630,12/30/2020 0:00:00,dr_kenneth_kaunda,83
631,12/31/2020 0:00:00,dr_kenneth_kaunda,107
632,1/1/2021 0:00:00,dr_kenneth_kaunda,90
633,1/2/2021 0:00:00,dr_kenneth_kaunda,82
634,1/3/2021 0:00:00,dr_kenneth_kaunda,58
635,1/4/2021 0:00:00,dr_kenneth_kaunda,51
636,1/5/2021 0:00:00,dr_kenneth_kaunda,70
637,1/6/2021 0:00:00,dr_kenneth_kaunda,152
638,1/7/2021 0:00:00,dr_kenneth_kaunda,126
639,1/8/2021 0:00:00,dr_kenneth_kaunda,111
640,1/9/2021 0:00:00,dr_kenneth_kaunda,161
641,1/10/2021 0:00:00,dr_kenneth_kaunda,87
642,1/11/2021 0:00:00,dr_kenneth_kaunda,148
643,1/12/2021 0:00:00,dr_kenneth_kaunda,163
644,1/13/2021 0:00:00,dr_kenneth_kaunda,189
645,1/14/2021 0:00:00,dr_kenneth_kaunda,127
646,1/15/2021 0:00:00,dr_kenneth_kaunda,120
647,1/16/2021 0:00:00,dr_kenneth_kaunda,137
648,1/17/2021 0:00:00,dr_kenneth_kaunda,95
649,1/18/2021 0:00:00,dr_kenneth_kaunda,58
650,1/19/2021 0:00:00,dr_kenneth_kaunda,57
651,1/20/2021 0:00:00,dr_kenneth_kaunda,88
652,1/21/2021 0:00:00,dr_kenneth_kaunda,50
653,1/22/2021 0:00:00,dr_kenneth_kaunda,163
654,1/23/2021 0:00:00,dr_kenneth_kaunda,179
655,1/24/2021 0:00:00,dr_kenneth_kaunda,102
656,1/25/2021 0:00:00,dr_kenneth_kaunda,28
657,1/26/2021 0:00:00,dr_kenneth_kaunda,43
658,1/27/2021 0:00:00,dr_kenneth_kaunda,59
659,1/28/2021 0:00:00,dr_kenneth_kaunda,203
660,1/29/2021 0:00:00,dr_kenneth_kaunda,224
661,1/30/2021 0:00:00,dr_kenneth_kaunda,83
662,1/31/2021 0:00:00,dr_kenneth_kaunda,59
663,2/1/2021 0:00:00,dr_kenneth_kaunda,13
664,2/2/2021 0:00:00,dr_kenneth_kaunda,35
665,2/3/2021 0:00:00,dr_kenneth_kaunda,78
666,2/4/2021 0:00:00,dr_kenneth_kaunda,61
667,2/5/2021 0:00:00,dr_kenneth_kaunda,64
668,2/6/2021 0:00:00,dr_kenneth_kaunda,40
669,2/7/2021 0:00:00,dr_kenneth_kaunda,35
670,2/8/2021 0:00:00,dr_kenneth_kaunda,26
671,2/9/2021 0:00:00,dr_kenneth_kaunda,42
672,2/10/2021 0:00:00,dr_kenneth_kaunda,74
673,2/11/2021 0:00:00,dr_kenneth_kaunda,45
674,2/12/2021 0:00:00,dr_kenneth_kaunda,47
675,2/13/2021 0:00:00,dr_kenneth_kaunda,49
676,2/14/2021 0:00:00,dr_kenneth_kaunda,41
677,2/15/2021 0:00:00,dr_kenneth_kaunda,32
678,2/16/2021 0:00:00,dr_kenneth_kaunda,21
679,2/17/2021 0:00:00,dr_kenneth_kaunda,67
680,2/18/2021 0:00:00,dr_kenneth_kaunda,51
681,2/19/2021 0:00:00,dr_kenneth_kaunda,41
682,2/20/2021 0:00:00,dr_kenneth_kaunda,36
683,2/21/2021 0:00:00,dr_kenneth_kaunda,43
684,2/22/2021 0:00:00,dr_kenneth_kaunda,12
685,2/23/2021 0:00:00,dr_kenneth_kaunda,26
686,2/24/2021 0:00:00,dr_kenneth_kaunda,64
687,2/25/2021 0:00:00,dr_kenneth_kaunda,929
688,2/26/2021 0:00:00,dr_kenneth_kaunda,853
689,2/27/2021 0:00:00,dr_kenneth_kaunda,28
690,2/28/2021 0:00:00,dr_kenneth_kaunda,26
691,3/1/2021 0:00:00,dr_kenneth_kaunda,7
692,3/2/2021 0:00:00,dr_kenneth_kaunda,17
693,3/3/2021 0:00:00,dr_kenneth_kaunda,51
694,3/4/2021 0:00:00,dr_kenneth_kaunda,46
695,3/5/2021 0:00:00,dr_kenneth_kaunda,34
696,3/6/2021 0:00:00,dr_kenneth_kaunda,41
697,3/7/2021 0:00:00,dr_kenneth_kaunda,19
698,3/8/2021 0:00:00,dr_kenneth_kaunda,16
699,3/9/2021 0:00:00,dr_kenneth_kaunda,32
700,3/10/2021 0:00:00,dr_kenneth_kaunda,41
701,3/11/2021 0:00:00,dr_kenneth_kaunda,44
702,3/12/2021 0:00:00,dr_kenneth_kaunda,26
703,3/13/2021 0:00:00,dr_kenneth_kaunda,56
704,3/14/2021 0:00:00,dr_kenneth_kaunda,37
705,3/15/2021 0:00:00,dr_kenneth_kaunda,23
706,3/16/2021 0:00:00,dr_kenneth_kaunda,20
707,3/17/2021 0:00:00,dr_kenneth_kaunda,75
708,3/18/2021 0:00:00,dr_kenneth_kaunda,55
709,3/19/2021 0:00:00,dr_kenneth_kaunda,67
710,3/20/2021 0:00:00,dr_kenneth_kaunda,49
711,3/21/2021 0:00:00,dr_kenneth_kaunda,27
712,3/22/2021 0:00:00,dr_kenneth_kaunda,27
713,3/23/2021 0:00:00,dr_kenneth_kaunda,11
714,3/24/2021 0:00:00,dr_kenneth_kaunda,46
715,3/25/2021 0:00:00,dr_kenneth_kaunda,59
716,3/26/2021 0:00:00,dr_kenneth_kaunda,52
717,3/27/2021 0:00:00,dr_kenneth_kaunda,53
718,3/28/2021 0:00:00,dr_kenneth_kaunda,47
719,3/29/2021 0:00:00,dr_kenneth_kaunda,14
720,3/30/2021 0:00:00,dr_kenneth_kaunda,46
721,3/31/2021 0:00:00,dr_kenneth_kaunda,65
722,4/1/2021 0:00:00,dr_kenneth_kaunda,52
723,4/2/2021 0:00:00,dr_kenneth_kaunda,59
724,4/3/2021 0:00:00,dr_kenneth_kaunda,16
725,4/4/2021 0:00:00,dr_kenneth_kaunda,11
726,4/5/2021 0:00:00,dr_kenneth_kaunda,16
727,4/6/2021 0:00:00,dr_kenneth_kaunda,18
728,4/7/2021 0:00:00,dr_kenneth_kaunda,22
729,4/8/2021 0:00:00,dr_kenneth_kaunda,48
730,4/9/2021 0:00:00,dr_kenneth_kaunda,59
731,4/10/2021 0:00:00,dr_kenneth_kaunda,59
732,4/11/2021 0:00:00,dr_kenneth_kaunda,41
733,4/12/2021 0:00:00,dr_kenneth_kaunda,30
734,4/13/2021 0:00:00,dr_kenneth_kaunda,30
735,4/14/2021 0:00:00,dr_kenneth_kaunda,0
736,4/15/2021 0:00:00,dr_kenneth_kaunda,153
737,4/16/2021 0:00:00,dr_kenneth_kaunda,61
738,4/17/2021 0:00:00,dr_kenneth_kaunda,68
739,4/18/2021 0:00:00,dr_kenneth_kaunda,41
740,4/19/2021 0:00:00,dr_kenneth_kaunda,33
741,4/20/2021 0:00:00,dr_kenneth_kaunda,41
742,4/21/2021 0:00:00,dr_kenneth_kaunda,51
743,4/22/2021 0:00:00,dr_kenneth_kaunda,89
744,4/23/2021 0:00:00,dr_kenneth_kaunda,60
745,4/24/2021 0:00:00,dr_kenneth_kaunda,80
746,4/25/2021 0:00:00,dr_kenneth_kaunda,61
747,3/29/2020 0:00:00,dr_ruth_segomotsi_mompati,1
748,3/30/2020 0:00:00,dr_ruth_segomotsi_mompati,0
749,4/1/2020 0:00:00,dr_ruth_segomotsi_mompati,0
750,4/2/2020 0:00:00,dr_ruth_segomotsi_mompati,0
751,4/5/2020 0:00:00,dr_ruth_segomotsi_mompati,0
752,4/6/2020 0:00:00,dr_ruth_segomotsi_mompati,0
753,4/9/2020 0:00:00,dr_ruth_segomotsi_mompati,0
754,4/10/2020 0:00:00,dr_ruth_segomotsi_mompati,0
755,4/13/2020 0:00:00,dr_ruth_segomotsi_mompati,0
756,4/14/2020 0:00:00,dr_ruth_segomotsi_mompati,0
757,4/16/2020 0:00:00,dr_ruth_segomotsi_mompati,0
758,4/17/2020 0:00:00,dr_ruth_segomotsi_mompati,0
759,4/18/2020 0:00:00,dr_ruth_segomotsi_mompati,0
760,4/20/2020 0:00:00,dr_ruth_segomotsi_mompati,0
761,4/21/2020 0:00:00,dr_ruth_segomotsi_mompati,0
762,4/22/2020 0:00:00,dr_ruth_segomotsi_mompati,0
763,4/24/2020 0:00:00,dr_ruth_segomotsi_mompati,0
764,4/26/2020 0:00:00,dr_ruth_segomotsi_mompati,0
765,4/27/2020 0:00:00,dr_ruth_segomotsi_mompati,0
766,4/28/2020 0:00:00,dr_ruth_segomotsi_mompati,0
767,4/29/2020 0:00:00,dr_ruth_segomotsi_mompati,0
768,4/30/2020 0:00:00,dr_ruth_segomotsi_mompati,0
769,5/4/2020 0:00:00,dr_ruth_segomotsi_mompati,0
770,5/5/2020 0:00:00,dr_ruth_segomotsi_mompati,0
771,5/6/2020 0:00:00,dr_ruth_segomotsi_mompati,0
772,5/7/2020 0:00:00,dr_ruth_segomotsi_mompati,0
773,5/8/2020 0:00:00,dr_ruth_segomotsi_mompati,0
774,5/9/2020 0:00:00,dr_ruth_segomotsi_mompati,0
775,5/10/2020 0:00:00,dr_ruth_segomotsi_mompati,0
776,5/11/2020 0:00:00,dr_ruth_segomotsi_mompati,0
777,5/12/2020 0:00:00,dr_ruth_segomotsi_mompati,0
778,5/13/2020 0:00:00,dr_ruth_segomotsi_mompati,0
779,5/14/2020 0:00:00,dr_ruth_segomotsi_mompati,0
780,5/15/2020 0:00:00,dr_ruth_segomotsi_mompati,0
781,5/16/2020 0:00:00,dr_ruth_segomotsi_mompati,0
782,5/17/2020 0:00:00,dr_ruth_segomotsi_mompati,1
783,5/18/2020 0:00:00,dr_ruth_segomotsi_mompati,0
784,5/19/2020 0:00:00,dr_ruth_segomotsi_mompati,0
785,5/20/2020 0:00:00,dr_ruth_segomotsi_mompati,0
786,5/21/2020 0:00:00,dr_ruth_segomotsi_mompati,1
787,5/22/2020 0:00:00,dr_ruth_segomotsi_mompati,0
788,5/23/2020 0:00:00,dr_ruth_segomotsi_mompati,0
789,5/24/2020 0:00:00,dr_ruth_segomotsi_mompati,0
790,5/25/2020 0:00:00,dr_ruth_segomotsi_mompati,0
791,5/26/2020 0:00:00,dr_ruth_segomotsi_mompati,0
792,5/27/2020 0:00:00,dr_ruth_segomotsi_mompati,0
793,5/28/2020 0:00:00,dr_ruth_segomotsi_mompati,0
794,5/29/2020 0:00:00,dr_ruth_segomotsi_mompati,0
795,5/30/2020 0:00:00,dr_ruth_segomotsi_mompati,1
796,5/31/2020 0:00:00,dr_ruth_segomotsi_mompati,0
797,6/1/2020 0:00:00,dr_ruth_segomotsi_mompati,1
798,6/2/2020 0:00:00,dr_ruth_segomotsi_mompati,0
799,6/3/2020 0:00:00,dr_ruth_segomotsi_mompati,0
800,6/4/2020 0:00:00,dr_ruth_segomotsi_mompati,0
801,6/5/2020 0:00:00,dr_ruth_segomotsi_mompati,0
802,6/6/2020 0:00:00,dr_ruth_segomotsi_mompati,0
803,6/7/2020 0:00:00,dr_ruth_segomotsi_mompati,0
804,6/8/2020 0:00:00,dr_ruth_segomotsi_mompati,0
805,6/9/2020 0:00:00,dr_ruth_segomotsi_mompati,0
806,6/10/2020 0:00:00,dr_ruth_segomotsi_mompati,0
807,6/11/2020 0:00:00,dr_ruth_segomotsi_mompati,0
808,6/17/2020 0:00:00,dr_ruth_segomotsi_mompati,1
809,6/18/2020 0:00:00,dr_ruth_segomotsi_mompati,1
810,6/19/2020 0:00:00,dr_ruth_segomotsi_mompati,3
811,6/20/2020 0:00:00,dr_ruth_segomotsi_mompati,1
812,6/21/2020 0:00:00,dr_ruth_segomotsi_mompati,0
813,6/22/2020 0:00:00,dr_ruth_segomotsi_mompati,4
814,6/23/2020 0:00:00,dr_ruth_segomotsi_mompati,0
815,6/24/2020 0:00:00,dr_ruth_segomotsi_mompati,4
816,6/25/2020 0:00:00,dr_ruth_segomotsi_mompati,9
817,6/26/2020 0:00:00,dr_ruth_segomotsi_mompati,4
818,6/27/2020 0:00:00,dr_ruth_segomotsi_mompati,4
819,6/28/2020 0:00:00,dr_ruth_segomotsi_mompati,1
820,6/29/2020 0:00:00,dr_ruth_segomotsi_mompati,3
821,6/30/2020 0:00:00,dr_ruth_segomotsi_mompati,1
822,7/1/2020 0:00:00,dr_ruth_segomotsi_mompati,4
823,7/2/2020 0:00:00,dr_ruth_segomotsi_mompati,18
824,7/3/2020 0:00:00,dr_ruth_segomotsi_mompati,14
825,7/4/2020 0:00:00,dr_ruth_segomotsi_mompati,5
826,7/5/2020 0:00:00,dr_ruth_segomotsi_mompati,12
827,7/6/2020 0:00:00,dr_ruth_segomotsi_mompati,2
828,7/7/2020 0:00:00,dr_ruth_segomotsi_mompati,13
829,7/8/2020 0:00:00,dr_ruth_segomotsi_mompati,4
830,7/9/2020 0:00:00,dr_ruth_segomotsi_mompati,14
831,7/10/2020 0:00:00,dr_ruth_segomotsi_mompati,29
832,7/11/2020 0:00:00,dr_ruth_segomotsi_mompati,24
833,7/12/2020 0:00:00,dr_ruth_segomotsi_mompati,21
834,7/13/2020 0:00:00,dr_ruth_segomotsi_mompati,23
835,7/14/2020 0:00:00,dr_ruth_segomotsi_mompati,4
836,7/15/2020 0:00:00,dr_ruth_segomotsi_mompati,28
837,7/16/2020 0:00:00,dr_ruth_segomotsi_mompati,22
838,7/17/2020 0:00:00,dr_ruth_segomotsi_mompati,27
839,7/18/2020 0:00:00,dr_ruth_segomotsi_mompati,22
840,7/19/2020 0:00:00,dr_ruth_segomotsi_mompati,31
841,7/20/2020 0:00:00,dr_ruth_segomotsi_mompati,34
842,7/21/2020 0:00:00,dr_ruth_segomotsi_mompati,3
843,7/22/2020 0:00:00,dr_ruth_segomotsi_mompati,12
844,7/23/2020 0:00:00,dr_ruth_segomotsi_mompati,31
845,7/24/2020 0:00:00,dr_ruth_segomotsi_mompati,70
846,7/25/2020 0:00:00,dr_ruth_segomotsi_mompati,25
847,7/26/2020 0:00:00,dr_ruth_segomotsi_mompati,30
848,7/27/2020 0:00:00,dr_ruth_segomotsi_mompati,22
849,7/28/2020 0:00:00,dr_ruth_segomotsi_mompati,10
850,7/29/2020 0:00:00,dr_ruth_segomotsi_mompati,22
851,7/30/2020 0:00:00,dr_ruth_segomotsi_mompati,41
852,7/31/2020 0:00:00,dr_ruth_segomotsi_mompati,41
853,8/1/2020 0:00:00,dr_ruth_segomotsi_mompati,31
854,8/2/2020 0:00:00,dr_ruth_segomotsi_mompati,29
855,8/3/2020 0:00:00,dr_ruth_segomotsi_mompati,24
856,8/4/2020 0:00:00,dr_ruth_segomotsi_mompati,25
857,8/5/2020 0:00:00,dr_ruth_segomotsi_mompati,20
858,8/6/2020 0:00:00,dr_ruth_segomotsi_mompati,22
859,8/7/2020 0:00:00,dr_ruth_segomotsi_mompati,38
860,8/8/2020 0:00:00,dr_ruth_segomotsi_mompati,28
861,8/9/2020 0:00:00,dr_ruth_segomotsi_mompati,29
862,8/10/2020 0:00:00,dr_ruth_segomotsi_mompati,27
863,8/11/2020 0:00:00,dr_ruth_segomotsi_mompati,3
864,8/12/2020 0:00:00,dr_ruth_segomotsi_mompati,5
865,8/13/2020 0:00:00,dr_ruth_segomotsi_mompati,14
866,8/14/2020 0:00:00,dr_ruth_segomotsi_mompati,50
867,8/15/2020 0:00:00,dr_ruth_segomotsi_mompati,42
868,8/16/2020 0:00:00,dr_ruth_segomotsi_mompati,20
869,8/17/2020 0:00:00,dr_ruth_segomotsi_mompati,18
870,8/18/2020 0:00:00,dr_ruth_segomotsi_mompati,5
871,8/19/2020 0:00:00,dr_ruth_segomotsi_mompati,31
872,8/20/2020 0:00:00,dr_ruth_segomotsi_mompati,27
873,8/21/2020 0:00:00,dr_ruth_segomotsi_mompati,20
874,8/23/2020 0:00:00,dr_ruth_segomotsi_mompati,63
875,8/24/2020 0:00:00,dr_ruth_segomotsi_mompati,12
876,8/25/2020 0:00:00,dr_ruth_segomotsi_mompati,5
877,8/26/2020 0:00:00,dr_ruth_segomotsi_mompati,32
878,8/27/2020 0:00:00,dr_ruth_segomotsi_mompati,18
879,8/28/2020 0:00:00,dr_ruth_segomotsi_mompati,33
880,8/29/2020 0:00:00,dr_ruth_segomotsi_mompati,24
881,8/30/2020 0:00:00,dr_ruth_segomotsi_mompati,100
882,8/31/2020 0:00:00,dr_ruth_segomotsi_mompati,29
883,9/1/2020 0:00:00,dr_ruth_segomotsi_mompati,3
884,9/2/2020 0:00:00,dr_ruth_segomotsi_mompati,30
885,9/3/2020 0:00:00,dr_ruth_segomotsi_mompati,41
886,9/4/2020 0:00:00,dr_ruth_segomotsi_mompati,38
887,9/5/2020 0:00:00,dr_ruth_segomotsi_mompati,15
888,9/6/2020 0:00:00,dr_ruth_segomotsi_mompati,28
889,9/7/2020 0:00:00,dr_ruth_segomotsi_mompati,13
890,9/8/2020 0:00:00,dr_ruth_segomotsi_mompati,9
891,9/9/2020 0:00:00,dr_ruth_segomotsi_mompati,24
892,9/10/2020 0:00:00,dr_ruth_segomotsi_mompati,52
893,9/11/2020 0:00:00,dr_ruth_segomotsi_mompati,51
894,9/12/2020 0:00:00,dr_ruth_segomotsi_mompati,31
895,9/13/2020 0:00:00,dr_ruth_segomotsi_mompati,36
896,9/14/2020 0:00:00,dr_ruth_segomotsi_mompati,24
897,9/15/2020 0:00:00,dr_ruth_segomotsi_mompati,3
898,9/16/2020 0:00:00,dr_ruth_segomotsi_mompati,37
899,9/17/2020 0:00:00,dr_ruth_segomotsi_mompati,31
900,9/18/2020 0:00:00,dr_ruth_segomotsi_mompati,27
901,9/19/2020 0:00:00,dr_ruth_segomotsi_mompati,35
902,9/20/2020 0:00:00,dr_ruth_segomotsi_mompati,25
903,9/21/2020 0:00:00,dr_ruth_segomotsi_mompati,8
904,9/22/2020 0:00:00,dr_ruth_segomotsi_mompati,10
905,9/23/2020 0:00:00,dr_ruth_segomotsi_mompati,37
906,9/24/2020 0:00:00,dr_ruth_segomotsi_mompati,25
907,9/25/2020 0:00:00,dr_ruth_segomotsi_mompati,9
908,9/26/2020 0:00:00,dr_ruth_segomotsi_mompati,6
909,9/27/2020 0:00:00,dr_ruth_segomotsi_mompati,13
910,9/28/2020 0:00:00,dr_ruth_segomotsi_mompati,11
911,9/29/2020 0:00:00,dr_ruth_segomotsi_mompati,7
912,9/30/2020 0:00:00,dr_ruth_segomotsi_mompati,32
913,10/1/2020 0:00:00,dr_ruth_segomotsi_mompati,20
914,10/2/2020 0:00:00,dr_ruth_segomotsi_mompati,17
915,10/3/2020 0:00:00,dr_ruth_segomotsi_mompati,42
916,10/4/2020 0:00:00,dr_ruth_segomotsi_mompati,10
917,10/5/2020 0:00:00,dr_ruth_segomotsi_mompati,3
918,10/6/2020 0:00:00,dr_ruth_segomotsi_mompati,10
919,10/7/2020 0:00:00,dr_ruth_segomotsi_mompati,18
920,10/8/2020 0:00:00,dr_ruth_segomotsi_mompati,31
921,10/9/2020 0:00:00,dr_ruth_segomotsi_mompati,16
922,10/10/2020 0:00:00,dr_ruth_segomotsi_mompati,32
923,10/11/2020 0:00:00,dr_ruth_segomotsi_mompati,18
924,10/12/2020 0:00:00,dr_ruth_segomotsi_mompati,11
925,10/13/2020 0:00:00,dr_ruth_segomotsi_mompati,14
926,10/14/2020 0:00:00,dr_ruth_segomotsi_mompati,16
927,10/15/2020 0:00:00,dr_ruth_segomotsi_mompati,47
928,10/16/2020 0:00:00,dr_ruth_segomotsi_mompati,28
929,10/17/2020 0:00:00,dr_ruth_segomotsi_mompati,24
930,10/18/2020 0:00:00,dr_ruth_segomotsi_mompati,15
931,10/19/2020 0:00:00,dr_ruth_segomotsi_mompati,18
932,10/20/2020 0:00:00,dr_ruth_segomotsi_mompati,9
933,10/21/2020 0:00:00,dr_ruth_segomotsi_mompati,21
934,10/22/2020 0:00:00,dr_ruth_segomotsi_mompati,31
935,10/23/2020 0:00:00,dr_ruth_segomotsi_mompati,29
936,10/24/2020 0:00:00,dr_ruth_segomotsi_mompati,11
937,10/25/2020 0:00:00,dr_ruth_segomotsi_mompati,8
938,10/26/2020 0:00:00,dr_ruth_segomotsi_mompati,7
939,10/27/2020 0:00:00,dr_ruth_segomotsi_mompati,3
940,10/28/2020 0:00:00,dr_ruth_segomotsi_mompati,28
941,10/29/2020 0:00:00,dr_ruth_segomotsi_mompati,28
942,10/30/2020 0:00:00,dr_ruth_segomotsi_mompati,14
943,10/31/2020 0:00:00,dr_ruth_segomotsi_mompati,22
944,11/1/2020 0:00:00,dr_ruth_segomotsi_mompati,5
945,11/2/2020 0:00:00,dr_ruth_segomotsi_mompati,2
946,11/3/2020 0:00:00,dr_ruth_segomotsi_mompati,0
947,11/4/2020 0:00:00,dr_ruth_segomotsi_mompati,2
948,11/5/2020 0:00:00,dr_ruth_segomotsi_mompati,11
949,11/6/2020 0:00:00,dr_ruth_segomotsi_mompati,8
950,11/7/2020 0:00:00,dr_ruth_segomotsi_mompati,6
951,11/8/2020 0:00:00,dr_ruth_segomotsi_mompati,3
952,11/9/2020 0:00:00,dr_ruth_segomotsi_mompati,0
953,11/10/2020 0:00:00,dr_ruth_segomotsi_mompati,2
954,11/11/2020 0:00:00,dr_ruth_segomotsi_mompati,5
955,11/12/2020 0:00:00,dr_ruth_segomotsi_mompati,2
956,11/13/2020 0:00:00,dr_ruth_segomotsi_mompati,2
957,11/14/2020 0:00:00,dr_ruth_segomotsi_mompati,7
958,11/15/2020 0:00:00,dr_ruth_segomotsi_mompati,2
959,11/16/2020 0:00:00,dr_ruth_segomotsi_mompati,4
960,11/17/2020 0:00:00,dr_ruth_segomotsi_mompati,3
961,11/18/2020 0:00:00,dr_ruth_segomotsi_mompati,3
962,11/19/2020 0:00:00,dr_ruth_segomotsi_mompati,2
963,11/20/2020 0:00:00,dr_ruth_segomotsi_mompati,4
964,11/21/2020 0:00:00,dr_ruth_segomotsi_mompati,1
965,11/22/2020 0:00:00,dr_ruth_segomotsi_mompati,3
966,11/23/2020 0:00:00,dr_ruth_segomotsi_mompati,0
967,11/24/2020 0:00:00,dr_ruth_segomotsi_mompati,0
968,11/25/2020 0:00:00,dr_ruth_segomotsi_mompati,6
969,11/26/2020 0:00:00,dr_ruth_segomotsi_mompati,0
970,11/27/2020 0:00:00,dr_ruth_segomotsi_mompati,1
971,11/28/2020 0:00:00,dr_ruth_segomotsi_mompati,0
972,11/29/2020 0:00:00,dr_ruth_segomotsi_mompati,2
973,11/30/2020 0:00:00,dr_ruth_segomotsi_mompati,2
974,12/1/2020 0:00:00,dr_ruth_segomotsi_mompati,0
975,12/2/2020 0:00:00,dr_ruth_segomotsi_mompati,2
976,12/3/2020 0:00:00,dr_ruth_segomotsi_mompati,0
977,12/4/2020 0:00:00,dr_ruth_segomotsi_mompati,5
978,12/5/2020 0:00:00,dr_ruth_segomotsi_mompati,1
979,12/6/2020 0:00:00,dr_ruth_segomotsi_mompati,0
980,12/7/2020 0:00:00,dr_ruth_segomotsi_mompati,1
981,12/8/2020 0:00:00,dr_ruth_segomotsi_mompati,0
982,12/9/2020 0:00:00,dr_ruth_segomotsi_mompati,3
983,12/10/2020 0:00:00,dr_ruth_segomotsi_mompati,1
984,12/11/2020 0:00:00,dr_ruth_segomotsi_mompati,1
985,12/12/2020 0:00:00,dr_ruth_segomotsi_mompati,2
986,12/13/2020 0:00:00,dr_ruth_segomotsi_mompati,3
987,12/14/2020 0:00:00,dr_ruth_segomotsi_mompati,0
988,12/15/2020 0:00:00,dr_ruth_segomotsi_mompati,2
989,12/16/2020 0:00:00,dr_ruth_segomotsi_mompati,4
990,12/17/2020 0:00:00,dr_ruth_segomotsi_mompati,1
991,12/18/2020 0:00:00,dr_ruth_segomotsi_mompati,5
992,12/19/2020 0:00:00,dr_ruth_segomotsi_mompati,6
993,12/20/2020 0:00:00,dr_ruth_segomotsi_mompati,1
994,12/21/2020 0:00:00,dr_ruth_segomotsi_mompati,3
995,12/22/2020 0:00:00,dr_ruth_segomotsi_mompati,5
996,12/23/2020 0:00:00,dr_ruth_segomotsi_mompati,6
997,12/24/2020 0:00:00,dr_ruth_segomotsi_mompati,8
998,12/25/2020 0:00:00,dr_ruth_segomotsi_mompati,4
999,12/26/2020 0:00:00,dr_ruth_segomotsi_mompati,5
1000,12/27/2020 0:00:00,dr_ruth_segomotsi_mompati,7
1001,12/28/2020 0:00:00,dr_ruth_segomotsi_mompati,5
1002,12/29/2020 0:00:00,dr_ruth_segomotsi_mompati,2
1003,12/30/2020 0:00:00,dr_ruth_segomotsi_mompati,21
1004,12/31/2020 0:00:00,dr_ruth_segomotsi_mompati,29
1005,1/1/2021 0:00:00,dr_ruth_segomotsi_mompati,21
1006,1/2/2021 0:00:00,dr_ruth_segomotsi_mompati,14
1007,1/3/2021 0:00:00,dr_ruth_segomotsi_mompati,10
1008,1/4/2021 0:00:00,dr_ruth_segomotsi_mompati,5
1009,1/5/2021 0:00:00,dr_ruth_segomotsi_mompati,16
1010,1/6/2021 0:00:00,dr_ruth_segomotsi_mompati,70
1011,1/7/2021 0:00:00,dr_ruth_segomotsi_mompati,39
1012,1/8/2021 0:00:00,dr_ruth_segomotsi_mompati,73
1013,1/9/2021 0:00:00,dr_ruth_segomotsi_mompati,56
1014,1/10/2021 0:00:00,dr_ruth_segomotsi_mompati,43
1015,1/11/2021 0:00:00,dr_ruth_segomotsi_mompati,29
1016,1/12/2021 0:00:00,dr_ruth_segomotsi_mompati,11
1017,1/13/2021 0:00:00,dr_ruth_segomotsi_mompati,68
1018,1/14/2021 0:00:00,dr_ruth_segomotsi_mompati,66
1019,1/15/2021 0:00:00,dr_ruth_segomotsi_mompati,79
1020,1/16/2021 0:00:00,dr_ruth_segomotsi_mompati,42
1021,1/17/2021 0:00:00,dr_ruth_segomotsi_mompati,56
1022,1/18/2021 0:00:00,dr_ruth_segomotsi_mompati,10
1023,1/19/2021 0:00:00,dr_ruth_segomotsi_mompati,8
1024,1/20/2021 0:00:00,dr_ruth_segomotsi_mompati,34
1025,1/21/2021 0:00:00,dr_ruth_segomotsi_mompati,54
1026,1/22/2021 0:00:00,dr_ruth_segomotsi_mompati,43
1027,1/23/2021 0:00:00,dr_ruth_segomotsi_mompati,22
1028,1/24/2021 0:00:00,dr_ruth_segomotsi_mompati,12
1029,1/25/2021 0:00:00,dr_ruth_segomotsi_mompati,45
1030,1/26/2021 0:00:00,dr_ruth_segomotsi_mompati,13
1031,1/27/2021 0:00:00,dr_ruth_segomotsi_mompati,19
1032,1/28/2021 0:00:00,dr_ruth_segomotsi_mompati,38
1033,1/29/2021 0:00:00,dr_ruth_segomotsi_mompati,27
1034,1/30/2021 0:00:00,dr_ruth_segomotsi_mompati,10
1035,1/31/2021 0:00:00,dr_ruth_segomotsi_mompati,35
1036,2/1/2021 0:00:00,dr_ruth_segomotsi_mompati,10
1037,2/2/2021 0:00:00,dr_ruth_segomotsi_mompati,4
1038,2/3/2021 0:00:00,dr_ruth_segomotsi_mompati,25
1039,2/4/2021 0:00:00,dr_ruth_segomotsi_mompati,26
1040,2/5/2021 0:00:00,dr_ruth_segomotsi_mompati,44
1041,2/6/2021 0:00:00,dr_ruth_segomotsi_mompati,14
1042,2/7/2021 0:00:00,dr_ruth_segomotsi_mompati,11
1043,2/8/2021 0:00:00,dr_ruth_segomotsi_mompati,11
1044,2/9/2021 0:00:00,dr_ruth_segomotsi_mompati,24
1045,2/10/2021 0:00:00,dr_ruth_segomotsi_mompati,15
1046,2/11/2021 0:00:00,dr_ruth_segomotsi_mompati,3
1047,2/12/2021 0:00:00,dr_ruth_segomotsi_mompati,20
1048,2/13/2021 0:00:00,dr_ruth_segomotsi_mompati,14
1049,2/14/2021 0:00:00,dr_ruth_segomotsi_mompati,4
1050,2/15/2021 0:00:00,dr_ruth_segomotsi_mompati,8
1051,2/16/2021 0:00:00,dr_ruth_segomotsi_mompati,3
1052,2/17/2021 0:00:00,dr_ruth_segomotsi_mompati,4
1053,2/18/2021 0:00:00,dr_ruth_segomotsi_mompati,20
1054,2/19/2021 0:00:00,dr_ruth_segomotsi_mompati,7
1055,2/20/2021 0:00:00,dr_ruth_segomotsi_mompati,7
1056,2/21/2021 0:00:00,dr_ruth_segomotsi_mompati,6
1057,2/22/2021 0:00:00,dr_ruth_segomotsi_mompati,2
1058,2/23/2021 0:00:00,dr_ruth_segomotsi_mompati,3
1059,2/24/2021 0:00:00,dr_ruth_segomotsi_mompati,10
1060,2/25/2021 0:00:00,dr_ruth_segomotsi_mompati,12
1061,2/26/2021 0:00:00,dr_ruth_segomotsi_mompati,8
1062,2/27/2021 0:00:00,dr_ruth_segomotsi_mompati,7
1063,2/28/2021 0:00:00,dr_ruth_segomotsi_mompati,7
1064,3/1/2021 0:00:00,dr_ruth_segomotsi_mompati,1
1065,3/2/2021 0:00:00,dr_ruth_segomotsi_mompati,2
1066,3/3/2021 0:00:00,dr_ruth_segomotsi_mompati,7
1067,3/4/2021 0:00:00,dr_ruth_segomotsi_mompati,4
1068,3/5/2021 0:00:00,dr_ruth_segomotsi_mompati,6
1069,3/6/2021 0:00:00,dr_ruth_segomotsi_mompati,11
1070,3/7/2021 0:00:00,dr_ruth_segomotsi_mompati,3
1071,3/8/2021 0:00:00,dr_ruth_segomotsi_mompati,1
1072,3/9/2021 0:00:00,dr_ruth_segomotsi_mompati,2
1073,3/10/2021 0:00:00,dr_ruth_segomotsi_mompati,10
1074,3/11/2021 0:00:00,dr_ruth_segomotsi_mompati,8
1075,3/12/2021 0:00:00,dr_ruth_segomotsi_mompati,0
1076,3/13/2021 0:00:00,dr_ruth_segomotsi_mompati,13
1077,3/14/2021 0:00:00,dr_ruth_segomotsi_mompati,6
1078,3/15/2021 0:00:00,dr_ruth_segomotsi_mompati,3
1079,3/16/2021 0:00:00,dr_ruth_segomotsi_mompati,7
1080,3/17/2021 0:00:00,dr_ruth_segomotsi_mompati,5
1081,3/18/2021 0:00:00,dr_ruth_segomotsi_mompati,30
1082,3/19/2021 0:00:00,dr_ruth_segomotsi_mompati,10
1083,3/20/2021 0:00:00,dr_ruth_segomotsi_mompati,14
1084,3/21/2021 0:00:00,dr_ruth_segomotsi_mompati,3
1085,3/22/2021 0:00:00,dr_ruth_segomotsi_mompati,5
1086,3/23/2021 0:00:00,dr_ruth_segomotsi_mompati,2
1087,3/24/2021 0:00:00,dr_ruth_segomotsi_mompati,6
1088,3/25/2021 0:00:00,dr_ruth_segomotsi_mompati,16
1089,3/26/2021 0:00:00,dr_ruth_segomotsi_mompati,15
1090,3/27/2021 0:00:00,dr_ruth_segomotsi_mompati,11
1091,3/28/2021 0:00:00,dr_ruth_segomotsi_mompati,3
1092,3/29/2021 0:00:00,dr_ruth_segomotsi_mompati,3
1093,3/30/2021 0:00:00,dr_ruth_segomotsi_mompati,4
1094,3/31/2021 0:00:00,dr_ruth_segomotsi_mompati,12
1095,4/1/2021 0:00:00,dr_ruth_segomotsi_mompati,13
1096,4/2/2021 0:00:00,dr_ruth_segomotsi_mompati,12
1097,4/3/2021 0:00:00,dr_ruth_segomotsi_mompati,3
1098,4/4/2021 0:00:00,dr_ruth_segomotsi_mompati,1
1099,4/5/2021 0:00:00,dr_ruth_segomotsi_mompati,7
1100,4/6/2021 0:00:00,dr_ruth_segomotsi_mompati,6
1101,4/7/2021 0:00:00,dr_ruth_segomotsi_mompati,5
1102,4/8/2021 0:00:00,dr_ruth_segomotsi_mompati,8
1103,4/9/2021 0:00:00,dr_ruth_segomotsi_mompati,16
1104,4/10/2021 0:00:00,dr_ruth_segomotsi_mompati,20
1105,4/11/2021 0:00:00,dr_ruth_segomotsi_mompati,9
1106,4/12/2021 0:00:00,dr_ruth_segomotsi_mompati,2
1107,4/13/2021 0:00:00,dr_ruth_segomotsi_mompati,11
1108,4/14/2021 0:00:00,dr_ruth_segomotsi_mompati,8
1109,4/15/2021 0:00:00,dr_ruth_segomotsi_mompati,23
1110,4/16/2021 0:00:00,dr_ruth_segomotsi_mompati,16
1111,4/17/2021 0:00:00,dr_ruth_segomotsi_mompati,14
1112,4/18/2021 0:00:00,dr_ruth_segomotsi_mompati,15
1113,4/19/2021 0:00:00,dr_ruth_segomotsi_mompati,9
1114,4/20/2021 0:00:00,dr_ruth_segomotsi_mompati,8
1115,4/21/2021 0:00:00,dr_ruth_segomotsi_mompati,28
1116,4/22/2021 0:00:00,dr_ruth_segomotsi_mompati,16
1117,4/23/2021 0:00:00,dr_ruth_segomotsi_mompati,9
1118,4/24/2021 0:00:00,dr_ruth_segomotsi_mompati,7
1119,4/25/2021 0:00:00,dr_ruth_segomotsi_mompati,17
1120,3/29/2020 0:00:00,ngaka_modiri_molema,1
1121,3/30/2020 0:00:00,ngaka_modiri_molema,0
1122,4/1/2020 0:00:00,ngaka_modiri_molema,0
1123,4/2/2020 0:00:00,ngaka_modiri_molema,0
1124,4/5/2020 0:00:00,ngaka_modiri_molema,0
1125,4/6/2020 0:00:00,ngaka_modiri_molema,0
1126,4/9/2020 0:00:00,ngaka_modiri_molema,1
1127,4/10/2020 0:00:00,ngaka_modiri_molema,0
1128,4/13/2020 0:00:00,ngaka_modiri_molema,0
1129,4/14/2020 0:00:00,ngaka_modiri_molema,0
1130,4/16/2020 0:00:00,ngaka_modiri_molema,0
1131,4/17/2020 0:00:00,ngaka_modiri_molema,0
1132,4/18/2020 0:00:00,ngaka_modiri_molema,0
1133,4/20/2020 0:00:00,ngaka_modiri_molema,0
1134,4/21/2020 0:00:00,ngaka_modiri_molema,0
1135,4/22/2020 0:00:00,ngaka_modiri_molema,0
1136,4/24/2020 0:00:00,ngaka_modiri_molema,0
1137,4/26/2020 0:00:00,ngaka_modiri_molema,0
1138,4/27/2020 0:00:00,ngaka_modiri_molema,0
1139,4/28/2020 0:00:00,ngaka_modiri_molema,0
1140,4/29/2020 0:00:00,ngaka_modiri_molema,0
1141,4/30/2020 0:00:00,ngaka_modiri_molema,0
1142,5/4/2020 0:00:00,ngaka_modiri_molema,0
1143,5/5/2020 0:00:00,ngaka_modiri_molema,0
1144,5/6/2020 0:00:00,ngaka_modiri_molema,0
1145,5/7/2020 0:00:00,ngaka_modiri_molema,0
1146,5/8/2020 0:00:00,ngaka_modiri_molema,0
1147,5/9/2020 0:00:00,ngaka_modiri_molema,0
1148,5/10/2020 0:00:00,ngaka_modiri_molema,0
1149,5/11/2020 0:00:00,ngaka_modiri_molema,1
1150,5/12/2020 0:00:00,ngaka_modiri_molema,0
1151,5/13/2020 0:00:00,ngaka_modiri_molema,0
1152,5/14/2020 0:00:00,ngaka_modiri_molema,0
1153,5/15/2020 0:00:00,ngaka_modiri_molema,0
1154,5/16/2020 0:00:00,ngaka_modiri_molema,0
1155,5/17/2020 0:00:00,ngaka_modiri_molema,2
1156,5/18/2020 0:00:00,ngaka_modiri_molema,2
1157,5/19/2020 0:00:00,ngaka_modiri_molema,0
1158,5/20/2020 0:00:00,ngaka_modiri_molema,0
1159,5/21/2020 0:00:00,ngaka_modiri_molema,1
1160,5/22/2020 0:00:00,ngaka_modiri_molema,0
1161,5/23/2020 0:00:00,ngaka_modiri_molema,1
1162,5/24/2020 0:00:00,ngaka_modiri_molema,2
1163,5/25/2020 0:00:00,ngaka_modiri_molema,0
1164,5/26/2020 0:00:00,ngaka_modiri_molema,1
1165,5/27/2020 0:00:00,ngaka_modiri_molema,0
1166,5/28/2020 0:00:00,ngaka_modiri_molema,0
1167,5/29/2020 0:00:00,ngaka_modiri_molema,1
1168,5/30/2020 0:00:00,ngaka_modiri_molema,0
1169,5/31/2020 0:00:00,ngaka_modiri_molema,2
1170,6/1/2020 0:00:00,ngaka_modiri_molema,2
1171,6/2/2020 0:00:00,ngaka_modiri_molema,1
1172,6/3/2020 0:00:00,ngaka_modiri_molema,3
1173,6/4/2020 0:00:00,ngaka_modiri_molema,1
1174,6/5/2020 0:00:00,ngaka_modiri_molema,1
1175,6/6/2020 0:00:00,ngaka_modiri_molema,5
1176,6/7/2020 0:00:00,ngaka_modiri_molema,1
1177,6/8/2020 0:00:00,ngaka_modiri_molema,3
1178,6/9/2020 0:00:00,ngaka_modiri_molema,1
1179,6/10/2020 0:00:00,ngaka_modiri_molema,0
1180,6/11/2020 0:00:00,ngaka_modiri_molema,7
1181,6/17/2020 0:00:00,ngaka_modiri_molema,32
1182,6/18/2020 0:00:00,ngaka_modiri_molema,5
1183,6/19/2020 0:00:00,ngaka_modiri_molema,8
1184,6/20/2020 0:00:00,ngaka_modiri_molema,15
1185,6/21/2020 0:00:00,ngaka_modiri_molema,25
1186,6/22/2020 0:00:00,ngaka_modiri_molema,10
1187,6/23/2020 0:00:00,ngaka_modiri_molema,6
1188,6/24/2020 0:00:00,ngaka_modiri_molema,8
1189,6/25/2020 0:00:00,ngaka_modiri_molema,24
1190,6/26/2020 0:00:00,ngaka_modiri_molema,9
1191,6/27/2020 0:00:00,ngaka_modiri_molema,21
1192,6/28/2020 0:00:00,ngaka_modiri_molema,13
1193,6/29/2020 0:00:00,ngaka_modiri_molema,25
1194,6/30/2020 0:00:00,ngaka_modiri_molema,5
1195,7/1/2020 0:00:00,ngaka_modiri_molema,17
1196,7/2/2020 0:00:00,ngaka_modiri_molema,20
1197,7/3/2020 0:00:00,ngaka_modiri_molema,21
1198,7/4/2020 0:00:00,ngaka_modiri_molema,39
1199,7/5/2020 0:00:00,ngaka_modiri_molema,28
1200,7/6/2020 0:00:00,ngaka_modiri_molema,12
1201,7/7/2020 0:00:00,ngaka_modiri_molema,27
1202,7/8/2020 0:00:00,ngaka_modiri_molema,20
1203,7/9/2020 0:00:00,ngaka_modiri_molema,52
1204,7/10/2020 0:00:00,ngaka_modiri_molema,76
1205,7/11/2020 0:00:00,ngaka_modiri_molema,56
1206,7/12/2020 0:00:00,ngaka_modiri_molema,45
1207,7/13/2020 0:00:00,ngaka_modiri_molema,42
1208,7/14/2020 0:00:00,ngaka_modiri_molema,29
1209,7/15/2020 0:00:00,ngaka_modiri_molema,39
1210,7/16/2020 0:00:00,ngaka_modiri_molema,74
1211,7/17/2020 0:00:00,ngaka_modiri_molema,170
1212,7/18/2020 0:00:00,ngaka_modiri_molema,91
1213,7/19/2020 0:00:00,ngaka_modiri_molema,109
1214,7/20/2020 0:00:00,ngaka_modiri_molema,45
1215,7/21/2020 0:00:00,ngaka_modiri_molema,47
1216,7/22/2020 0:00:00,ngaka_modiri_molema,39
1217,7/23/2020 0:00:00,ngaka_modiri_molema,207
1218,7/24/2020 0:00:00,ngaka_modiri_molema,149
1219,7/25/2020 0:00:00,ngaka_modiri_molema,30
1220,7/26/2020 0:00:00,ngaka_modiri_molema,53
1221,7/27/2020 0:00:00,ngaka_modiri_molema,64
1222,7/28/2020 0:00:00,ngaka_modiri_molema,37
1223,7/29/2020 0:00:00,ngaka_modiri_molema,44
1224,7/30/2020 0:00:00,ngaka_modiri_molema,143
1225,7/31/2020 0:00:00,ngaka_modiri_molema,145
1226,8/1/2020 0:00:00,ngaka_modiri_molema,57
1227,8/2/2020 0:00:00,ngaka_modiri_molema,48
1228,8/3/2020 0:00:00,ngaka_modiri_molema,24
1229,8/4/2020 0:00:00,ngaka_modiri_molema,33
1230,8/5/2020 0:00:00,ngaka_modiri_molema,83
1231,8/6/2020 0:00:00,ngaka_modiri_molema,76
1232,8/7/2020 0:00:00,ngaka_modiri_molema,40
1233,8/8/2020 0:00:00,ngaka_modiri_molema,75
1234,8/9/2020 0:00:00,ngaka_modiri_molema,32
1235,8/10/2020 0:00:00,ngaka_modiri_molema,21
1236,8/11/2020 0:00:00,ngaka_modiri_molema,39
1237,8/12/2020 0:00:00,ngaka_modiri_molema,49
1238,8/13/2020 0:00:00,ngaka_modiri_molema,42
1239,8/14/2020 0:00:00,ngaka_modiri_molema,75
1240,8/15/2020 0:00:00,ngaka_modiri_molema,66
1241,8/16/2020 0:00:00,ngaka_modiri_molema,25
1242,8/17/2020 0:00:00,ngaka_modiri_molema,19
1243,8/18/2020 0:00:00,ngaka_modiri_molema,45
1244,8/19/2020 0:00:00,ngaka_modiri_molema,43
1245,8/20/2020 0:00:00,ngaka_modiri_molema,67
1246,8/21/2020 0:00:00,ngaka_modiri_molema,28
1247,8/23/2020 0:00:00,ngaka_modiri_molema,56
1248,8/24/2020 0:00:00,ngaka_modiri_molema,18
1249,8/25/2020 0:00:00,ngaka_modiri_molema,2
1250,8/26/2020 0:00:00,ngaka_modiri_molema,57
1251,8/27/2020 0:00:00,ngaka_modiri_molema,59
1252,8/28/2020 0:00:00,ngaka_modiri_molema,41
1253,8/29/2020 0:00:00,ngaka_modiri_molema,50
1254,8/30/2020 0:00:00,ngaka_modiri_molema,48
1255,8/31/2020 0:00:00,ngaka_modiri_molema,21
1256,9/1/2020 0:00:00,ngaka_modiri_molema,4
1257,9/2/2020 0:00:00,ngaka_modiri_molema,57
1258,9/3/2020 0:00:00,ngaka_modiri_molema,48
1259,9/4/2020 0:00:00,ngaka_modiri_molema,30
1260,9/5/2020 0:00:00,ngaka_modiri_molema,28
1261,9/6/2020 0:00:00,ngaka_modiri_molema,31
1262,9/7/2020 0:00:00,ngaka_modiri_molema,12
1263,9/8/2020 0:00:00,ngaka_modiri_molema,25
1264,9/9/2020 0:00:00,ngaka_modiri_molema,46
1265,9/10/2020 0:00:00,ngaka_modiri_molema,36
1266,9/11/2020 0:00:00,ngaka_modiri_molema,39
1267,9/12/2020 0:00:00,ngaka_modiri_molema,49
1268,9/13/2020 0:00:00,ngaka_modiri_molema,12
1269,9/14/2020 0:00:00,ngaka_modiri_molema,14
1270,9/15/2020 0:00:00,ngaka_modiri_molema,12
1271,9/16/2020 0:00:00,ngaka_modiri_molema,42
1272,9/17/2020 0:00:00,ngaka_modiri_molema,74
1273,9/18/2020 0:00:00,ngaka_modiri_molema,31
1274,9/19/2020 0:00:00,ngaka_modiri_molema,67
1275,9/20/2020 0:00:00,ngaka_modiri_molema,35
1276,9/21/2020 0:00:00,ngaka_modiri_molema,2
1277,9/22/2020 0:00:00,ngaka_modiri_molema,34
1278,9/23/2020 0:00:00,ngaka_modiri_molema,54
1279,9/24/2020 0:00:00,ngaka_modiri_molema,55
1280,9/25/2020 0:00:00,ngaka_modiri_molema,46
1281,9/26/2020 0:00:00,ngaka_modiri_molema,34
1282,9/27/2020 0:00:00,ngaka_modiri_molema,36
1283,9/28/2020 0:00:00,ngaka_modiri_molema,29
1284,9/29/2020 0:00:00,ngaka_modiri_molema,42
1285,9/30/2020 0:00:00,ngaka_modiri_molema,37
1286,10/1/2020 0:00:00,ngaka_modiri_molema,34
1287,10/2/2020 0:00:00,ngaka_modiri_molema,67
1288,10/3/2020 0:00:00,ngaka_modiri_molema,46
1289,10/4/2020 0:00:00,ngaka_modiri_molema,34
1290,10/5/2020 0:00:00,ngaka_modiri_molema,13
1291,10/6/2020 0:00:00,ngaka_modiri_molema,41
1292,10/7/2020 0:00:00,ngaka_modiri_molema,79
1293,10/8/2020 0:00:00,ngaka_modiri_molema,41
1294,10/9/2020 0:00:00,ngaka_modiri_molema,25
1295,10/10/2020 0:00:00,ngaka_modiri_molema,60
1296,10/11/2020 0:00:00,ngaka_modiri_molema,30
1297,10/12/2020 0:00:00,ngaka_modiri_molema,20
1298,10/13/2020 0:00:00,ngaka_modiri_molema,63
1299,10/14/2020 0:00:00,ngaka_modiri_molema,49
1300,10/15/2020 0:00:00,ngaka_modiri_molema,83
1301,10/16/2020 0:00:00,ngaka_modiri_molema,36
1302,10/17/2020 0:00:00,ngaka_modiri_molema,54
1303,10/18/2020 0:00:00,ngaka_modiri_molema,39
1304,10/19/2020 0:00:00,ngaka_modiri_molema,22
1305,10/20/2020 0:00:00,ngaka_modiri_molema,62
1306,10/21/2020 0:00:00,ngaka_modiri_molema,65
1307,10/22/2020 0:00:00,ngaka_modiri_molema,73
1308,10/23/2020 0:00:00,ngaka_modiri_molema,36
1309,10/24/2020 0:00:00,ngaka_modiri_molema,61
1310,10/25/2020 0:00:00,ngaka_modiri_molema,22
1311,10/26/2020 0:00:00,ngaka_modiri_molema,11
1312,10/27/2020 0:00:00,ngaka_modiri_molema,9
1313,10/28/2020 0:00:00,ngaka_modiri_molema,19
1314,10/29/2020 0:00:00,ngaka_modiri_molema,46
1315,10/30/2020 0:00:00,ngaka_modiri_molema,67
1316,10/31/2020 0:00:00,ngaka_modiri_molema,23
1317,11/1/2020 0:00:00,ngaka_modiri_molema,82
1318,11/2/2020 0:00:00,ngaka_modiri_molema,24
1319,11/3/2020 0:00:00,ngaka_modiri_molema,21
1320,11/4/2020 0:00:00,ngaka_modiri_molema,20
1321,11/5/2020 0:00:00,ngaka_modiri_molema,12
1322,11/6/2020 0:00:00,ngaka_modiri_molema,33
1323,11/7/2020 0:00:00,ngaka_modiri_molema,9
1324,11/8/2020 0:00:00,ngaka_modiri_molema,6
1325,11/9/2020 0:00:00,ngaka_modiri_molema,28
1326,11/10/2020 0:00:00,ngaka_modiri_molema,2
1327,11/11/2020 0:00:00,ngaka_modiri_molema,32
1328,11/12/2020 0:00:00,ngaka_modiri_molema,34
1329,11/13/2020 0:00:00,ngaka_modiri_molema,35
1330,11/14/2020 0:00:00,ngaka_modiri_molema,10
1331,11/15/2020 0:00:00,ngaka_modiri_molema,22
1332,11/16/2020 0:00:00,ngaka_modiri_molema,2
1333,11/17/2020 0:00:00,ngaka_modiri_molema,0
1334,11/18/2020 0:00:00,ngaka_modiri_molema,14
1335,11/19/2020 0:00:00,ngaka_modiri_molema,15
1336,11/20/2020 0:00:00,ngaka_modiri_molema,8
1337,11/21/2020 0:00:00,ngaka_modiri_molema,4
1338,11/22/2020 0:00:00,ngaka_modiri_molema,5
1339,11/23/2020 0:00:00,ngaka_modiri_molema,8
1340,11/24/2020 0:00:00,ngaka_modiri_molema,2
1341,11/25/2020 0:00:00,ngaka_modiri_molema,5
1342,11/26/2020 0:00:00,ngaka_modiri_molema,10
1343,11/27/2020 0:00:00,ngaka_modiri_molema,2
1344,11/28/2020 0:00:00,ngaka_modiri_molema,1
1345,11/29/2020 0:00:00,ngaka_modiri_molema,8
1346,11/30/2020 0:00:00,ngaka_modiri_molema,2
1347,12/1/2020 0:00:00,ngaka_modiri_molema,16
1348,12/2/2020 0:00:00,ngaka_modiri_molema,4
1349,12/3/2020 0:00:00,ngaka_modiri_molema,15
1350,12/4/2020 0:00:00,ngaka_modiri_molema,6
1351,12/5/2020 0:00:00,ngaka_modiri_molema,7
1352,12/6/2020 0:00:00,ngaka_modiri_molema,5
1353,12/7/2020 0:00:00,ngaka_modiri_molema,1
1354,12/8/2020 0:00:00,ngaka_modiri_molema,1
1355,12/9/2020 0:00:00,ngaka_modiri_molema,14
1356,12/10/2020 0:00:00,ngaka_modiri_molema,9
1357,12/11/2020 0:00:00,ngaka_modiri_molema,21
1358,12/12/2020 0:00:00,ngaka_modiri_molema,20
1359,12/13/2020 0:00:00,ngaka_modiri_molema,3
1360,12/14/2020 0:00:00,ngaka_modiri_molema,6
1361,12/15/2020 0:00:00,ngaka_modiri_molema,16
1362,12/16/2020 0:00:00,ngaka_modiri_molema,28
1363,12/17/2020 0:00:00,ngaka_modiri_molema,16
1364,12/18/2020 0:00:00,ngaka_modiri_molema,20
1365,12/19/2020 0:00:00,ngaka_modiri_molema,38
1366,12/20/2020 0:00:00,ngaka_modiri_molema,9
1367,12/21/2020 0:00:00,ngaka_modiri_molema,9
1368,12/22/2020 0:00:00,ngaka_modiri_molema,12
1369,12/23/2020 0:00:00,ngaka_modiri_molema,43
1370,12/24/2020 0:00:00,ngaka_modiri_molema,61
1371,12/25/2020 0:00:00,ngaka_modiri_molema,64
1372,12/26/2020 0:00:00,ngaka_modiri_molema,24
1373,12/27/2020 0:00:00,ngaka_modiri_molema,32
1374,12/28/2020 0:00:00,ngaka_modiri_molema,10
1375,12/29/2020 0:00:00,ngaka_modiri_molema,26
1376,12/30/2020 0:00:00,ngaka_modiri_molema,48
1377,12/31/2020 0:00:00,ngaka_modiri_molema,120
1378,1/1/2021 0:00:00,ngaka_modiri_molema,122
1379,1/2/2021 0:00:00,ngaka_modiri_molema,31
1380,1/3/2021 0:00:00,ngaka_modiri_molema,54
1381,1/4/2021 0:00:00,ngaka_modiri_molema,61
1382,1/5/2021 0:00:00,ngaka_modiri_molema,46
1383,1/6/2021 0:00:00,ngaka_modiri_molema,165
1384,1/7/2021 0:00:00,ngaka_modiri_molema,142
1385,1/8/2021 0:00:00,ngaka_modiri_molema,110
1386,1/9/2021 0:00:00,ngaka_modiri_molema,109
1387,1/10/2021 0:00:00,ngaka_modiri_molema,98
1388,1/11/2021 0:00:00,ngaka_modiri_molema,211
1389,1/12/2021 0:00:00,ngaka_modiri_molema,147
1390,1/13/2021 0:00:00,ngaka_modiri_molema,162
1391,1/14/2021 0:00:00,ngaka_modiri_molema,123
1392,1/15/2021 0:00:00,ngaka_modiri_molema,219
1393,1/16/2021 0:00:00,ngaka_modiri_molema,120
1394,1/17/2021 0:00:00,ngaka_modiri_molema,66
1395,1/18/2021 0:00:00,ngaka_modiri_molema,43
1396,1/19/2021 0:00:00,ngaka_modiri_molema,36
1397,1/20/2021 0:00:00,ngaka_modiri_molema,110
1398,1/21/2021 0:00:00,ngaka_modiri_molema,349
1399,1/22/2021 0:00:00,ngaka_modiri_molema,146
1400,1/23/2021 0:00:00,ngaka_modiri_molema,192
1401,1/24/2021 0:00:00,ngaka_modiri_molema,110
1402,1/25/2021 0:00:00,ngaka_modiri_molema,918
1403,1/26/2021 0:00:00,ngaka_modiri_molema,737
1404,1/27/2021 0:00:00,ngaka_modiri_molema,95
1405,1/28/2021 0:00:00,ngaka_modiri_molema,188
1406,1/29/2021 0:00:00,ngaka_modiri_molema,101
1407,1/30/2021 0:00:00,ngaka_modiri_molema,40
1408,1/31/2021 0:00:00,ngaka_modiri_molema,89
1409,2/1/2021 0:00:00,ngaka_modiri_molema,49
1410,2/2/2021 0:00:00,ngaka_modiri_molema,23
1411,2/3/2021 0:00:00,ngaka_modiri_molema,30
1412,2/4/2021 0:00:00,ngaka_modiri_molema,106
1413,2/5/2021 0:00:00,ngaka_modiri_molema,53
1414,2/6/2021 0:00:00,ngaka_modiri_molema,45
1415,2/7/2021 0:00:00,ngaka_modiri_molema,26
1416,2/8/2021 0:00:00,ngaka_modiri_molema,48
1417,2/9/2021 0:00:00,ngaka_modiri_molema,30
1418,2/10/2021 0:00:00,ngaka_modiri_molema,35
1419,2/11/2021 0:00:00,ngaka_modiri_molema,22
1420,2/12/2021 0:00:00,ngaka_modiri_molema,26
1421,2/13/2021 0:00:00,ngaka_modiri_molema,61
1422,2/14/2021 0:00:00,ngaka_modiri_molema,27
1423,2/15/2021 0:00:00,ngaka_modiri_molema,4
1424,2/16/2021 0:00:00,ngaka_modiri_molema,46
1425,2/17/2021 0:00:00,ngaka_modiri_molema,31
1426,2/18/2021 0:00:00,ngaka_modiri_molema,24
1427,2/19/2021 0:00:00,ngaka_modiri_molema,10
1428,2/20/2021 0:00:00,ngaka_modiri_molema,20
1429,2/21/2021 0:00:00,ngaka_modiri_molema,10
1430,2/22/2021 0:00:00,ngaka_modiri_molema,1
1431,2/23/2021 0:00:00,ngaka_modiri_molema,10
1432,2/24/2021 0:00:00,ngaka_modiri_molema,35
1433,2/25/2021 0:00:00,ngaka_modiri_molema,13
1434,2/26/2021 0:00:00,ngaka_modiri_molema,10
1435,2/27/2021 0:00:00,ngaka_modiri_molema,19
1436,2/28/2021 0:00:00,ngaka_modiri_molema,15
1437,3/1/2021 0:00:00,ngaka_modiri_molema,54
1438,3/2/2021 0:00:00,ngaka_modiri_molema,17
1439,3/3/2021 0:00:00,ngaka_modiri_molema,22
1440,3/4/2021 0:00:00,ngaka_modiri_molema,40
1441,3/5/2021 0:00:00,ngaka_modiri_molema,10
1442,3/6/2021 0:00:00,ngaka_modiri_molema,18
1443,3/7/2021 0:00:00,ngaka_modiri_molema,27
1444,3/8/2021 0:00:00,ngaka_modiri_molema,28
1445,3/9/2021 0:00:00,ngaka_modiri_molema,33
1446,3/10/2021 0:00:00,ngaka_modiri_molema,42
1447,3/11/2021 0:00:00,ngaka_modiri_molema,18
1448,3/12/2021 0:00:00,ngaka_modiri_molema,22
1449,3/13/2021 0:00:00,ngaka_modiri_molema,23
1450,3/14/2021 0:00:00,ngaka_modiri_molema,18
1451,3/15/2021 0:00:00,ngaka_modiri_molema,5
1452,3/16/2021 0:00:00,ngaka_modiri_molema,6
1453,3/17/2021 0:00:00,ngaka_modiri_molema,28
1454,3/18/2021 0:00:00,ngaka_modiri_molema,14
1455,3/19/2021 0:00:00,ngaka_modiri_molema,48
1456,3/20/2021 0:00:00,ngaka_modiri_molema,20
1457,3/21/2021 0:00:00,ngaka_modiri_molema,33
1458,3/22/2021 0:00:00,ngaka_modiri_molema,23
1459,3/23/2021 0:00:00,ngaka_modiri_molema,18
1460,3/24/2021 0:00:00,ngaka_modiri_molema,34
1461,3/25/2021 0:00:00,ngaka_modiri_molema,14
1462,3/26/2021 0:00:00,ngaka_modiri_molema,27
1463,3/27/2021 0:00:00,ngaka_modiri_molema,11
1464,3/28/2021 0:00:00,ngaka_modiri_molema,29
1465,3/29/2021 0:00:00,ngaka_modiri_molema,6
1466,3/30/2021 0:00:00,ngaka_modiri_molema,30
1467,3/31/2021 0:00:00,ngaka_modiri_molema,27
1468,4/1/2021 0:00:00,ngaka_modiri_molema,15
1469,4/2/2021 0:00:00,ngaka_modiri_molema,35
1470,4/3/2021 0:00:00,ngaka_modiri_molema,10
1471,4/4/2021 0:00:00,ngaka_modiri_molema,4
1472,4/5/2021 0:00:00,ngaka_modiri_molema,7
1473,4/6/2021 0:00:00,ngaka_modiri_molema,8
1474,4/7/2021 0:00:00,ngaka_modiri_molema,0
1475,4/8/2021 0:00:00,ngaka_modiri_molema,74
1476,4/9/2021 0:00:00,ngaka_modiri_molema,50
1477,4/10/2021 0:00:00,ngaka_modiri_molema,57
1478,4/11/2021 0:00:00,ngaka_modiri_molema,21
1479,4/12/2021 0:00:00,ngaka_modiri_molema,16
1480,4/13/2021 0:00:00,ngaka_modiri_molema,40
1481,4/14/2021 0:00:00,ngaka_modiri_molema,95
1482,4/15/2021 0:00:00,ngaka_modiri_molema,69
1483,4/16/2021 0:00:00,ngaka_modiri_molema,68
1484,4/17/2021 0:00:00,ngaka_modiri_molema,53
1485,4/18/2021 0:00:00,ngaka_modiri_molema,61
1486,4/19/2021 0:00:00,ngaka_modiri_molema,11
1487,4/20/2021 0:00:00,ngaka_modiri_molema,34
1488,4/21/2021 0:00:00,ngaka_modiri_molema,84
1489,4/22/2021 0:00:00,ngaka_modiri_molema,87
1490,4/23/2021 0:00:00,ngaka_modiri_molema,59
1491,4/24/2021 0:00:00,ngaka_modiri_molema,81
1492,4/25/2021 0:00:00,ngaka_modiri_molema,34
