<metadata xml:lang="en"><Esri><CreaDate>20221102</CreaDate><CreaTime>03382200</CreaTime><ArcGISFormat>1.0</ArcGISFormat><SyncOnce>FALSE</SyncOnce><DataProperties><itemProps><itemName Sync="TRUE">wc.csv</itemName><imsContentType Sync="TRUE">005</imsContentType><itemLocation><linkage Sync="TRUE">file://\\DOCTORSHANDU-PC\C$\Users\Doctor Shandu\OneDrive - University of Witwatersrand\MODULES\GEOG 7029A_Advanced_App_GIS\Assignment\Mini_Project\Data\Github\South_Africa\Data\Dataset\District_Data\Transpose\wc.csv</linkage><protocol Sync="TRUE">Local Area Network</protocol></itemLocation><itemSize Sync="TRUE">0.000</itemSize></itemProps><lineage><Process ToolSource="g:\arcgis\arcpro\programs\Resources\ArcToolbox\toolboxes\Data Management Tools.tbx\TransposeFields" Date="20221102" Time="033823">TransposeFields provincial_wc_cumulative.csv "CK CK;CK/BW CK/BW;CK/LB CK/LB;CK/PA CK/PA;CT CT;CT/EA CT/EA;CT/KF CT/KF;CT/KL CT/KL;CT/MP CT/MP;CT/NO CT/NO;CT/SO CT/SO;CT/TB CT/TB;CT/WE CT/WE;CW CW;CW/BV CW/BV;CW/DS CW/DS;CW/LB CW/LB;CW/SB CW/SB;CW/WB CW/WB;GR GR;GR/BT GR/BT;GR/GE GR/GE;GR/HQ GR/HQ;GR/KL GR/KL;GR/KN GR/KN;GR/MB GR/MB;GR/OS GR/OS;OB OB;OB/CA OB/CA;OB/OS OB/OS;OB/SD OB/SD;OB/TK OB/TK;WC WC;WC/BR WC/BR;WC/CB WC/CB;WC/MZ WC/MZ;WC/SB WC/SB;WC/SL WC/SL" "C:\Users\Doctor Shandu\OneDrive - University of Witwatersrand\MODULES\GEOG 7029A_Advanced_App_GIS\Assignment\Mini_Project\Data\Github\South_Africa\ArcGIS\Project\Covid-19\Covid-19.gdb\provincial_wc_cumulative_Tra" District DailyCases date</Process><Process ToolSource="g:\arcgis\arcpro\programs\Resources\ArcToolbox\toolboxes\Conversion Tools.tbx\TableToTable" Date="20221102" Time="034334">TableToTable provincial_wc_cumulative_Tra "C:\Users\Doctor Shandu\OneDrive - University of Witwatersrand\MODULES\GEOG 7029A_Advanced_App_GIS\Assignment\Mini_Project\Data\Github\South_Africa\Data\Dataset\District_Data\Transpose" wc.csv # "date "date" true true false 8 Date 0 0,First,#,C:\Users\Doctor Shandu\OneDrive - University of Witwatersrand\MODULES\GEOG 7029A_Advanced_App_GIS\Assignment\Mini_Project\Data\Github\South_Africa\ArcGIS\Project\Covid-19\Covid-19.gdb\provincial_wc_cumulative_Tra,date,-1,-1;District "District" true true false 255 Text 0 0,First,#,C:\Users\Doctor Shandu\OneDrive - University of Witwatersrand\MODULES\GEOG 7029A_Advanced_App_GIS\Assignment\Mini_Project\Data\Github\South_Africa\ArcGIS\Project\Covid-19\Covid-19.gdb\provincial_wc_cumulative_Tra,District,0,255;DailyCases "DailyCases" true true false 255 Text 0 0,First,#,C:\Users\Doctor Shandu\OneDrive - University of Witwatersrand\MODULES\GEOG 7029A_Advanced_App_GIS\Assignment\Mini_Project\Data\Github\South_Africa\ArcGIS\Project\Covid-19\Covid-19.gdb\provincial_wc_cumulative_Tra,DailyCases,0,255" #</Process></lineage></DataProperties><SyncDate>20221102</SyncDate><SyncTime>03433300</SyncTime><ModDate>20221102</ModDate><ModTime>03433300</ModTime></Esri><dataIdInfo><envirDesc Sync="TRUE">Microsoft Windows 10 Version 10.0 (Build 19044) ; Esri ArcGIS 12.6.0.24783</envirDesc><dataLang><languageCode value="eng" Sync="TRUE"></languageCode><countryCode value="USA" Sync="TRUE"></countryCode></dataLang><idCitation><resTitle Sync="TRUE">wc.csv</resTitle><presForm><PresFormCd value="001" Sync="TRUE"></PresFormCd></presForm></idCitation><spatRpType><SpatRepTypCd value="003" Sync="TRUE"></SpatRepTypCd></spatRpType></dataIdInfo><mdLang><languageCode value="eng" Sync="TRUE"></languageCode><countryCode value="USA" Sync="TRUE"></countryCode></mdLang><distInfo><distFormat><formatName Sync="TRUE">Text File</formatName></distFormat><distTranOps><transSize Sync="TRUE">0.000</transSize></distTranOps></distInfo><mdHrLv><ScopeCd value="007" Sync="TRUE"></ScopeCd></mdHrLv><mdHrLvName Sync="TRUE">non-geographic dataset</mdHrLvName><eainfo><detailed Name="wc.csv"><enttyp><enttypl Sync="TRUE">wc.csv</enttypl><enttypt Sync="TRUE">Table</enttypt><enttypc Sync="TRUE">0</enttypc></enttyp><attr><attrlabl Sync="TRUE">OBJECTID</attrlabl><attalias Sync="TRUE">OBJECTID</attalias><attrtype Sync="TRUE">Integer</attrtype><attwidth Sync="TRUE">4</attwidth><atprecis Sync="TRUE">0</atprecis><attscale Sync="TRUE">0</attscale><attrdef Sync="TRUE">Internal feature number.</attrdef><attrdefs Sync="TRUE">Esri</attrdefs><attrdomv><udom Sync="TRUE">Sequential unique whole numbers that are automatically generated.</udom></attrdomv></attr><attr><attrlabl Sync="TRUE">date</attrlabl><attalias Sync="TRUE">date</attalias><attrtype Sync="TRUE">Date</attrtype><attwidth Sync="TRUE">8</attwidth><atprecis Sync="TRUE">0</atprecis><attscale Sync="TRUE">0</attscale></attr><attr><attrlabl Sync="TRUE">District</attrlabl><attalias Sync="TRUE">District</attalias><attrtype Sync="TRUE">String</attrtype><attwidth Sync="TRUE">255</attwidth><atprecis Sync="TRUE">0</atprecis><attscale Sync="TRUE">0</attscale></attr><attr><attrlabl Sync="TRUE">DailyCases</attrlabl><attalias Sync="TRUE">DailyCases</attalias><attrtype Sync="TRUE">String</attrtype><attwidth Sync="TRUE">255</attwidth><atprecis Sync="TRUE">0</atprecis><attscale Sync="TRUE">0</attscale></attr></detailed></eainfo><mdDateSt Sync="TRUE">20221102</mdDateSt></metadata>
