date,YYYYMMDD,Johannesburg	Cases,Johannesburg	Recoveries,Johannesburg	Deaths,Johannesburg A	Cases,Johannesburg B	Cases,Johannesburg C	Cases,Johannesburg D	Cases,Johannesburg E	Cases,Johannesburg F	Cases,Johannesburg G	Cases,Johannesburg Unallocated	Cases,Johannesburg A	Recoveries,Johannesburg B	Recoveries,Johannesburg C	Recoveries,Johannesburg D	Recoveries,Johannesburg E	Recoveries,Johannesburg F	Recoveries,Johannesburg G	Recoveries,Johannesburg Unallocated	Recoveries,Comment,source,Comment
2020-04-10,2020-04-10,446,,,,,,,,,,,,,,,,,,,,https://twitter.com/bandilemasuku/status/1248885756350906368?s=20,
2020-04-11,2020-04-11,467,,,,,,,,,,,,,,,,,,,,https://twitter.com/bandilemasuku/status/1249256629809315840?s=20,
2020-04-12,2020-04-12,508,,,,,,,,,,,,,,,,,,,,https://twitter.com/bandilemasuku/status/1249617706946527232?s=20,
2020-04-13,2020-04-13,551,,,,,,,,,,,,,,,,,,,,https://twitter.com/GautengHealth/status/1250340813172666369?s=20,
2020-04-15,2020-04-15,558,,,,,,,,,,,,,,,,,,,,https://twitter.com/bandilemasuku/status/1250794333344870401?s=20,
2020-04-16,2020-04-16,575,,,,,,,,,,,,,,,,,,,,https://twitter.com/GautengProvince/status/1251063621674770434?s=20,
2020-04-17,2020-04-17,599,,,,,,,,,,,,,,,,,,,,https://twitter.com/GautengProvince/status/1251412168605609985?s=20,
2020-04-18,2020-04-18,660,,,,,,,,,,,,,,,,,,,,https://twitter.com/GautengHealth/status/1251781899103678465?s=20,
2020-04-19,2020-04-19,690,,,,,,,,,,,,,,,,,,,,https://twitter.com/GautengHealth/status/1252150127474741248,
2020-04-20,2020-04-20,698,,,,,,,,,,,,,,,,,,,,https://twitter.com/GautengHealth/status/1252960035489144833,
2020-04-21,2020-04-21,712,,,70,140,44,39,227,93,40,49,,,,,,,,,,https://twitter.com/GautengHealth/status/1252960035489144833,
2020-04-22,2020-04-22,726,,,73,142,49,40,236,93,50,43,,,,,,,,,,https://twitter.com/GautengHealth/status/1253362678506143751/,
2020-04-23,2020-04-23,748,,,73,143,49,43,237,97,50,56,,,,,,,,,,https://twitter.com/GautengHealth/status/1253630139830853632,
2020-04-24,2020-04-24,764,,,74,145,50,44,242,97,51,61,,,,,,,,,,https://twitter.com/GautengHealth/status/1254045244158607361,
2020-04-25,2020-04-25,772,,,76,145,50,46,242,98,52,63,,,,,,,,,,https://twitter.com/GautengHealth/status/1254368137321025537/,
2020-04-26,2020-04-26,788,,,77,145,54,46,248,100,53,65,,,,,,,,,,https://twitter.com/GautengHealth/status/1254738555269718018,
2020-04-27,2020-04-27,804,,,78,145,54,49,253,102,56,67,,,,,,,,,,https://twitter.com/GautengHealth/status/1255117154296442880/,
2020-04-28,2020-04-28,811,589,,78,146,55,51,254,103,57,67,,,,,,,,,,https://twitter.com/GautengHealth/status/1255478105906479114/,
2020-04-29,2020-04-29,828,591,,82,147,55,53,259,105,59,68,,,,,,,,,,https://twitter.com/GautengHealth/status/1255835772537786368/,
2020-04-30,2020-04-30,840,591,,79,147,57,53,256,104,58,86,,,,,,,,,,https://twitter.com/GautengHealth/status/1256218341590646787/,
2020-05-01,2020-05-01,865,591,,94,147,60,54,257,106,60,87,,,,,,,,,,https://twitter.com/GautengHealth/status/1256513303683239937/,
2020-05-02,2020-05-02,920,603,,125,152,62,59,260,108,61,93,,,,,,,,,,https://twitter.com/GautengHealth/status/1256874258095112197,
2020-05-03,2020-05-03,935,611,,130,154,64,63,262,108,62,92,,,,,,,,,,https://twitter.com/GautengHealth/status/1257276507615092737,
2020-05-04,2020-05-04,954,620,,131,155,66,71,264,109,66,92,,,,,,,,,,https://twitter.com/GautengHealth/status/1257643880373268480/,
2020-05-05,2020-05-05,971,627,,133,156,67,75,265,115,67,93,,,,,,,,,,https://twitter.com/GautengHealth/status/1258009162438639616,
2020-05-06,2020-05-06,979,632,,134,158,69,77,265,115,68,93,,,,,,,,,,https://twitter.com/GautengHealth/status/1258347572256800769,
2020-05-07,2020-05-07,1009,770,,141,161,74,83,270,115,69,97,,,,,,,,,,https://twitter.com/GautengHealth/status/1258671507548639232,
2020-05-08,2020-05-08,1029,816,,148,162,74,85,271,116,70,103,,,,,,,,,,https://twitter.com/GautengHealth/status/1259051943487574018,
2020-05-09,2020-05-09,1057,851,,151,163,78,91,273,120,70,111,,,,,,,,,,https://twitter.com/GautengHealth/status/1259455975863484418,
2020-05-10,2020-05-10,1079,838,,157,164,83,91,278,123,73,110,,,,,,,,,,https://twitter.com/GautengHealth/status/1259758510746808320/,
2020-05-11,2020-05-11,1085,875,,157,164,83,93,279,125,74,110,,,,,,,,,,https://twitter.com/GautengHealth/status/1260219552044126219,
2020-05-12,2020-05-12,1106,912,,158,169,84,95,286,130,74,110,,,,,,,,,,https://twitter.com/GautengHealth/status/1260521861399617539,
2020-05-13,2020-05-13,1124,948,,163,172,87,98,287,133,75,109,,,,,,,,,,https://twitter.com/GautengHealth/status/1260865969364316160,
2020-05-14,2020-05-14,1153,959,,165,176,90,105,291,139,76,111,,,,,,,,,,https://twitter.com/GautengHealth/status/1261248539751047168,
2020-05-15,2020-05-15,1179,968,,170,180,93,109,294,142,77,114,,,,,,,,,,https://twitter.com/GautengHealth/status/1261551594967126016,
2020-05-16,2020-05-16,1195,993,,173,180,93,109,296,145,78,121,,,,,,,,,,https://twitter.com/GautengHealth/status/1261955293803618305/,
2020-05-17,2020-05-17,,,,,,,,,,,,,,,,,,,,,https://twitter.com/nicd_sa/status/1262110389111791617/,
2020-05-18,2020-05-18,1204,1019,12,174,181,94,112,297,145,79,122,165,158,72,81,285,120,68,90,,https://twitter.com/GautengHealth/status/1262623142067003392,
2020-05-19,2020-05-19,1214,1032,,176,181,94,118,297,147,79,122,167,158,74,85,268,121,69,90,,https://twitter.com/GautengHealth/status/1263108613859676166/,
2020-05-20,2020-05-20,1238,1036,,179,184,98,122,299,150,80,126,168,159,76,89,268,121,70,85,,https://twitter.com/GautengHealth/status/1263416943073263624,
2020-05-21,2020-05-21,1273,1060,,180,187,105,130,304,155,81,131,172,161,80,95,269,127,71,85,,https://twitter.com/GautengHealth/status/1263748921005924353,
2020-05-22,2020-05-22,1313,1081,,180,197,106,136,305,168,83,138,175,163,82,99,272,132,73,85,,https://twitter.com/GautengHealth/status/1264163298070663169/,
2020-05-23,2020-05-23,1342,1093,,182,209,107,140,307,183,83,131,177,164,83,102,272,136,74,85,,https://twitter.com/GautengHealth/status/1264510034635038721/,
2020-05-24,2020-05-24,1385,1108,14,189,213,109,152,311,188,94,129,179,167,85,105,274,138,75,85,,https://twitter.com/GautengHealth/status/1264858229651226627,
2020-05-25,2020-05-25,1453,1111,,192,221,119,167,320,204,94,136,180,168,85,105,274,138,76,85,,https://twitter.com/GautengHealth/status/1265207684694974470/p,
2020-05-26,2020-05-26,1467,1125,15,194,225,119,174,321,205,94,135,182,170,86,106,278,140,78,85,,https://twitter.com/GautengHealth/status/1265665486336987141/,
2020-05-27,2020-05-27,1496,1149,,197,227,123,186,324,209,94,136,183,175,90,116,279,143,78,85,,https://twitter.com/GautengHealth/status/1265956927953141762,
2020-05-28,2020-05-28,1556,1152,,202,238,137,203,328,220,96,132,185,175,90,116,279,144,78,85,,https://twitter.com/GautengHealth/status/1266307844145643521,
2020-05-29,2020-05-29,1667,1167,,221,248,152,215,334,258,103,136,187,177,92,10,282,146,79,85,,https://twitter.com/GautengHealth/status/1266721507897679873,
2020-05-30,2020-05-30,1762,1184,,227,266,162,229,348,282,107,141,188,178,95,121,287,149,81,82,,https://twitter.com/GautengHealth/status/1267008144972156929,
2020-05-31,2020-05-31,1856,1210,15,232,279,169,254,358,314,109,141,190,178,99,128,289,155,86,85,,https://twitter.com/bandilemasuku/status/1267425237597110281,
2020-06-01,2020-06-01,1956,1232,15,240,295,175,270,366,357,119,134,192,180,101,137,290,160,87,85,,https://twitter.com/GautengHealth/status/1267764917760929797,
2020-06-02,2020-06-02,2016,1236,15,246,303,181,290,371,366,126,133,193,181,101,137,291,160,88,85,,https://twitter.com/GautengHealth/status/1268171408313593856,
2020-06-03,2020-06-03,2175,1275,15,251,325,211,324,395,392,144,133,195,183,109,153,294,163,93,85,,https://twitter.com/GautengHealth/status/1268481591342497794,
2020-06-04,2020-06-04,2319,1312,15,256,342,224,356,421,430,157,133,201,185,120,162,300,167,93,84,,https://twitter.com/GautengHealth/status/1268866768120004608,
2020-06-05,2020-06-05,2517,1361,18,268,361,244,388,445,503,173,135,212,190,120,175,303,178,98,84,,https://twitter.com/GautengHealth/status/1269247520053645317,
2020-06-06,2020-06-06,2732,1391,22,284,403,266,452,472,542,176,137,218,191,122,180,303,194,99,84,,https://twitter.com/GautengHealth/status/1269558466965917697,
2020-06-07,2020-06-07,2889,1458,22,296,429,274,485,497,589,180,139,227,201,124,200,307,210,105,84,,https://twitter.com/GautengHealth/status/1269943576135262215,
2020-06-08,2020-06-08,3025,1501,22,305,445,293,514,516,620,191,141,229,205,132,214,313,219,105,84,,https://twitter.com/GautengHealth/status/1270311020800737280,
2020-06-09,2020-06-09,3166,1513,26,312,462,302,532,539,681,197,141,230,207,132,216,313,225,106,84,,https://twitter.com/GautengHealth/status/1270692916177121281,
2020-06-10,2020-06-10,3546,1558,26,330,507,352,580,593,821,221,142,230,209,136,233,319,234,113,84,,https://twitter.com/GautengHealth/status/1271052015632814082,
2020-06-11,2020-06-11,3906,1564,26,367,546,392,637,642,941,236,145,231,209,139,233,320,235,113,84,,https://twitter.com/GautengHealth/status/1271418643809697792,
2020-06-12,2020-06-12,4303,1619,26,396,585,451,688,687,1043,279,174,236,215,150,244,325,243,122,84,,https://twitter.com/GautengHealth/status/1271753639586148352,
2020-06-13,2020-06-13,4885,1708,42,436,649,520,786,773,1142,343,236,245,222,161,263,334,270,129,84,,https://twitter.com/GautengHealth/status/1272121584107520000,
2020-06-14,2020-06-14,5545,1781,42,484,717,599,910,848,1304,415,268,251,229,168,272,346,291,140,84,,https://twitter.com/GautengHealth/status/1272534131377934338,
2020-06-15,2020-06-15,6071,1875,47,571,779,659,1017,919,1411,436,279,253,236,179,297,360,318,148,84,,https://twitter.com/GautengHealth/status/1272821800376905728,
2020-06-16,2020-06-16,6514,1988,47,608,814,722,1092,978,1495,485,320,255,242,188,316,364,383,156,84,,https://twitter.com/GautengHealth/status/1273190912324182016,
2020-06-17,2020-06-17,7229,2017,47,663,903,813,1233,1092,1653,541,331,256,244,193,326,366,390,158,84,,https://twitter.com/GautengHealth/status/1273641789749149698,
2020-06-18,2020-06-18,7899,2188,47,721,972,896,1340,1187,1842,610,331,264,263,219,364,387,428,179,84,,https://twitter.com/GautengHealth/status/1273972046687592448,
2020-06-19,2020-06-19,8575,2357,65,771,1039,994,1457,1298,2006,671,339,271,282,230,407,414,468,201,84,,https://twitter.com/GautengHealth/status/1274298125520449536/,
2020-06-20,2020-06-20,9322,2542,65,820,1122,1102,1595,1389,2224,732,338,285,305,246,461,431,517,213,84,,https://twitter.com/GautengHealth/status/1274651292141588481,
2020-06-21,2020-06-21,10320,2924,69,895,1244,1225,1795,1531,2458,833,339,312,363,278,534,475,633,245,84,,https://twitter.com/GautengHealth/status/1275066285122940931,
2020-06-22,2020-06-22,11079,3087,69,973,1308,1283,1944,1647,2679,904,341,322,382,289,574,494,685,257,84,,https://twitter.com/GautengHealth/status/1275472448876695553,
2020-06-23,2020-06-23,11962,3187,69,1019,1407,1401,2158,1793,2870,972,342,324,391,294,588,526,718,262,84,,https://twitter.com/GautengHealth/status/1275743329347608577,
2020-06-24,2020-06-24,12892,3670,80,1095,1535,1544,2317,1939,3091,1026,345,347,435,345,699,570,899,291,84,,https://twitter.com/GautengHealth/status/1276140142630187008/,
2020-06-25,2020-06-25,14182,4003,81,1225,1714,1684,2565,2151,3375,1122,346,373,469,388,776,606,984,323,84,,https://twitter.com/GautengHealth/status/1276463179246317568/,
2020-06-26,2020-06-26,15363,4383,81,1341,1865,1850,2796,2336,3608,1219,348,405,518,447,856,655,1069,349,84,,https://twitter.com/GautengHealth/status/1276866448539951104/,
2020-06-27,2020-06-27,16712,4924,84,1447,2036,2015,3082,2576,3886,1320,350,442,574,510,991,734,1194,395,84,,https://twitter.com/GautengHealth/status/1277227583680196609,
2020-06-28,2020-06-28,18006,5458,85,1556,2172,2190,3381,2777,4132,1445,353,491,631,580,1113,799,1312,448,84,,https://twitter.com/GautengHealth/status/1277538817478725634,
2020-06-29,2020-06-29,19529,5735,85,1673,2331,2345,3785,3012,4444,1585,354,512,665,621,1165,841,1371,476,84,,https://twitter.com/GautengHealth/status/1277922168437948423,
2020-06-30,2020-06-30,20918,7061,105,1782,2498,2520,4196,3214,4667,1686,355,608,839,806,1415,1013,1692,604,84,,https://twitter.com/GautengHealth/status/1278302946367807488,
2020-07-01,2020-07-01,22388,7328,125,1903,2685,2698,4463,3433,5005,1845,356,633,872,837,1464,1044,1766,628,84,,https://twitter.com/GautengHealth/status/1278690695671398400/,
2020-07-02,2020-07-02,24244,8215,115,2080,2906,2916,4795,3800,5387,2004,356,709,974,958,1684,1156,1963,687,84,Drop in Jhb death double checked,https://twitter.com/GautengHealth/status/1279008556382109697,Drop in Jhb death double checked
2020-07-03,2020-07-03,26293,9165,115,2291,3173,3206,5227,4138,5734,2164,360,768,1084,1058,1917,1261,2188,805,84,,https://twitter.com/GautengHealth/status/1279388052457226240,
2020-07-04,2020-07-04,28600,9982,115,2492,3395,3539,5841,4451,6154,2374,354,822,1167,1140,2116,1355,2406,892,84,,https://twitter.com/GautengHealth/status/1279802816983425024/,
2020-07-05,2020-07-05,30404,10523,170,2685,3568,3750,6233,4794,6495,2523,356,859,1316,1179,2248,1410,2507,920,84,,https://twitter.com/GautengHealth/status/1280126595924197376,
2020-07-06,2020-07-06,31979,11293,170,2818,3751,3976,6679,4977,6754,2669,355,905,1393,1265,2473,1517,2668,988,84,,https://twitter.com/GautengHealth/status/1280497205657378823,
2020-07-07,2020-07-07,33750,12617,236,3026,3910,4244,7075,5316,7041,2783,355,1028,1547,1462,2767,1660,2959,1110,84,,https://twitter.com/GautengHealth/status/1280863628527271936,
2020-07-08,2020-07-08,35040,13997,236,3172,3998,4398,7469,5524,7225,2899,355,1127,1690,1596,3147,1832,3286,1235,84,,https://twitter.com/GautengHealth/status/1281184145696268288,
2020-07-09,2020-07-09,38045,15478,234,3428,4292,4806,8327,6004,7717,3114,357,1273,1860,1776,3558,2031,3548,1348,84,,https://twitter.com/GautengHealth/status/1281556225558183936,
2020-07-10,2020-07-10,40233,17201,235,3655,4503,5131,8853,6384,7992,3361,354,1391,2041,1929,4112,2272,3886,1486,84,,https://twitter.com/GautengHealth/status/1281923648014757888,
2020-07-11,2020-07-11,42715,18810,253,3962,4729,5473,9457,6838,8376,3530,350,1507,2198,2106,4526,2530,4204,1655,84,,https://twitter.com/GautengHealth/status/1282273632979476480/,
2020-07-12,2020-07-12,44945,19629,253,4233,4920,5805,10025,7206,8709,3692,355,1558,2271,2215,4754,2626,4355,1766,84,,https://twitter.com/GautengHealth/status/1282681758597685248,
2020-07-13,2020-07-13,46882,20585,253,4453,5159,6101,10483,7521,8993,3817,355,1641,2390,2356,5030,2747,4494,1843,84,,https://twitter.com/GautengHealth/status/1283049505739485184,
2020-07-14,2020-07-14,48314,23075,278,4561,5277,6487,10739,7802,9200,3890,358,1910,2650,2693,5631,3094,4964,2049,84,,https://twitter.com/GautengHealth/status/1283342298995187712/,
2020-07-15,2020-07-15,50364,25463,299,4816,5526,6710,11170,8263,9480,4041,358,2108,2908,2994,6323,3447,5353,2246,84,,https://twitter.com/GautengHealth/status/1283738986805108738/,
2020-07-16,2020-07-16,,,,,,,,,,,,,,,,,,,,GDOH did not release figures for the day on twitter,,GDOH did not release figures for the day on twitter
2020-07-17,2020-07-17,54428,29763,348,5260,5932,7296,12124,8994,10143,4321,358,2533,3386,3665,7494,4062,6021,2518,84,,https://twitter.com/GautengHealth/status/1284490028232605696,
2020-07-18,2020-07-18,56442,31687,374,5489,6150,7556,12673,9380,10383,4453,358,2743,3585,3908,7993,4350,6386,2638,84,Report transposes Tsh and Ekh recoveries,https://twitter.com/GautengHealth/status/1284834622870872064,Report transposes Tsh and Ekh recoveries
2020-07-19,2020-07-19,58301,32670,374,5687,6339,7747,13170,9691,10660,4649,358,2850,3698,4046,8305,4450,6530,2707,84,No hospitalisation figures reported,https://twitter.com/GautengHealth/status/1285207204275068929/,No hospitalisation figures reported
2020-07-20,2020-07-20,59374,33276,374,5799,6458,7897,13428,9849,10825,4758,360,2896,3765,4129,8445,4585,6623,2749,84,,https://twitter.com/GautengHealth/status/1285620233164795906,
2020-07-21,2020-07-21,60424,35970,404,5876,6545,8021,13788,9996,10920,4918,360,3173,4040,4482,9096,5071,7084,2940,84,,https://twitter.com/GautengHealth/status/1285951419409997825,
2020-07-22,2020-07-22,62320,35970,425,6066,6761,8264,14285,10288,11161,5135,360,3173,4040,4482,9096,5071,7084,2940,84,,https://twitter.com/GautengHealth/status/1286236261108285440,
2020-07-23,2020-07-23,63760,35970,431,6252,6890,8424,14587,10554,11371,5322,360,3173,4040,4482,9096,5071,7084,2940,84,,https://twitter.com/GautengHealth/status/1286669301823438849,
2020-07-24,2020-07-24,65104,38342,450,6427,7050,8594,14861,10749,11565,5498,360,3432,4250,4787,9726,5484,7400,3179,84,,https://twitter.com/GautengProvince/status/1287022217482641409,
2020-07-25,2020-07-25,66422,40652,597,6544,7223,8788,15144,10955,11772,5636,360,3646,4498,5089,10327,5879,7733,3396,84,,https://twitter.com/GautengHealth/status/1287466388953726977,
2020-07-26,2020-07-26,67547,43775,609,6697,7353,8933,15377,11161,11938,5726,362,3996,4803,5486,11186,6353,8147,3720,84,,https://twitter.com/GautengHealth/status/1287771220901937153/,
2020-07-27,2020-07-27,68220,44379,634,6782,7422,9014,15509,11331,12012,5788,362,4055,4865,5558,11321,6494,8241,3761,84,,https://twitter.com/GautengHealth/status/1287771220901937153,
2020-07-28,2020-07-28,69055,46830,662,6877,7520,9033,15712,11456,12138,5889,362,4351,5155,5875,11869,6943,8592,3961,84,,https://twitter.com/GautengHealth/status/1288513725033598976,
2020-07-29,2020-07-29,70330,48839,722,7023,7654,9296,15998,11615,12344,6038,362,4580,5385,6136,12334,7279,8895,4146,84,,https://twitter.com/GautengHealth/status/1288865447484567552/,
2020-07-30,2020-07-30,71322,50642,742,7120,7752,9456,16236,11766,12452,6177,363,4769,5549,6406,12829,7527,9138,4340,84,Sedibeng recovery figures: apparent reallocation from Lesedi to Midvaal,https://twitter.com/GautengHealth/status/1289246914009952257/,Sedibeng recovery figures: apparent reallocation from Lesedi to Midvaal
2020-07-31,2020-07-31,72467,52289,821,7253,7903,9600,16483,11905,12667,6293,363,5006,5729,6645,13191,7791,9375,4468,84,,https://twitter.com/GautengHealth/status/1289610090538872833,
2020-08-01,2020-08-01,,,,,,,,,,,,,,,,,,,,GDOH did not release figures due to audit/harmonisation,https://twitter.com/GautengHealth/status/1289977071905566721/,GDOH did not release figures due to audit/harmonisation
2020-08-02,2020-08-02,,,,,,,,,,,,,,,,,,,,GDOH did not release figures,,GDOH did not release figures
2020-08-03,2020-08-03,,,,,,,,,,,,,,,,,,,,GDOH did not release figures,,GDOH did not release figures
2020-08-04,2020-08-04,74962,,,,,,,,,,,,,,,,,,,GDOH did not release figures,,GDOH did not release figures
2020-08-05,2020-08-05,75654,58539,957,7583,8228,9979,17240,12458,13174,6629,363,5696,6462,7461,14530,8912,10337,5057,84,,https://twitter.com/GautengHealth/status/1291313842698543110/,
2020-08-06,2020-08-06,76297,59779,970,7659,8296,10067,17382,12540,13274,6716,363,5840,6599,7626,14771,9164,10514,5181,84,,GDOH Media Release 7 August 2020,
2020-08-07,2020-08-07,76763,60777,1047,7713,8345,10125,17487,12613,13358,6759,363,5959,6717,7767,14984,9313,10666,5287,84,,https://twitter.com/GautengHealth/status/1292117180650332161,
2020-08-08,2020-08-08,77420,61907,1056,7784,8419,10208,17672,12706,13446,6822,363,6088,6865,7902,15262,9505,10815,5386,84,,https://twitter.com/GautengHealth/status/1292440638609391616,
2020-08-09,2020-08-09,78123,62398,1059,7851,8479,10254,18042,12774,13493,6867,363,6165,6917,7987,15355,9576,10879,5435,84,,https://twitter.com/GautengHealth/status/1292780979329929216/,
2020-08-10,2020-08-10,78412,62711,1059,7883,8500,10281,18146,12812,13533,6894,363,6198,6950,8021,15467,9616,10921,5454,84,,https://twitter.com/GautengHealth/status/1293191312712187906,
2020-08-11,2020-08-11,78602,64086,1060,7903,8524,10301,18195,12843,13566,6907,363,6341,7104,8205,15841,9788,11147,5576,84,,https://twitter.com/GautengHealth/status/1293566743399604224,
2020-08-12,2020-08-12,78794,65129,1084,7934,8546,10324,18231,12877,13597,6922,363,6461,7218,8347,16066,9936,11315,5702,84,,https://twitter.com/GautengHealth/status/1293883300902326272,
2020-08-13,2020-08-13,79117,66061,1084,7954,8575,10361,18354,12917,13656,6937,363,6547,7327,8469,16298,10109,11437,5790,84,,https://twitter.com/GautengHealth/status/1294254921718652935,
2020-08-14,2020-08-14,79791,66832,1145,8031,8643,10440,18505,13015,13766,7028,363,6652,7412,8565,16475,10240,11543,5861,84,,https://twitter.com/GautengHealth/status/1294600732881170433/,
2020-08-15,2020-08-15,80110,67539,1153,8082,8688,10480,18566,13054,13818,7059,363,6728,7480,8664,16634,10351,11653,5945,84,,https://twitter.com/GautengHealth/status/1294958750676275200,
2020-08-16,2020-08-16,80395,67899,1153,8111,8713,10512,18648,13102,13862,7084,363,6761,7527,8697,16703,10399,11752,5976,84,,https://twitter.com/GautengHealth/status/1295357343442579461,
2020-08-17,2020-08-17,80602,68126,1157,8140,8734,10532,18695,13142,13890,7106,363,6776,7559,8729,16765,10437,11789,5987,84,Deaths of Tshwane and Ekhurleni appear to have been transposed,https://twitter.com/GautengHealth/status/1295679081648988162,Deaths of Tshwane and Ekhurleni appear to have been transposed
2020-08-18,2020-08-18,81017,71474,1231,8174,8780,10583,18812,13179,13973,7151,365,7136,7958,9165,17697,10936,12286,6243,53,West Rand Recoveries have not been updated for a week,https://twitter.com/GautengHealth/status/1296074732039811073,West Rand Recoveries have not been updated for a week
2020-08-19,2020-08-19,81303,72132,1231,8214,8810,10619,18878,13224,14009,7184,365,7217,8033,9251,17855,11022,12383,6318,53,,https://twitter.com/GautengHealth/status/1296398783505473536,
2020-08-20,2020-08-20,81590,72685,1252,8246,8842,10654,18938,13275,14047,7223,365,7271,8104,9317,17981,11103,12477,6379,53,,https://twitter.com/GautengHealth/status/1296785419791728640,
2020-08-21,2020-08-21,81883,73162,1277,8271,8875,10690,19002,13312,14108,7260,365,7337,8151,9396,18081,11182,12537,6425,53,,https://twitter.com/GautengHealth/status/1297163891391242240,
2020-08-22,2020-08-22,82480,73635,1286,8319,8900,10743,19158,13368,14318,7309,365,7398,8201,9443,18220,11242,12600,6478,53,,GDOH Media Release 23 August 2020,
2020-08-23,2020-08-23,82780,73635,1291,8364,8932,10784,19214,13406,14363,7352,365,7398,8201,9443,18220,11242,12600,6478,53,,GDOH Media Release 24 August 2020,
2020-08-24,2020-08-24,82969,74412,1295,8389,8967,10811,19232,13435,14400,7370,365,7464,8240,9502,18447,11328,12840,6538,53,,GDOH Media Release 25 August 2020,
2020-08-25,2020-08-25,83075,74811,1326,8403,8981,10820,19242,13455,14431,7378,365,7507,8282,9537,18551,11391,12914,6576,53,,https://twitter.com/GautengHealth/status/1298580090968825856/,
2020-08-26,2020-08-26,83439,75310,1328,8425,9016,10852,19363,13499,14508,7411,365,7569,8333,9601,18669,11460,12995,6630,53,,GDOH Media Release 27 August 2020,
2020-08-27,2020-08-27,83578,76641,1328,8438,9037,10874,19382,13524,14538,7420,365,7732,8485,9778,18973,11655,13197,6768,53,,https://twitter.com/GautengHealth/status/1299328560604344320,
2020-08-28,2020-08-28,83686,77105,1338,8450,9047,10892,19414,13533,14557,7428,365,7779,8532,9825,19082,11723,13265,6846,53,,GDOH Media Release 29 August 2020,
2020-08-29,2020-08-29,83844,77363,1404,8479,9059,10905,19451,13553,14583,7449,365,7805,8558,9860,19143,11765,13313,6866,53,,GDOH Media Release 30 August 2020,
2020-08-30,2020-08-30,84018,77611,1413,8512,9072,10925,19492,13573,14607,7472,365,7831,8588,9892,19191,11805,13358,6893,53,,https://twitter.com/GautengHealth/status/1300391865246724097,
2020-08-31,2020-08-31,84182,77861,1419,8530,9092,10945,19524,13608,14625,7493,365,7863,8610,9917,19253,11831,13401,6933,53,,GDOH Media Release 1 September 2020,
2020-09-01,2020-09-01,84800,78150,1419,8556,9128,11025,19649,13723,14815,7539,365,7902,8652,9953,19313,11867,13451,6959,53,,GDOH Media Release 2 September 2020,
2020-09-02,2020-09-02,85009,78304,1460,8574,9151,11048,19712,13754,14845,7560,365,7919,8671,9984,19334,11885,13482,6976,53,,GDOH Media Release 3 September 2020,
2020-09-03,2020-09-03,85199,78386,1477,8604,9175,11065,19756,13778,14878,7578,365,7932,8684,9993,19347,11897,13499,6981,53,,GDOH Medial Release 4 September 2020,
2020-09-04,2020-09-04,85382,78386,1493,8625,9186,11093,19805,13808,14915,7585,365,7932,8684,9993,19347,11897,13499,6981,53,,https://twitter.com/GautengHealth/status/1302240594224394241,
2020-09-05,2020-09-05,85485,79437,1501,8634,9200,11108,19818,13819,14945,7596,365,8019,8771,10120,19538,12085,13780,7071,53,,https://twitter.com/GautengHealth/status/1302567025370443776,
2020-09-06,2020-09-06,85599,79615,1503,8646,9218,11123,19844,13834,14961,7608,365,8041,8795,10145,19586,12107,13802,7086,53,,https://twitter.com/GautengHealth/status/1302988152584523776,
2020-09-07,2020-09-07,85653,79769,1506,8651,9225,11129,19855,13845,14966,7617,365,8060,8806,10160,19623,12131,13826,7110,53,,https://twitter.com/GautengHealth/status/1303300349051183111/,
2020-09-08,2020-09-08,85729,79931,1508,8659,9233,11136,19878,13857,14976,7625,365,8080,8819,10174,19672,12154,13856,7123,53,,https://twitter.com/GautengHealth/status/1303682049950318592,
2020-09-09,2020-09-09,85866,80099,1523,8667,9256,11159,19910,13874,15000,7635,365,8085,8828,10189,19692,12165,13863,7125,152,,https://twitter.com/GautengHealth/status/1304035972485701632/,
2020-09-10,2020-09-10,85997,80066,1534,8681,9269,11164,19948,13891,15029,7650,365,8090,8833,10196,19723,12174,13868,7129,53,,https://twitter.com/GautengHealth/status/1304406363314028544/,
2020-09-11,2020-09-11,86107,80265,1550,8688,9289,11180,19978,13901,15051,7655,365,8117,8855,10220,19768,12205,13899,7148,53,,https://twitter.com/GautengHealth/status/1304810596081315841/,
2020-09-12,2020-09-12,86212,80424,1549,8698,9309,11193,20002,13910,15070,7665,365,8136,8871,10242,19805,12227,13927,7163,53,,GDOH Media Release 13 September 2020,
2020-09-13,2020-09-13,86285,80588,1549,8706,9321,11197,20027,13915,15088,7666,365,8158,8888,10258,19845,12252,13957,7177,53,,https://twitter.com/GautengHealth/status/1305464605028880385,
2020-09-14,2020-09-14,86357,80688,1550,8715,9333,11206,20050,13923,15098,7667,365,8167,8897,10275,19858,12267,13983,7188,53,,https://twitter.com/GautengHealth/status/1305871725524144130,
2020-09-15,2020-09-15,86414,80804,1553,8720,9336,11210,20067,13932,15110,7675,364,8180,8916,10294,19883,12281,13998,7199,53,,https://twitter.com/GautengHealth/status/1306284688458371072,
2020-09-16,2020-09-16,86557,80873,1556,8733,9350,11225,20116,13947,15137,7685,364,8188,8924,10302,19901,12291,14009,7205,53,,https://twitter.com/GautengHealth/status/1306561937136902145/,
2020-09-17,2020-09-17,86662,80923,1558,8749,9360,11238,20137,13963,15159,7692,364,8192,8930,10310,19913,12296,14016,7213,53,,https://twitter.com/HealthTshwane/status/1306929066092699648/,
2020-09-18,2020-09-18,86834,81085,1586,8760,9374,11260,20182,13987,15200,7707,364,8215,8950,10330,19943,12320,14048,7226,53,,https://twitter.com/HealthTshwane/status/1307365757874044928,
2020-09-19,2020-09-19,86929,81186,1589,8766,9385,11267,20209,13997,15227,7714,364,8221,8974,10335,19961,12336,14068,7238,53,,GDOH Media Release 20 September 2020,
2020-09-20,2020-09-20,87000,81306,1591,8774,9392,11268,20230,14003,15251,7718,364,8230,8992,10348,19991,12356,14092,7244,53,,GDOH Media Release 21 September 2020,
2020-09-21,2020-09-21,87038,81409,1593,8779,9393,11272,20242,14004,15266,7718,364,8237,9010,10357,20021,12369,14109,7253,53,,GDOH Media Release 22 September 2020,
2020-09-22,2020-09-22,87122,81487,1625,8782,9412,11284,20259,14013,15283,7725,364,8245,9027,10366,20040,12372,14127,7257,53,,https://twitter.com/HealthTshwane/status/1308815496817582080,
2020-09-23,2020-09-23,87239,81545,1625,8791,9427,11293,20290,14034,15304,7736,364,8252,9037,10372,20054,12378,14142,7257,53,,https://twitter.com/GautengHealth/status/1309134233064148992,
2020-09-24,2020-09-24,87318,81587,1680,8793,9436,11300,20310,14056,15318,7741,364,8256,9040,10374,20072,12381,14153,7258,53,,https://twitter.com/GautengHealth/status/1309513203551031302,
2020-09-25,2020-09-25,87382,81755,1681,8811,9439,11305,20323,14060,15333,7747,364,8269,9048,10391,20126,12406,14187,7275,53,,GDOH Media Release 26 September 2020,
2020-09-26,2020-09-26,87442,81886,1718,8816,9440,11312,20339,14076,15346,7749,364,8282,9064,10406,20160,12420,14222,7279,53,,https://twitter.com/HealthTshwane/status/1310178587623010304,
2020-09-27,2020-09-27,87503,81996,1718,8820,9447,11320,20362,14083,15355,7752,364,8291,9070,10419,20192,12431,14249,7291,53,,https://twitter.com/GautengHealth/status/1310605890932928513,
2020-09-28,2020-09-28,87556,82101,1720,8822,9450,11326,20382,14095,15361,7756,364,8300,9083,10432,20217,12446,14273,7297,53,,https://twitter.com/GautengHealth/status/1310939301211971591/,
2020-09-29,2020-09-29,87605,82174,1737,8823,9463,11327,20395,14103,15370,7760,364,8308,9094,10434,20237,12455,14292,7301,53,,https://twitter.com/GautengHealth/status/1311243671816359936/,
2020-09-30,2020-09-30,87722,82217,1740,8836,9475,11343,20416,14126,15397,7765,364,8314,9099,10442,20245,12458,14303,7303,53,,https://twitter.com/GautengHealth/status/1311673093262372864/,
2020-10-01,2020-10-01,87841,82255,1742,8852,9489,11357,20435,14151,15417,7776,364,8314,9103,10445,20263,12461,14309,7307,53,,https://twitter.com/GautengHealth/status/1312040199069859840/,
2020-10-02,2020-10-02,87950,82414,1744,8865,9500,11365,20455,14172,15449,7780,364,8330,9125,10457,20299,12484,14346,7320,53,,GDOH Media Release 3 October 2020,
2020-10-03,2020-10-03,88048,82497,1744,8876,9508,11372,20472,14200,15474,7782,364,8340,9131,10464,20318,12499,14363,7329,53,,GDOH Media Release 4 October 2020,
2020-10-04,2020-10-04,88116,82561,1746,8887,9518,11382,20485,14212,15482,7786,364,8345,9140,10473,20331,12511,14375,7333,53,,GDOH Media Release 5 October 2020,
2020-10-05,2020-10-05,88175,82588,1747,8895,9521,11390,20504,14219,15493,7789,364,8351,9141,10475,20339,12514,14382,7333,53,,GDOH Media Release 6 October 2020,
2020-10-06,2020-10-06,88275,82668,1752,8903,9533,11400,20524,14252,15505,7794,364,8357,9147,10482,20364,12527,14399,7339,53,,GDOH Media Release 7 October 2020,
2020-10-07,2020-10-07,88417,82719,1763,8925,9553,11413,20547,14284,15530,7801,364,8360,9152,10489,20381,12536,14408,7340,53,,GDOH Media Release 8 October 2020,
2020-10-08,2020-10-08,88549,82776,1763,8944,9573,11440,20564,14312,15544,7808,364,8365,9155,10492,20396,12557,14414,7344,53,,GDOH Media Release 9 October 2020,
2020-10-09,2020-10-09,88684,82882,1763,8970,9598,11457,20580,14335,15561,7819,364,8370,9175,10506,20417,12579,14430,7352,53,,GDOH Media Release 10 October 2020,
2020-10-10,2020-10-10,88843,83007,1763,8996,9614,11478,20624,14365,15579,7823,364,,,,,,,,53,,GDOH Media Release 11 October 2020,
2020-10-11,2020-10-11,88944,83124,1768,9012,9628,11491,20637,14382,15600,7830,364,8407,9198,10541,20461,12614,14480,7370,53,,https://twitter.com/GautengHealth/status/1315678871690383360,
2020-10-12,2020-10-12,89000,83229,1773,9025,9634,11500,20645,14395,15607,7830,364,8424,9204,10547,20475,12646,14507,7373,53,,https://twitter.com/GautengHealth/status/1315997840037097473/,
2020-10-13,2020-10-13,89099,83303,1773,9042,9645,11512,20654,14424,15622,7836,364,8432,9211,10555,20490,12662,14520,7380,53,,https://twitter.com/GautengHealth/status/1316370462943969282,
2020-10-14,2020-10-14,89237,83362,1774,9043,9647,11514,20664,14443,15627,7836,463,8435,9217,10563,20508,12672,14533,7381,53,,https://twitter.com/GautengHealth/status/1317438574954991618,
2020-10-15,2020-10-15,89342,83410,1775,9057,9656,11531,20681,14469,15641,7844,463,8442,9220,10568,20520,12687,14536,7384,53,,https://twitter.com/GautengHealth/status/1317074967650062336,
2020-10-16,2020-10-16,89486,83570,1775,9088,9675,11543,20705,14507,15658,7847,463,8460,9238,10591,20545,12728,14564,7391,53,,https://twitter.com/GautengHealth/status/1317438574954991618/,
2020-10-17,2020-10-17,89621,83710,1776,9103,9700,11560,20726,14530,15681,7858,463,8486,9250,10619,20574,12744,14586,7398,53,,GDOH Medial Release18 October 2020,
2020-10-18,2020-10-18,89729,83853,1776,9118,9713,11571,20740,14549,15715,7860,463,8517,9265,10641,20599,12773,14597,7408,53,Sedibeng deaths corrected later,https://twitter.com/GautengHealth/status/1318191574967291910,Sedibeng deaths corrected later
2020-10-19,2020-10-19,89920,83985,1776,9162,9749,11589,20753,14608,15731,7865,463,8537,9288,10659,20617,12797,14618,7416,53,,https://twitter.com/GautengHealth/status/1318538596085866501,
2020-10-20,2020-10-20,89991,84109,1776,9178,9755,11604,20769,14617,15739,7866,463,8561,9304,10675,20634,12820,14642,7420,53,,https://twitter.com/GautengHealth/status/1318885765934403584,
2020-10-21,2020-10-21,90128,84292,1776,9199,9773,11625,20787,14656,15751,7874,463,8607,9336,10694,20643,12876,14660,7423,53,,https://twitter.com/GautengHealth/status/1319218778018893825,
2020-10-22,2020-10-22,90220,84338,1777,9210,9786,11646,20805,14672,15758,7880,463,8617,9340,10701,20655,12885,14663,7424,53,,https://twitter.com/GautengHealth/status/1319658918226874369,
2020-10-23,2020-10-23,90363,84473,1777,9228,9808,11666,20844,14695,15775,7884,463,8636,9354,10722,20672,12915,14685,7436,53,,GDOH Media Release 24 October 2020,
2020-10-24,2020-10-24,90453,84605,1777,9241,9818,11680,20863,14710,15788,7890,463,8656,9374,10737,20698,12944,14703,7440,53,,GDOH Media Release 25 October 2020,
2020-10-25,2020-10-25,90522,84752,1777,9249,9825,11689,20876,14725,15800,7895,463,8687,9394,10752,20715,12982,14720,7449,53,,GDOH Media Release 26 October 2020,
2020-10-26,2020-10-26,90588,84896,1777,9251,9832,11699,20889,14736,15814,7904,463,8705,9417,10767,20736,13017,14744,7457,53,,GDOH Media Release 27 October 2020,
2020-10-27,2020-10-27,90678,84999,1777,9262,9845,11715,20900,14754,15832,7907,463,8720,9427,10774,20759,13039,14767,7460,53,,https://twitter.com/GautengHealth/status/1321407153715007490,
2020-10-28,2020-10-28,90753,85064,1777,9275,9856,11722,20913,14770,15844,7910,463,8690,9443,10788,20765,13080,14783,7462,53,,GDOH Media Release 29 October 2020,
2020-10-29,2020-10-29,90864,85100,1777,9288,9876,11735,20926,14798,15860,7918,463,8694,9447,10799,20771,13086,14785,7465,53,,https://twitter.com/GautengHealth/status/1322161165833744391/photo/1,
2020-10-30,2020-10-30,90958,85240,1777,9304,9887,11751,20947,14818,15869,7919,463,8719,9458,10822,20792,13122,14800,7474,53,,GDOH Media Release 31 October 2020,
2020-10-31,2020-10-31,91060,85345,1777,9320,9898,11762,20968,14836,15886,7927,463,8734,9471,10844,20814,13142,14808,7479,53,,https://twitter.com/GautengHealth/status/1322910039494053895/,
2020-11-01,2020-11-01,91127,85461,1884,9329,9904,11774,20991,14842,15895,7929,463,8744,9494,10862,20837,13164,14824,7483,53,,https://twitter.com/GautengHealth/status/1323265297630023680,
2020-11-02,2020-11-02,91156,85700,1884,9332,9907,11778,20999,14849,15897,7931,463,8775,9520,10903,20885,13205,14863,7496,53,,GDOH Media Release 3 November 2020,
2020-11-03,2020-11-03,91224,85700,1885,9342,9917,11783,21016,14858,15912,7933,463,8775,9520,10903,20885,13205,14863,7496,53,,GDOH Media Release 4 November 2020,
2020-11-04,2020-11-04,91305,85755,1885,9354,9928,11791,21031,14881,15921,7936,463,8779,9527,10911,20896,13215,14871,7503,53,,GDOH Media Release 5 November 2020,
2020-11-05,2020-11-05,,,,,,,,,,,,,,,,,,,,No GDOH Release due to data  harmonisation,https://www.nicd.ac.za/latest-confirmed-cases-of-covid-19-in-south-africa-5-nov-2020,No GDOH Release due to data  harmonisation
2020-11-06,2020-11-06,,,,,,,,,,,,,,,,,,,,No GDOH Release due to data  harmonisation,https://www.nicd.ac.za/latest-confirmed-cases-of-covid-19-in-south-africa-6-nov-2020,No GDOH Release due to data  harmonisation
2020-11-07,2020-11-07,,,,,,,,,,,,,,,,,,,,No GDOH Release due to data  harmonisation,https://www.nicd.ac.za/latest-confirmed-cases-of-covid-19-in-south-africa-7-nov-2020/,No GDOH Release due to data  harmonisation
2020-11-08,2020-11-08,,,,,,,,,,,,,,,,,,,,No GDOH Release due to data  harmonisation,https://www.nicd.ac.za/latest-confirmed-cases-of-covid-19-in-south-africa-8-nov-2020/,No GDOH Release due to data  harmonisation
2020-11-09,2020-11-09,,,,,,,,,,,,,,,,,,,,No GDOH Release due to data  harmonisation,https://www.nicd.ac.za/latest-confirmed-cases-of-covid-19-in-south-africa-9-nov-2020/,No GDOH Release due to data  harmonisation
2020-11-10,2020-11-10,,,,,,,,,,,,,,,,,,,,No GDOH Release due to data  harmonisation,https://www.nicd.ac.za/latest-confirmed-cases-of-covid-19-in-south-africa-10-nov-2020/,No GDOH Release due to data  harmonisation
2020-11-11,2020-11-11,,,,,,,,,,,,,,,,,,,,No GDOH Release,https://www.nicd.ac.za/latest-confirmed-cases-of-covid-19-in-south-africa-11-nov-2020/,No GDOH Release
2020-11-12,2020-11-12,,,,,,,,,,,,,,,,,,,,No GDOH Release,https://www.nicd.ac.za/latest-confirmed-cases-of-covid-19-in-south-africa-12-nov-2020/,No GDOH Release
2020-11-13,2020-11-13,,,,,,,,,,,,,,,,,,,,No GDOH Release,https://www.nicd.ac.za/latest-confirmed-cases-of-covid-19-in-south-africa-13-nov-2020/,No GDOH Release
2020-11-14,2020-11-14,,,,,,,,,,,,,,,,,,,,No GDOH Release,https://www.nicd.ac.za/latest-confirmed-cases-of-covid-19-in-south-africa-14-nov-2020/,No GDOH Release
2020-11-15,2020-11-15,,,,,,,,,,,,,,,,,,,,No GDOH Release,,No GDOH Release
2020-11-16,2020-11-16,,,,,,,,,,,,,,,,,,,,No GDOH Release,,No GDOH Release
2020-11-17,2020-11-17,,,,,,,,,,,,,,,,,,,,No GDOH Release,,No GDOH Release
2020-11-18,2020-11-18,,,,,,,,,,,,,,,,,,,,No GDOH Release,,No GDOH Release
2020-11-19,2020-11-19,96278,93475,1919,,,,,,,,,,,,,,,,,Partial data release only,https://twitter.com/GautengHealth/status/1331479716696649729/,Partial data release only
2020-11-20,2020-11-20,,,,,,,,,,,,,,,,,,,,No GDOH Release,,No GDOH Release
2020-11-21,2020-11-21,,,,,,,,,,,,,,,,,,,,No GDOH Release,,No GDOH Release
2020-11-22,2020-11-22,,,,,,,,,,,,,,,,,,,,No GDOH Release,,No GDOH Release
2020-11-23,2020-11-23,,,,,,,,,,,,,,,,,,,,No GDOH Release,,No GDOH Release
2020-11-24,2020-11-24,,,,,,,,,,,,,,,,,,,,No GDOH Release,,No GDOH Release
2020-11-25,2020-11-25,,,,,,,,,,,,,,,,,,,,No GDOH Release,,No GDOH Release
2020-11-26,2020-11-26,,,,,,,,,,,,,,,,,,,,No GDOH Release,,No GDOH Release
2020-11-27,2020-11-27,,,,,,,,,,,,,,,,,,,,No GDOH Release,,No GDOH Release
2020-11-28,2020-11-28,,,,,,,,,,,,,,,,,,,,No GDOH Release,,No GDOH Release
2020-11-29,2020-11-29,,,,,,,,,,,,,,,,,,,,No GDOH Release,,No GDOH Release
2020-11-30,2020-11-30,,,,,,,,,,,,,,,,,,,,No GDOH Release,,No GDOH Release
2020-12-01,2020-12-01,,,,,,,,,,,,,,,,,,,,No GDOH Release,,No GDOH Release
2020-12-02,2020-12-02,,,,,,,,,,,,,,,,,,,,No GDOH Release,,No GDOH Release
2020-12-03,2020-12-03,,,,,,,,,,,,,,,,,,,,No GDOH Release,,No GDOH Release
2020-12-04,2020-12-04,,,,,,,,,,,,,,,,,,,,No GDOH Release,,No GDOH Release
2020-12-05,2020-12-05,,,,,,,,,,,,,,,,,,,,No GDOH Release,,No GDOH Release
2020-12-06,2020-12-06,,,,,,,,,,,,,,,,,,,,No GDOH Release,,No GDOH Release
2020-12-07,2020-12-07,,,,,,,,,,,,,,,,,,,,No GDOH Release,,No GDOH Release
2020-12-08,2020-12-08,,,,,,,,,,,,,,,,,,,,No GDOH Release,,No GDOH Release
2020-12-09,2020-12-09,,,,,,,,,,,,,,,,,,,,No GDOH Release,,No GDOH Release
2020-12-10,2020-12-10,,,,,,,,,,,,,,,,,,,,No GDOH Release,,No GDOH Release
2020-12-11,2020-12-11,100874,95299,1955,10408,12521,12535,22675,15939,18465,8331,0,9731,11632,11800,21631,14771,17783,7951,0,GDOH Release resumes,https://twitter.com/GautengHealth/status/1337796837726695424,GDOH Release resumes
2020-12-12,2020-12-12,101495,95465,1956,10521,12627,12626,22740,16077,18549,8355,0,9754,11664,11826,21651,14810,17808,7952,0,,GDOH Press Releae 13 December,
2020-12-13,2020-12-13,102008,95677,1956,10613,12718,12684,22795,16212,18606,8380,0,9784,11702,11857,21682,14869,17824,7959,0,Off by one error in Tshwane Recoveries,https://twitter.com/GautengHealth/status/1338506820252553223,Off by one error in Tshwane Recoveries
2020-12-14,2020-12-14,102411,95893,1956,10682,12791,12740,22833,16301,18658,8406,,9819,11745,11885,21710,14906,17853,7975,0,,https://twitter.com/GautengHealth/status/1338835023382933505,
2020-12-15,2020-12-15,102925,96384,1960,10757,12875,12794,22925,16426,18720,8428,0,9912,11831,11953,21760,15011,17919,7998,0,,https://twitter.com/GautengHealth/status/1339189660292182016,
2020-12-16,2020-12-16,103685,96386,1960,10872,12991,12911,22996,16607,18848,8460,0,9912,11831,11954,21761,15011,17919,7998,0,,https://twitter.com/GautengHealth/status/1339510719818162177,
2020-12-17,2020-12-17,104381,96727,1962,10984,13111,13022,23076,16739,18952,8497,0,9966,11914,11990,21788,15123,17939,8007,0,,https://twitter.com/GautengHealth/status/1339960857925660677,
2020-12-18,2020-12-18,104976,97148,1962,11078,13207,13096,23136,16881,19042,8536,0,10038,12013,12041,21804,15253,17977,8022,0,,GDOH Media Release 19 December,
2020-12-19,2020-12-19,105928,97703,1963,11227,13359,13250,23243,17076,19193,8580,0,10133,12121,12119,21846,15397,18040,8047,0,,https://twitter.com/GautengHealth/status/1340628219859447809,
2020-12-20,2020-12-20,106748,98279,1963,11351,13493,13365,23352,17241,19307,8639,0,10218,12227,12205,21896,15552,18104,8077,0,,https://twitter.com/GautengHealth/status/1341063376944939012,
2020-12-21,2020-12-21,107479,98932,1967,11456,13581,13443,23494,17394,19426,8685,0,10315,12358,12303,21977,15703,18174,8102,0,,GDOH Media Release 22 December 2020,
2020-12-22,2020-12-22,108193,99551,1969,11570,13679,13502,23598,17620,19516,8708,0,10428,12465,12392,22039,15843,18259,8125,0,,GDOH Media Release 21 December 2020,
2020-12-23,2020-12-23,109528,100202,1973,11777,13879,13695,23756,17937,19717,8767,0,10532,12569,12453,22119,16021,18347,8161,0,,GDOH Media Release 22 December 2020,
2020-12-24,2020-12-24,110687,100628,1977,11965,14028,13871,23908,18187,19897,8831,0,10606,12647,12507,22161,16118,18401,8188,0,,GDOH Media Release 23 December 2020,
2020-12-25,2020-12-25,112116,101124,1977,12215,14235,14079,24105,18505,20083,8894,0,10678,12727,12568,22242,16239,18463,8207,0,,GDOH Media Release 26 December 2020,
2020-12-26,2020-12-26,113157,101875,1980,12381,14389,14217,24307,18692,20216,8955,0,10794,12839,12685,22310,16420,18588,8239,0,,GDOH Media Release 27 December 2020,
2020-12-27,2020-12-27,113747,102570,1980,12486,14457,14286,24407,18775,20323,9013,0,10907,12961,12797,22390,16550,18690,8275,0,,GDOH Media Release 28 December 2020,
2020-12-28,2020-12-28,114379,103139,1986,12576,14575,14371,24493,18916,20392,9056,0,10998,13052,12864,22449,16680,18783,8313,0,,GDOH Media Release 29 December 2020,
2020-12-29,2020-12-29,115265,104087,2006,12715,14716,14495,24609,19078,20544,9108,0,11143,13200,13014,22558,16874,18937,8361,0,,GDOH Media Release 30 December 2020,
2020-12-30,2020-12-30,116795,104890,2015,12920,14997,14696,24817,19352,20803,9210,0,11287,13328,13122,22667,17022,19049,8415,0,,GDOH Media Release31 December 2020,
2020-12-31,2020-12-31,118520,105603,2037,13187,15256,14921,25114,19595,21088,9359,0,11365,13414,13198,22796,17197,19169,8464,0,,GDOH Media Release 1 January 2021,
2021-01-01,2021-01-01,120115,106314,2047,13410,15462,15134,25320,19945,21364,9480,0,11486,13521,13262,22891,17416,19253,8485,,,GDOH Media Release 2 January 2021,
2021-01-02,2021-01-02,121526,107524,2048,13647,15624,15325,25575,20172,21601,9582,0,11679,13711,13448,23025,17696,19431,8534,,,GDOH Media Release 3 January 2021,
2021-01-03,2021-01-03,122404,108692,2061,13735,15728,15440,25768,20327,21749,9657,0,11843,13864,13631,23179,17962,19615,8598,,,GDOH Media Release 4 January 2021,
2021-01-04,2021-01-04,123472,110116,2064,13901,15896,15647,25886,20522,21882,9738,0,12092,14068,13833,23376,18281,19802,8664,,,GDOH Media Release 5 January 2021,
2021-01-05,2021-01-05,124620,111177,2070,14063,16074,15803,26060,20720,22092,9808,0,12263,14221,13973,23585,18472,19937,8726,,,GDOH Media Release 6 January 2021,
2021-01-06,2021-01-06,126878,111774,2079,14408,16382,16082,26450,21135,22441,9980,0,12363,14288,14035,23691,18586,20026,8785,,,https://twitter.com/GautengHealth/status/1347134687576256512,
2021-01-07,2021-01-07,128806,112445,2084,14768,16648,16378,26757,21481,22645,10129,0,12464,14413,14131,23770,18735,20099,8833,,,https://twitter.com/GautengHealth/status/1347502071390621700,
2021-01-08,2021-01-08,131494,113572,2093,15228,17037,16708,27100,22021,23111,10289,0,12628,14601,14274,23895,18994,20293,8887,,,https://twitter.com/GautengHealth/status/1347854800571035648,
2021-01-09,2021-01-09,133792,115109,2096,15553,17334,17077,27428,22493,23476,10431,0,12830,14883,14476,24107,19268,20558,8987,0,,GDOH Media Release 10 January 2021,
2021-01-10,2021-01-10,135490,116841,2104,15889,17526,17298,27735,22798,23720,10524,0,13097,15150,14699,24405,19508,20844,9138,0,,https://twitter.com/GautengHealth/status/1348198152600432643,
2021-01-11,2021-01-11,136832,118442,2104,16131,17680,17452,28024,22993,23898,10654,0,13344,15348,14903,24625,19837,21123,9262,0,,https://twitter.com/GautengHealth/status/1349006151761977352,
2021-01-12,2021-01-12,137862,119725,2163,16273,17816,17580,28185,23185,24053,10770,0,13572,15494,15092,24842,20027,21345,9353,0,,GDOH Media Release 13 January 2020,
2021-01-13,2021-01-13,139609,120538,2229,16543,18017,17813,28473,23508,24330,10925,0,13652,15584,15203,25025,20171,21475,9428,0,,https://twitter.com/GautengHealth/status/1349715260756910083,
2021-01-14,2021-01-14,141374,121627,2237,16792,18208,18058,28853,23747,24590,11126,0,13828,15756,15411,25144,20368,21609,9511,0,Apparent discrepancy between provincial and district totals,https://twitter.com/GautengHealth/status/1350104394692493316,Apparent discrepancy between provincial and district totals
2021-01-15,2021-01-15,142846,122920,2242,16989,18396,18227,29172,23966,24845,11251,0,14001,15939,15582,25360,20577,21861,9600,0,,https://twitter.com/GautengHealth/status/1350465423976763392,
2021-01-16,2021-01-16,144125,125207,2246,17150,18556,18362,29434,24195,25034,11394,0,14349,16262,15871,25736,21008,22191,9790,0,,GDOH Media Release,
2021-01-17,2021-01-17,145410,127170,2255,17343,18685,18504,29698,24392,25270,11518,0,14707,16532,16162,26060,21364,22416,9929,0,,https://twitter.com/GautengHealth/status/1351162030179426306,
2021-01-18,2021-01-18,146171,129454,2269,17457,18782,18563,29876,24508,25386,11599,0,15130,16852,16457,26360,21767,22808,10080,0,,GDOH Media Release,
2021-01-19,2021-01-19,146792,131776,2272,17572,18867,18624,29969,24628,25494,11638,0,15460,17147,16826,26703,22243,23173,10224,0,,https://twitter.com/GautengHealth/status/1351875748588642304,
2021-01-20,2021-01-20,147938,133577,2272,17745,19018,18767,30199,24792,25679,11738,0,15808,17342,17065,27030,22575,23440,10317,0,,https://twitter.com/GautengHealth/status/1352203793535021058/,
2021-01-21,2021-01-21,148959,134880,2276,17906,19130,18873,30441,24944,25797,11868,0,16044,17495,17205,27308,22771,23608,10449,0,,https://twitter.com/GautengHealth/status/1352554346421121026/,
2021-01-22,2021-01-22,149891,136201,2311,17998,19224,18979,30686,25083,25954,11967,0,16222,17644,17346,27604,22980,23797,10608,0,,https://twitter.com/GautengHealth/status/1353017562792161281,
2021-01-23,2021-01-23,151002,138367,2428,18223,19347,19124,30882,25257,26090,12079,0,16547,17896,17607,27947,23388,24176,10806,0,,https://twitter.com/GautengHealth/status/1353334496922390536,
2021-01-24,2021-01-24,151529,141288,2438,18271,19396,19168,31080,25309,26161,12144,0,16961,18213,17995,28537,23815,24648,11119,0,,https://twitter.com/GautengHealth/status/1353656996478779393,
2021-01-25,2021-01-25,151897,142570,2439,18319,19440,19200,31217,25345,26190,12186,0,17161,18376,18141,28765,24034,24846,11247,0,,https://twitter.com/GautengHealth/status/1354010296390721536,
2021-01-26,2021-01-26,152257,143865,2509,18395,19496,19249,31271,25388,26246,12212,0,17445,18519,18279,28986,24230,25060,11346,0,,https://twitter.com/GautengHealth/status/1354463338831491073,
2021-01-27,2021-01-27,152733,144400,2528,18478,19586,19289,31373,25444,26328,12235,0,17509,18588,18349,29100,24319,25137,11398,0,,https://twitter.com/GautengHealth/status/1354758797382864897,
2021-01-28,2021-01-28,153022,144701,2528,18500,19622,19319,31437,25481,26378,12285,0,17533,18634,18384,29169,24375,25177,11429,0,,https://twitter.com/GautengHealth/status/1355169029493809152/,
2021-01-29,2021-01-29,153575,146188,2534,18585,19692,19417,31595,25452,26490,12344,0,17773,18823,18575,29500,24494,25450,11573,0,,GDOH Media Release 30 January,
2021-01-30,2021-01-30,153869,147136,2536,18624,19740,19450,31667,25496,26525,12367,0,17938,18934,18688,29729,24616,25589,11642,0,,https://twitter.com/GautengHealth/status/1356259319814238210/,
2021-01-31,2021-01-31,154137,147945,2536,18646,19763,19482,31734,25533,26580,12399,0,18045,19034,18767,29964,24712,25676,11747,0,,GDOH Media Release,
2021-02-01,2021-02-01,154338,148560,2537,18624,19786,19509,31811,25554,26609,12445,0,18084,19125,18853,30120,24810,25761,11807,0,,https://twitter.com/GautengHealth/status/1356672642401583106,
2021-02-02,2021-02-02,154574,149119,2558,18641,19802,19526,31925,25583,26637,12460,0,18146,19196,18908,30264,24894,25839,11872,0,,https://twitter.com/GautengHealth/status/1356966385990184965/,
2021-02-03,2021-02-03,154899,149452,2587,18677,19848,19579,32002,25626,26672,12495,0,18215,19246,18939,30342,24921,25887,11902,0,,https://twitter.com/GautengHealth/status/135735293500975513,
2021-02-04,2021-02-04,155198,149609,2598,18722,19876,19611,32078,25664,26728,12519,0,18230,19274,18951,30385,24950,25903,11916,0,,https://twitter.com/GautengHealth/status/1357639628765999104,
2021-02-05,2021-02-05,155470,150133,2616,18760,19920,19651,32149,25683,26762,12545,0,18309,19361,19006,30490,25013,25985,11969,0,,GDOH Media Release 6 February 2021,
2021-02-06,2021-02-06,155719,150589,2647,18792,19957,19678,32213,25708,26797,12574,0,18366,19425,19051,30605,25062,26065,12015,0,,GDOH Media Release 7 February 2021,
2021-02-07,2021-02-07,155967,150926,2648,18812,19984,19700,32305,25721,26847,12598,0,18407,19461,19087,30699,25106,26111,12055,0,,GDOH Media Release 8 February 2021,
2021-02-08,2021-02-08,156114,151223,2667,18827,20005,19706,32356,25739,26866,12615,0,18451,19502,19120,30769,25137,26150,12094,0,,https://twitter.com/GautengHealth/status/1358742885785550850/,
2021-02-09,2021-02-09,156280,151479,2710,18849,20036,19718,32402,25756,26887,12632,0,18477,19539,19149,30808,25174,26203,12129,0,,https://twitter.com/GautengHealth/status/1359106437679636481/,
2021-02-10,2021-02-10,156671,151674,2742,18898,20094,19767,32493,25797,26963,12659,0,18502,19555,19172,30851,25193,26249,12152,0,,https://twitter.com/GautengHealth/status/1359487783946117133,
2021-02-11,2021-02-11,156924,151792,2758,18935,20127,19796,32541,25837,27010,12678,0,18508,19562,19185,30895,25213,26269,12160,0,,https://twitter.com/GautengHealth/status/1359761941414227969,
2021-02-12,2021-02-12,157187,152062,2906,18962,20162,19824,32597,25880,27051,12711,0,18540,19595,19240,30927,25261,26311,12188,0,,https://twitter.com/GautengHealth/status/1360206635453599745/,
2021-02-13,2021-02-13,157505,152171,2914,18981,20202,19870,32683,25925,27102,12742,0,18574,19610,19254,30925,25286,26325,12197,0,,GDOH Media Release14 February 2021,
2021-02-14,2021-02-14,157664,152454,2922,19004,20224,19890,32717,25949,27124,12756,0,18599,19644,19292,31010,25316,26375,12218,0,,GDOH Media Release 15February 2021,
2021-02-15,2021-02-15,157773,152920,2953,19011,20250,19902,32734,25964,27141,12771,0,18655,19705,19342,31139,25352,26447,12280,0,,GDOH Media Release 16 February 2021,
2021-02-16,2021-02-16,157953,153171,2969,19040,20281,19924,32769,25991,27169,12779,0,18697,19741,19360,31211,25372,26486,12304,0,,GDOH Media Release17 February 2021,
2021-02-17,2021-02-17,158286,153406,2982,19057,20317,20029,32857,26020,27206,12800,0,18710,19773,19447,31256,25390,26514,12316,0,,GDOH Media Release 18 February 2021,
2021-02-18,2021-02-18,158638,153630,2983,19085,20369,20132,32943,26046,27242,12821,0,18727,19814,19525,31308,25400,26524,12332,0,,GDOH Media Release 19 February 2021,
2021-02-19,2021-02-19,158768,153983,2989,19101,20379,20148,32974,26062,27268,12836,0,18764,19878,19561,31384,25445,26581,12370,0,,GDOH Media Release 20 February 2021,
2021-02-20,2021-02-20,158938,154229,3002,19133,20402,20167,33007,26077,27297,12855,0,18799,19915,19599,31433,25472,26625,12386,0,,GDOH Media Release 21 February 2021,
2021-02-21,2021-02-21,159050,154506,3002,19144,20416,20186,33030,26096,27317,12861,0,18832,19952,19640,31484,25519,26671,12408,0,,GDOH Media Release 22 February 2021,
2021-02-22,2021-02-22,159181,154764,3012,19167,20438,20201,33060,26116,27327,12872,0,18854,19990,19670,31546,25565,26706,12433,0,,GDOH Media Release 23 February 2021,
2021-02-23,2021-02-23,159286,154975,3021,19178,20461,20212,33082,26126,27347,12880,0,18874,20017,19701,31589,25602,26734,12458,0,,GDOH Media Release 24 February 2021,
2021-02-24,2021-02-24,159492,155083,3025,19195,20485,20231,33140,26150,27384,12907,0,18883,20032,19717,31624,25616,26746,12465,0,,https://twitter.com/GautengHealth/status/1364880587241185282,
2021-02-25,2021-02-25,159668,155159,3027,19216,20514,20244,33165,26175,27427,12927,0,18887,20045,19725,31646,25626,26754,12476,0,,GDOH Media Release,
2021-02-26,2021-02-26,159831,155392,3038,19224,20530,20269,33210,26199,27453,12946,0,18913,20079,19750,31720,25651,26784,12495,0,,GDOH Media Release,
2021-02-27,2021-02-27,159831,155447,3063,19224,20530,20269,33210,26199,27453,12946,0,18915,20090,19767,31733,25659,26789,12494,0,Number of cases not updated.,GDOH Media Release,Number of cases not updated.
2021-02-28,2021-02-28,160029,155745,3071,19259,20544,20289,33252,26232,27490,12963,0,18963,20113,19802,31807,25695,26841,12524,0,,GDOH Media Release,
2021-03-01,2021-03-01,160090,155891,3079,19266,20552,20292,33272,26242,27497,12969,0,18982,20130,19820,31838,25706,26872,12543,0,,GDOH Media Release,
2021-03-02,2021-03-02,160163,156044,3096,19276,20558,20302,33291,26249,27510,12977,0,19001,20156,19840,31869,25723,26897,12558,0,,GDOH Media Release,
2021-03-03,2021-03-03,160308,156254,3099,19285,20576,20320,33330,26268,27544,12985,0,19018,20193,19863,31920,25754,26936,12570,0,,GDOH Media Release,
2021-03-04,2021-03-04,160466,156288,3105,19291,20594,20338,33377,26280,27588,12998,0,19009,20220,19883,31872,25787,26960,12557,0,,GDOH Media Release,
2021-03-05,2021-03-05,160577,156345,3108,19299,20609,20348,33404,26291,27617,13009,0,19020,20194,19860,31994,25746,26970,12561,0,,GDOH Media Release,
2021-03-06,2021-03-06,160701,156384,3115,19306,20624,20360,33446,26302,27649,13014,0,19035,20216,19876,31947,25768,26955,12587,0,,GDOH Media Release,
2021-03-07,2021-03-07,160766,156560,3122,19312,20628,20362,33481,26307,27652,13024,0,19055,20244,19892,31972,25790,27000,12607,0,,GDOH Media Release,
2021-03-08,2021-03-08,160855,156709,3128,19317,20630,20367,33525,26317,27667,13032,0,19064,20257,19913,32015,25810,27025,12625,0,,GDOH Media Release,
2021-03-09,2021-03-09,160988,156837,3139,19335,20646,20381,33554,26330,27699,13043,0,19085,20266,19927,32043,25830,27052,12634,0,,GDOH Media Release,
2021-03-10,2021-03-10,161262,157034,3154,19363,20720,20416,33578,26387,27739,13059,0,19117,20316,19945,32053,25880,27079,12644,0,,GDOH Media Release,
2021-03-11,2021-03-11,161413,157126,3159,19377,20738,20437,33615,26400,27766,13080,0,19128,20325,19953,32089,25890,27089,12652,0,,GDOH Media Release,
2021-03-12,2021-03-12,161507,157301,3173,19386,20751,20445,33637,26415,27786,13087,0,19142,20343,19968,32125,25916,27143,12664,0,,GDOH Media Release,
2021-03-13,2021-03-13,161653,157457,3173,19399,20765,20462,33683,26435,27809,13100,0,19146,20364,19987,32179,25931,27175,12675,0,,GDOH Media Release,
2021-03-14,2021-03-14,161744,157552,3181,19409,20772,20473,33705,26443,27829,13113,0,19154,20376,20000,32204,25934,27204,12680,0,,GDOH Media Release,
2021-03-15,2021-03-15,161824,157685,3181,19417,20787,20477,33722,26448,27846,13127,0,19161,20388,20010,32241,25947,27243,12695,0,,GDOH Media Release,
2021-03-16,2021-03-16,161913,157832,3188,19427,20804,20486,33744,26461,27856,13135,0,19170,20408,20023,32290,25966,27270,12705,0,,GDOH Media Release,
2021-03-17,2021-03-17,162103,157916,3188,19441,20829,20513,33789,26491,27890,13150,0,19178,20418,20032,32323,25972,27283,12710,0,,GDOH Media Release,
2021-03-18,2021-03-18,162241,157966,3194,19452,20844,20523,33827,26511,27917,13167,0,19184,20420,20037,32342,25976,27289,12718,0,,GDOH Media Release,
2021-03-19,2021-03-19,162398,158115,3200,19464,20862,20542,33867,26527,27948,13188,0,19201,20436,20060,32371,25995,27310,12742,0,,GDOH Media Release,
2021-03-19,2021-03-19,162398,158115,3200,19464,20862,20542,33867,26527,27948,13188,0,19201,20436,20060,32371,25995,27310,12742,0,,GDOH Media Release,
2021-03-20,2021-03-20,162521,158249,3200,19477,20876,20559,33897,26538,27975,13199,0,19217,20452,20086,32398,26007,27335,12754,0,,GDOH Media Release,
2021-03-21,2021-03-21,162653,158383,3200,19489,20891,20566,33955,26550,27990,13212,0,19226,20470,20097,32441,26018,27367,12764,0,,GDOH Media Release,
2021-03-22,2021-03-22,162724,158522,3200,19497,20900,20571,33973,26558,28005,13220,0,19239,20481,20108,32488,26033,27385,12788,0,,GDOH Media Release,
2021-03-23,2021-03-23,162777,158616,3200,19502,20903,20575,33988,26569,28013,13227,0,19246,20490,20122,32507,26046,27402,12803,0,,GDOH Media Release,
2021-03-24,2021-03-24,162885,158694,3202,19514,20916,20587,34027,26579,28029,13233,0,19258,20504,20129,32525,26051,27417,12810,0,,GDOH Media Release,
2021-03-25,2021-03-25,163031,158726,3221,19531,20932,20608,34057,26593,28059,13251,0,19264,20514,20137,32528,26053,27423,12807,0,,GDOH Media Release,
2021-03-26,2021-03-26,163157,158921,3224,19538,20954,20620,34083,26619,28074,13269,0,19272,20539,20162,32582,26081,27457,12828,0,,GDOH Media Release,
2021-03-27,2021-03-27,163283,159066,3232,19547,20980,20636,34108,26636,28093,13283,0,19288,20557,20181,32604,26103,27490,12843,0,,GDOH Media Release,
2021-03-28,2021-03-28,163366,159215,3232,19559,20988,20644,34127,26654,28105,13289,0,19301,20580,20193,32648,26120,27513,12860,0,,GDOH Media Release,
2021-03-29,2021-03-29,163429,159336,3236,19566,20998,20646,34143,26661,28113,13302,0,19318,20597,20209,32679,26130,27531,12872,0,,GDOH Media Release,
2021-03-30,2021-03-30,163519,159451,3245,19574,21004,20657,34162,26676,28129,13317,0,19329,20606,20221,32718,26141,27551,12885,0,,GDOH Media Release,
2021-03-31,2021-03-31,163665,159527,3249,19592,21026,20675,34192,26693,28161,13326,0,19334,20618,20224,32740,26152,27569,12890,0,,GDOH Media Release,
2021-04-01,2021-04-01,163827,159563,3252,19612,21046,20689,34227,26717,28196,13340,0,19338,20623,20228,32749,26157,27575,12893,0,,GDOH Media Release,
2021-04-02,2021-04-02,163990,159620,3255,19631,21062,20706,34268,26745,28216,13362,0,19342,20629,20232,32776,26165,27579,12897,0,,GDOH Media Release,
2021-04-03,2021-04-03,164057,159787,3255,19640,21065,20717,34283,26763,28220,13369,0,19360,20646,20251,32816,26178,27608,12928,0,,GDOH Media Release,
2021-04-04,2021-04-04,164129,159905,3256,19645,21079,20721,34302,26771,28237,13374,0,19372,20662,20262,32846,26195,27626,12942,0,,GDOH Media Release,
2021-04-05,2021-04-05,164154,160017,3258,19648,21084,20729,34305,26773,28239,13376,0,19379,20692,20268,32862,26221,27644,12951,0,,GDOH Media Release,
2021-04-06,2021-04-06,164201,160148,3262,19651,21092,20735,34321,26778,28245,13379,0,19392,20705,20280,32887,26244,27670,12970,0,,GDOH Media Release,
2021-04-07,2021-04-07,164292,160199,3270,19661,21122,20749,34333,26785,28259,13383,0,19398,20714,20283,32900,26252,27679,12973,0,,GDOH Media Release,
2021-04-08,2021-04-08,164442,160242,3272,19674,21142,20779,34351,26818,28286,13392,0,19401,20718,20286,32908,26260,27688,12981,0,,GDOH Media Release,
2021-04-09,2021-04-09,164576,160411,3272,19687,21160,20795,34389,26838,28301,13406,0,19422,20742,20307,32946,26287,27718,12989,0,,GDOH Media Release,
2021-04-10,2021-04-10,164715,160540,3276,19702,21171,20808,34436,26858,28321,13419,0,19442,20756,20320,32972,26305,27744,13001,0,,GDOH Media Release,
2021-04-11,2021-04-11,164795,160690,3277,19707,21181,20817,34458,26868,28332,13432,0,19461,20771,20334,33011,26329,27766,13018,0,,GDOH Media Release,
2021-04-12,2021-04-12,164846,160790,3277,19714,21185,20821,34471,26882,28338,13435,0,19469,20782,20350,33038,26348,27775,13028,0,,GDOH Media Release,
2021-04-13,2021-04-13,164944,160822,3296,19721,21202,20837,34493,26900,28347,13444,0,19472,20791,20353,33039,26358,27783,13026,0,,GDOH Media Release,
2021-04-14,2021-04-14,165078,160875,3300,19733,21234,20855,34516,26921,28371,13448,0,19479,20803,20360,33048,26363,27792,13030,0,Dsts for Emfuleni and Mogale City incorrect,GDOH Media Release,Dsts for Emfuleni and Mogale City incorrect
2021-04-15,2021-04-15,165208,160900,3302,19748,21251,20872,34549,26940,28390,13458,0,19480,20813,20366,33051,26365,27795,13030,0,,GDOH Media Release,
2021-04-16,2021-04-16,165388,160954,3303,19769,21274,20891,34572,26973,28433,13476,0,19482,20830,20374,33068,26367,27800,13033,0,,GDOH Media Release,
2021-04-17,2021-04-17,165512,161122,3313,19781,21287,20916,34593,26988,28457,13490,0,19500,20849,20402,33089,26393,27838,13051,0,,GDOH Media Release,
2021-04-18,2021-04-18,165595,161279,3315,19784,21296,20924,34625,26998,28464,13504,0,19510,20870,20428,33129,26413,27857,13072,0,,GDOH Media Release,
2021-04-19,2021-04-19,165716,161405,3315,19790,21311,20939,34664,27012,28475,13525,0,19527,20883,20439,33164,26438,27873,13081,0,,GDOH Media Release,
2021-04-20,2021-04-20,165796,161496,3319,19796,21327,20955,34672,27024,28497,13525,0,19537,20896,20447,33183,26456,27891,13086,0,,GDOH Media Release,
2021-04-21,2021-04-21,165960,161572,3319,19814,21357,20972,34716,27040,28521,13540,0,19548,20906,20452,33211,26463,27897,13095,0,,GDOH Media Release,
2021-04-22,2021-04-22,166107,161629,3319,19824,21375,20992,34754,27060,28542,13560,0,19550,20912,20462,33228,26480,27900,13097,0,,GDOH Media Release,
2021-04-23,2021-04-23,166257,161782,3319,19835,21395,21012,34788,27078,28572,13577,0,19564,20943,20484,33264,26499,27919,13109,0,,GDOH Media Release,
2021-04-24,2021-04-24,166364,161932,3331,19854,21408,21025,34814,27098,28579,13586,0,19581,20966,20503,33292,26526,27947,13117,0,,GDOH Media Release,
2021-04-25,2021-04-25,166450,162071,3331,19864,21419,21030,34842,27114,28586,13595,0,19596,20983,20519,33316,26546,27976,13135,0,,GDOH Media Release,
2021-04-26,2021-04-26,166561,162201,3334,19876,21437,21042,34859,27135,28602,13610,0,19608,20997,20539,33339,26564,27997,13157,0,,GDOH Media Release,
2021-04-27,2021-04-27,166635,162316,3343,19886,21446,21048,34878,27147,28611,13619,0,19615,21010,20556,33373,26583,28010,13169,0,,GDOH Media Release,
2021-04-28,2021-04-28,166769,162398,3345,19907,21468,21061,34906,27170,28632,13625,0,19626,21018,20571,33389,26599,28022,13173,0,,GDOH Media Release,
2021-04-29,2021-04-29,166880,162447,3350,19912,21481,21073,34930,27188,28666,13630,0,19629,21032,20577,33403,26603,28027,13176,0,,GDOH Media Release,
2021-04-30,2021-04-30,167088,162607,3350,19939,21524,21089,34961,27225,28693,13657,0,19642,21058,20598,33436,26620,28059,13194,0,,GDOH Media Release,
2021-05-01,2021-05-01,167256,162763,3353,19964,21548,21105,34997,27247,28718,13677,0,19659,21078,20617,33475,26640,28081,13213,0,,GDOH Media Release,
2021-05-02,2021-05-02,167369,162913,3354,19973,21569,21120,35023,27262,28738,13684,0,19670,21095,20639,33508,26659,28110,13232,0,,GDOH Media Release,
2021-05-03,2021-05-03,167486,163021,3354,19983,21587,21129,35045,27286,28759,13697,0,19681,21112,20658,33531,26674,28122,13243,0,,GDOH Media Release,
2021-05-04,2021-05-04,167661,163128,3361,20000,21616,21147,35079,27313,28793,13713,0,19698,21128,20666,33550,26700,28135,13251,0,,GDOH Media Release,
2021-05-05,2021-05-05,167879,163205,3364,20033,21655,21203,35103,27335,28828,13722,0,19705,21145,20678,33567,26715,28140,13255,0,,GDOH Media Release,
2021-05-06,2021-05-06,168134,163256,3371,20069,21689,21231,35145,27370,28873,13757,0,19713,21153,20681,33579,26725,28147,13258,0,,GDOH Media Release,
2021-05-07,2021-05-07,168402,163423,3374,20089,21741,21275,35192,27407,28913,13785,0,19728,21175,20697,33612,26748,28186,13277,0,,GDOH Media Release,
2021-05-08,2021-05-08,168611,163487,3382,20115,21783,21311,35216,27439,28942,13805,0,19737,21189,20701,33625,26759,28196,13280,0,,GDOH Media Release,
2021-05-09,2021-05-09,168818,163656,3384,20138,21817,21339,35234,27470,28987,13833,0,19752,21216,20718,33656,26786,28226,13302,0,,GDOH Media Release,
2021-05-10,2021-05-10,168964,163848,3384,20157,21836,21358,35257,27494,29001,13861,0,19777,21250,20735,33694,26818,28248,13326,0,,GDOH Media Release,
2021-05-11,2021-05-11,169167,163985,3392,20177,21867,21385,35279,27532,29035,13892,0,19794,21275,20750,33723,26834,28277,13332,0,,GDOH Media Release,
2021-05-12,2021-05-12,169538,164085,3394,20222,21930,21451,35337,27598,29085,13915,0,19803,21293,20762,33750,26849,28292,13336,0,,GDOH Media Release,
2021-05-13,2021-05-13,169968,164179,3398,20262,21998,21538,35383,27682,29165,13940,0,19811,21305,20772,33770,26875,28303,13343,0,,GDOH Media Release,
2021-05-14,2021-05-14,170406,164456,3405,20303,22094,21613,35430,27764,29225,13977,0,19848,21348,20806,33801,26902,28372,13379,0,,GDOH Media Release,
2021-05-15,2021-05-15,170761,164667,3405,20331,22156,21661,35503,27821,29277,14012,0,19871,21381,20841,33838,26930,28401,13405,0,,GDOH Media Release,
2021-05-16,2021-05-16,171021,164913,3413,20356,22197,21692,35557,27863,29317,14039,0,19906,21429,20879,33872,26965,28437,13425,0,,GDOH Media Release,
2021-05-17,2021-05-17,171283,165148,3415,20383,22229,21736,35599,27905,29355,14076,0,19933,21474,20918,33903,27000,28472,13448,0,,GDOH Media Release,
2021-05-18,2021-05-18,171706,165367,3423,20421,22291,21819,35655,27981,29421,14118,0,19959,21509,20961,33921,27036,28507,13474,0,,GDOH Media Release,
2021-05-19,2021-05-19,172202,165501,3430,20475,22392,21906,35702,28061,29479,14187,0,19972,21531,20977,33938,27055,28533,13495,0,,GDOH Media Release,
2021-05-20,2021-05-20,172761,165618,3432,20514,22497,21996,35762,28167,29545,14280,0,19986,21550,20993,33957,27076,28547,13509,0,,GDOH Media Release,
2021-05-21,2021-05-21,173415,166014,3436,20569,22627,22088,35845,28260,29640,14386,0,20029,21605,21047,34021,27145,28607,13560,0,,GDOH Media Release,
2021-05-22,2021-05-22,174083,166465,3444,20631,22754,22182,35923,28378,29744,14471,0,20076,21675,21139,34075,27235,28680,13585,0,,GDOH Media Release,
2021-05-23,2021-05-23,174487,166905,3452,20665,22834,22248,35971,28452,29799,14518,0,20124,21760,21213,34127,27311,28752,13618,0,,GDOH Media Release,
2021-05-24,2021-05-24,174904,167279,3452,20701,22941,22293,36033,28515,29871,14550,0,20148,21836,21269,34181,27370,28818,13657,0,,GDOH Media Release,
2021-05-25,2021-05-25,175394,167596,3466,20756,23043,22336,36103,28576,29947,14633,0,20164,21888,21312,34248,27440,28867,13677,0,,GDOH Media Release,
2021-05-26,2021-05-26,176174,167833,3472,20842,23207,22466,36175,28707,30062,14715,0,20192,21924,21351,34283,27479,28898,13706,0,,GDOH Media Release,
2021-05-27,2021-05-27,176961,168038,3478,20946,23355,22611,36247,28825,30195,14782,0,20219,21949,21388,34312,27521,28925,13724,0,,GDOH Media Release,
2021-05-28,2021-05-28,177798,168595,3487,21052,23505,22754,36354,28964,30324,14845,0,20269,22047,21498,34367,27602,28993,13819,0,,GDOH Media Release,
2021-05-29,2021-05-29,178602,169124,3503,21126,23655,22881,36452,29088,30437,14963,0,20310,22151,21586,34427,27690,29070,13890,0,,GDOH Media Release,
2021-05-30,2021-05-30,179341,169755,3510,21184,23770,23022,36563,29185,30555,15062,0,20361,22263,21685,34502,27798,29139,14007,0,,GDOH Media Release,
2021-05-31,2021-05-31,179845,170378,3511,21231,23875,23110,36616,29260,30643,15110,0,20411,22380,21764,34583,27892,29249,14099,0,,GDOH Media Release,
2021-06-01,2021-06-01,180558,170956,3522,21327,24005,23199,36696,29389,30760,15182,0,20462,22505,21856,34659,27987,29332,14155,0,,GDOH Media Release,
2021-06-02,2021-06-02,181722,171311,3549,21434,24205,23446,36769,29552,31014,15302,0,20489,22603,21892,34691,28055,29395,14186,0,,GDOH Media Release,
2021-06-03,2021-06-03,182836,171603,3554,21545,24403,23636,36900,29719,31220,15413,0,20535,22663,21922,34726,28103,29435,14219,0,,GDOH Media Release,
2021-06-04,2021-06-04,184066,172475,3558,21674,24603,23850,37003,29901,31469,15566,0,20624,22832,22059,34816,28233,29584,14327,0,,GDOH Media Release,
2021-06-05,2021-06-05,185157,173243,3575,21777,24785,24074,37092,30109,31647,15673,0,20714,22972,22192,34920,28333,29709,14403,0,,GDOH Media Release,
2021-06-06,2021-06-06,186175,174148,3580,21868,24979,24252,37201,30237,31844,15794,0,20818,23148,22346,35018,28479,29843,14496,0,,GDOH Media Release,
2021-06-07,2021-06-07,187042,175018,3583,21958,25138,24394,37348,30343,31993,15868,0,20905,23310,22501,35123,28606,29968,14605,0,,GDOH Media Release,
2021-06-08,2021-06-08,187957,175858,3594,22073,25294,24602,37413,30533,32107,15935,0,20990,23448,22637,35226,28754,30085,14718,0,,GDOH Media Release,
2021-06-09,2021-06-09,189860,176378,3602,22313,25632,25003,37590,30792,32433,16097,0,21047,23548,22734,35274,28829,30185,14761,0,,GDOH Media Release,
2021-06-10,2021-06-10,192019,176758,3625,22514,26015,25392,37820,31167,32804,16307,0,21100,23622,22775,35316,28916,30242,14787,0,,GDOH Media Release,
2021-06-11,2021-06-11,193987,177971,3632,22725,26402,25765,37995,31468,33128,16504,0,21221,23817,23011,35426,29054,30495,14947,0,,GDOH Media Release,
2021-06-12,2021-06-12,196334,179106,3638,22947,26824,26208,38260,31830,33514,16751,0,21337,24007,23213,35558,29229,30704,15058,0,,GDOH Media Release,
2021-06-13,2021-06-13,198309,180255,3643,23143,27135,26620,38524,32095,33841,16951,0,21454,24207,23404,35677,29402,30925,15186,0,,GDOH Media Release,
2021-06-14,2021-06-14,199775,181407,3652,23274,27354,26914,38736,32301,34112,17084,0,21567,24392,23627,35767,29603,31139,15312,0,,GDOH Media Release,
2021-06-15,2021-06-15,201747,182598,3679,23499,27690,27281,38948,32641,34456,17232,0,21696,24624,23834,35897,29760,31354,15433,0,,GDOH Media Release,
2021-06-16,2021-06-16,204776,183353,3688,23815,28206,27881,39301,33100,34996,17477,0,21757,24793,24004,35957,29874,31463,15505,0,,GDOH Media Release,
2021-06-17,2021-06-17,207788,183882,3714,24098,28726,28460,39619,33562,35550,17773,0,21832,24878,24093,36033,29979,31531,15536,0,,GDOH Media Release,
2021-06-18,2021-06-18,210462,185953,3747,24387,29159,28925,39928,34024,36035,18004,0,22063,25204,24534,36258,30269,31865,15760,0,,GDOH Media Release,
2021-06-19,2021-06-19,213684,188173,3787,24738,29687,29546,40329,34528,36527,18329,0,22295,25598,24933,36502,30602,32255,15988,0,,GDOH Media Release,
2021-06-20,2021-06-20,217249,190245,3801,25111,30212,30286,40811,35019,37082,18728,0,22482,25983,25324,36712,30945,32627,16172,0,,GDOH Media Release,
2021-06-21,2021-06-21,219432,192578,3828,25346,30584,30675,41083,35340,37459,18945,0,22728,26383,25755,36971,31309,32985,16447,0,,GDOH Media Release,
2021-06-22,2021-06-22,222325,194786,3879,25660,31069,31111,41442,35901,37991,19151,0,22948,26772,26207,37193,31628,33372,16666,0,,GDOH Media Release,
2021-06-23,2021-06-23,226697,196262,3897,26112,31765,31934,42013,36560,38727,19586,0,23095,27030,26520,37352,31867,33629,16769,0,,GDOH Media Release,
2021-06-24,2021-06-24,230484,197289,3921,26540,32396,32617,42602,37085,39386,19857,0,23202,27205,26706,37467,32074,33814,16821,0,,GDOH Media Release,
2021-06-25,2021-06-25,235015,201011,3932,27116,33088,33404,43233,37797,40155,20222,0,23561,27779,27419,37967,32595,34514,17176,0,,GDOH Media Release,
2021-06-26,2021-06-26,239753,204653,3953,27673,33834,34228,43949,38460,40940,20669,0,23939,28372,28097,38433,33108,35170,17534,0,,GDOH Media Release,
2021-06-27,2021-06-27,243729,206330,3964,28129,34372,34866,44697,38858,41630,21177,0,24087,28676,28341,38621,33433,35436,17736,0,,GDOH Media Release,
2021-06-28,2021-06-28,247489,210449,3979,28534,34767,35466,45685,39325,42123,21589,0,24540,29301,29183,39192,34021,36068,18144,0,,GDOH Media Release,
2021-06-29,2021-06-29,250995,214682,4031,28913,35231,36045,46235,40015,42678,21878,0,24972,29909,30044,39744,34672,36776,18565,0,,GDOH Media Release,
2021-06-30,2021-06-30,255893,216843,4063,29508,35893,36837,46995,40764,43722,22174,0,25223,30284,30383,39944,35019,37225,18765,0,,GDOH Media Release,
2021-07-01,2021-07-01,261338,218407,4118,30126,36578,37699,48017,41502,44715,22701,0,25398,30579,30613,40131,35374,37448,18864,0,,GDOH Media Release,
2021-07-02,2021-07-02,267164,223909,4150,30774,37312,38664,48989,42371,45876,23178,0,26001,31409,31564,40928,36193,38355,19459,0,,GDOH Media Release,
2021-07-03,2021-07-03,273469,228771,4196,31644,38175,39817,49941,43315,47028,23549,0,26569,32161,32392,41713,36826,39147,19963,0,,GDOH Media Release,
2021-07-04,2021-07-04,277384,233490,4212,32017,38575,40410,50626,43796,48023,23937,0,27140,32861,33173,42555,37465,39900,20396,0,,GDOH Media Release,
2021-07-05,2021-07-05,280507,238240,4237,32301,38906,40844,51293,44222,48514,24427,0,27650,33513,34003,43371,38150,40712,20841,0,,GDOH Media Release,
2021-07-06,2021-07-06,284501,242750,4278,33003,39436,41479,51820,44883,49148,24732,0,28217,34063,34749,44142,38777,41513,21289,0,,GDOH Media Release,
2021-07-07,2021-07-07,288727,245019,4307,33479,40088,42152,52505,45506,49939,25058,0,28480,34468,35150,44509,39093,41870,21449,0,,GDOH Media Release,
2021-07-08,2021-07-08,293322,246576,4381,34006,40722,42963,53356,46243,50579,25453,0,28675,34733,35405,44696,39427,42090,21550,0,,GDOH Media Release,
2021-07-09,2021-07-09,298405,252770,4386,34694,41396,43814,54301,46996,51312,25892,0,29412,35507,36367,45729,40334,43371,22050,0,,GDOH Media Release,
2021-07-10,2021-07-10,303009,258373,4411,35165,42067,44518,55164,47683,52114,26298,0,30140,36169,37268,46736,41062,44460,22538,0,,GDOH Media Release,
2021-07-11,2021-07-11,306489,264226,4427,35593,42427,44997,55869,48125,52701,26777,0,30839,36915,38192,47765,41926,45553,23036,0,,GDOH Media Release,
2021-07-12,2021-07-12,308771,270937,4457,35948,42668,45342,56350,48389,53089,26985,0,31682,37741,39317,48834,42899,46884,23580,0,,GDOH Media Release,
2021-07-13,2021-07-13,311379,275715,4489,36331,43063,45687,56711,48808,53492,27287,0,32207,38325,40113,49601,43600,47836,24033,0,,GDOH Media Release,
2021-07-14,2021-07-14,314308,278089,4559,36737,43468,46200,57161,49180,54056,27506,0,32513,38693,40512,49950,43980,48227,24214,0,,GDOH Media Release,
2021-07-15,2021-07-15,316803,279639,4569,37102,43898,46573,57489,49564,54509,27668,0,32693,38942,40762,50161,44283,48446,24352,0,,GDOH Media Release,
2021-07-16,2021-07-16,319148,285771,4585,37384,44206,46956,57896,49932,54913,27861,0,33473,39703,41828,51180,45115,49513,24959,0,,GDOH Media Release,
2021-07-17,2021-07-17,321573,290577,4655,37657,44484,47247,58333,50321,55390,28141,0,34052,40300,42598,52113,45787,50266,25461,0,,GDOH Media Release,
2021-07-18,2021-07-18,323214,295446,4668,37879,44694,47437,58706,50513,55717,28268,0,34693,40914,43350,53044,46559,51003,25883,0,,GDOH Media Release,
2021-07-19,2021-07-19,324295,299653,4681,38027,44861,47629,58909,50644,55874,28351,0,35256,41476,43974,53792,47172,51691,26292,0,,GDOH Media Release,
2021-07-20,2021-07-20,325598,303357,4713,38215,45120,47815,59059,50889,56080,28420,0,35691,41953,44553,54505,47713,52317,26625,0,,GDOH Media Release,
2021-07-21,2021-07-21,327444,305287,4738,38451,45421,48086,59335,51211,56414,28526,0,35936,42248,44887,54853,47973,52624,26766,0,,GDOH Media Release,
2021-07-22,2021-07-22,329518,306675,4754,38728,45646,48480,59681,51471,56756,28756,0,36112,42468,45116,55067,48173,52831,26908,0,,GDOH Media Release,
2021-07-23,2021-07-23,331384,310163,4778,38968,45843,48714,60095,51710,57091,28963,0,36529,42904,45667,55634,48664,53534,27231,0,,GDOH Media Release,
2021-07-24,2021-07-24,332843,312801,4790,39171,46033,48887,60429,51909,57341,29073,0,36941,43270,46078,55984,49065,54048,27415,0,,GDOH Media Release,
2021-07-25,2021-07-25,333761,314868,4899,39309,46174,49003,60614,52014,57490,29157,0,37243,43535,46417,56289,49389,54413,27582,0,,GDOH Media Release,
2021-07-26,2021-07-26,334345,316787,4975,39401,46262,49083,60744,52100,57570,29185,0,37498,43830,46675,56601,49698,54747,27738,0,,GDOH Media Release,
2021-07-27,2021-07-27,335264,318681,4995,39528,46428,49232,60871,52263,57708,29234,0,37724,44088,46946,56986,49982,55106,27849,0,,GDOH Media Release,
2021-07-28,2021-07-28,337132,319626,5037,39801,46739,49552,61151,52538,57976,29375,0,37846,44259,47109,57104,50119,55280,27909,0,,GDOH Media Release,
2021-07-29,2021-07-29,338607,320274,5057,39957,46910,49781,61442,52739,58283,29495,0,37909,44381,47216,57211,50226,55384,27947,0,,GDOH Media Release,
2021-07-30,2021-07-30,339749,322908,5057,40098,47108,49984,61570,52930,58496,29563,0,38236,44718,47616,57668,50619,55853,28198,0,,GDOH Media Release,
2021-07-31,2021-07-31,340709,324659,5100,40206,47257,50139,61706,53069,58671,29661,0,38480,44943,47865,57994,50852,56161,28364,0,,GDOH Media Release,
2021-08-01,2021-08-01,341462,326395,5116,40277,47364,50216,61862,53154,58821,29768,0,38702,45187,48089,58354,51090,56445,28528,0,,GDOH Media Release,
2021-08-02,2021-08-02,341885,327649,5132,40339,47421,50304,61928,53210,58883,29800,0,38894,45387,48266,58586,51266,56635,28615,0,,GDOH Media Release,
2021-08-03,2021-08-03,342683,328674,5222,40427,47589,50465,62015,53360,58998,29829,0,39069,45572,48405,58725,51417,56811,28675,0,,GDOH Media Release,
2021-08-04,2021-08-04,343648,329285,5235,40546,47741,50592,62200,53488,59152,29929,0,39138,45681,48509,58835,51513,56897,28712,0,,GDOH Media Release,
2021-08-05,2021-08-05,344597,329726,5267,40644,47868,50742,62408,53613,59309,30013,0,39188,45772,48569,58929,51580,56950,28738,0,,GDOH Media Release,
2021-08-06,2021-08-06,345471,331924,5275,40779,47982,50864,62521,53777,59486,30062,0,39503,46116,48915,59246,51950,57283,28911,0,,GDOH Media Release,
2021-08-07,2021-08-07,346153,333212,5282,40887,48088,50954,62619,53891,59595,30119,0,39646,46279,49100,59496,52134,57553,29004,0,,GDOH Media Release,
2021-08-08,2021-08-08,346709,334335,5332,40949,48154,51023,62722,53947,59738,30176,0,39779,46482,49269,59606,52305,57758,29136,0,,GDOH Media Release,
2021-08-09,2021-08-09,347070,335306,5382,40984,48188,51074,62780,54017,59824,30203,0,39895,46637,49439,59726,52449,57944,29216,0,,GDOH Media Release,
2021-08-10,2021-08-10,347489,336286,5385,41043,48270,51152,62808,54090,59884,30242,0,40005,46780,49570,59893,52602,58130,29306,0,,GDOH Media Release,
2021-08-11,2021-08-11,347906,336765,5403,41096,48344,51211,62870,54150,59961,30274,0,40065,46847,49665,59965,52681,58205,29337,0,,GDOH Media Release,
2021-08-12,2021-08-12,348630,337078,5407,41192,48462,51334,62979,54227,60099,30337,0,40100,46907,49714,60018,52741,58245,29353,0,,GDOH Media Release,
2021-08-13,2021-08-13,349340,338211,5425,41295,48556,51447,63089,54325,60227,30401,0,40230,47074,49890,60226,52888,58431,29472,0,,GDOH Media Release,
2021-08-14,2021-08-14,349926,339130,5438,41377,48645,51538,63165,54408,60319,30474,0,40338,47215,50030,60393,53044,58596,29514,0,,GDOH Media Release,
2021-08-15,2021-08-15,350327,339916,5464,41441,48701,51581,63223,54466,60423,30492,0,40454,47321,50165,60522,53167,58727,29560,0,,GDOH Media Release,
2021-08-16,2021-08-16,350571,340778,5473,41472,48737,51625,63262,54496,60465,30514,0,40569,47439,50268,60646,53281,58920,29655,0,,GDOH Media Release,
2021-08-17,2021-08-17,350966,341425,5481,41536,48796,51709,63311,54556,60523,30535,0,40655,47528,50357,60738,53398,59046,29703,0,,GDOH Media Release,
2021-08-18,2021-08-18,351440,341759,5495,41601,48867,51799,63390,54616,60597,30570,0,40701,47573,50428,60776,53457,59106,29718,0,,GDOH Media Release,
2021-08-19,2021-08-19,351983,341976,5500,41676,48937,51890,63470,54699,60696,30615,0,40729,47613,50458,60801,53498,59144,29733,0,,GDOH Media Release,
2021-08-20,2021-08-20,352480,342259,5504,41749,49015,51963,63545,54777,60779,30652,0,40761,47668,50505,60838,53547,59191,29749,0,,GDOH Media Release,
2021-08-21,2021-08-21,352975,343061,5516,41814,49074,52037,63646,54846,60879,30679,0,40871,47786,50629,60949,53642,59353,29831,0,,GDOH Media Release,
2021-08-22,2021-08-22,353319,343710,5532,41851,49110,52089,63726,54888,60939,30716,0,40955,47880,50735,61043,53724,59478,29895,0,,GDOH Media Release,
2021-08-23,2021-08-23,353503,344346,5536,41868,49126,52109,63792,54912,60955,30741,0,41051,47970,50838,61141,53804,59588,29954,0,,GDOH Media Release,
2021-08-24,2021-08-24,,,,,,,,,,,,,,,,,,,,,Results not released,
2021-08-25,2021-08-25,354157,345129,5547,41943,49255,52193,63881,55032,61064,30789,0,41170,48099,50955,61246,53929,59731,29999,0,,GDOH Media Release,
2021-08-26,2021-08-26,354494,345279,5556,41995,49299,52245,63924,55096,61108,30827,0,41188,48128,50975,61270,53951,59756,30011,0,,GDOH Media Release,
2021-08-27,2021-08-27,354866,345855,5558,42045,49360,52288,63995,55155,61169,30854,0,41276,48196,51082,61364,54021,59845,30071,0,,GDOH Media Release,
2021-08-28,2021-08-28,355091,346360,5562,42079,49401,52331,64030,55186,61197,30867,0,41345,48256,51170,61440,54091,59933,30125,0,,GDOH Media Release,
2021-08-29,2021-08-29,355312,346869,5568,42106,49437,52356,64065,55219,61243,30886,0,41405,48343,51241,61555,54159,60013,30153,0,,GDOH Media Release,
2021-08-30,2021-08-30,355415,347367,5569,42120,49453,52377,64078,55234,61260,30893,0,41475,48404,51312,61664,54228,60104,30180,0,,GDOH Media Release,
2021-08-31,2021-08-31,355585,347743,5569,42141,49477,52406,64101,55264,61291,30905,0,41523,48444,51357,61731,54302,60180,30206,0,,GDOH Media Release,
2021-09-01,2021-09-01,355848,347965,5571,42173,49531,52447,64130,55311,61330,30926,0,41554,48495,51395,61764,54324,60215,30218,0,,GDOH Media Release,
2021-09-02,2021-09-02,356029,348081,5574,42202,49549,52470,64164,55344,61358,30942,0,41568,48519,51412,61784,54348,60224,30226,0,,GDOH Media Release,
2021-09-03,2021-09-03,356236,348519,5587,42241,49580,52519,64187,55364,61389,30956,0,41617,48612,51495,61828,54404,60296,30267,0,,GDOH Media Release,
2021-09-04,2021-09-04,356413,348874,5630,42258,49603,52550,64228,55392,61420,30962,0,41678,48681,51550,61860,54471,60335,30299,0,,GDOH Media Release,
2021-09-05,2021-09-05,356543,349197,5630,42282,49627,52564,64253,55408,61436,30973,0,41726,48727,51588,61925,54527,60378,30326,0,,GDOH Media Release,
2021-09-06,2021-09-06,356620,349489,5630,42292,49637,52573,64274,55423,61445,30976,0,41768,48767,51639,61967,54568,60427,30353,0,,GDOH Media Release,
2021-09-07,2021-09-07,356771,349713,5640,42325,49662,52593,64296,55445,61469,30981,0,41795,48806,51674,61996,54603,60475,30364,0,,GDOH Media Release,
2021-09-08,2021-09-08,356955,349797,5640,42337,49694,52621,64356,55460,61500,30987,0,41799,48821,51690,62017,54609,60492,30369,0,,GDOH Media Release,
2021-09-09,2021-09-09,357147,349875,5640,42364,49729,52658,64393,55481,61523,30999,0,41811,48833,51701,62032,54621,60505,30372,0,,GDOH Media Release,
2021-09-10,2021-09-10,357296,350146,5645,42382,49741,52687,64426,55502,61550,31008,0,41842,48860,51755,62071,54674,60551,30393,0,,GDOH Media Release,
2021-09-11,2021-09-11,357415,350344,5655,42398,49755,52704,64442,55521,61575,31020,0,41881,48883,51783,62099,54708,60580,30410,0,,GDOH Media Release,
2021-09-12,2021-09-12,357492,350537,5655,42404,49769,52719,64453,55532,61588,31027,0,41905,48909,51817,62133,54735,60614,30424,0,,GDOH Media Release,
2021-09-13,2021-09-13,357548,350714,5655,42408,49780,52728,64463,55541,61597,31031,0,41927,48941,51842,62165,54768,60640,30431,0,,GDOH Media Release,
2021-09-14,2021-09-14,357649,350881,5655,42421,49793,52750,64472,55558,61616,31039,0,41955,48971,51870,62189,54793,60658,30445,0,,GDOH Media Release,
2021-09-15,2021-09-15,357763,350968,5656,42442,49811,52767,64487,55570,61638,31048,0,41970,48980,51879,62209,54805,60672,30453,0,,GDOH Media Release,
2021-09-16,2021-09-16,357895,351052,5656,42453,49826,52779,64520,55589,61665,31063,0,41980,48994,51885,62234,54821,60677,30461,0,,GDOH Media Release,
2021-09-17,2021-09-17,358016,351325,5657,42471,49846,52787,64541,55608,61689,31074,0,42019,49029,51927,62292,54856,60726,30476,0,,GDOH Media Release,
2021-09-18,2021-09-18,358139,351502,5657,42488,49865,52803,64563,55626,61713,31081,0,42040,49057,51957,62331,54876,60751,30490,0,,GDOH Media Release,
2021-09-19,2021-09-19,358209,351630,5657,42492,49878,52810,64578,55636,61729,31086,0,42056,49075,51977,62350,54901,60770,30501,0,,GDOH Media Release,
2021-09-20,2021-09-20,358258,351762,5657,42499,49887,52819,64589,55640,61738,31086,0,42075,49090,52006,62369,54915,60795,30512,0,,GDOH Media Release,
2021-09-21,2021-09-21,358331,351872,5657,42509,49898,52830,64598,55649,61753,31094,0,42085,49104,52023,62386,54932,60819,30523,0,,GDOH Media Release,
2021-09-22,2021-09-22,358431,351932,5657,42519,49929,52836,64616,55661,61773,31097,0,42092,49117,52033,62392,54941,60831,30526,0,,GDOH Media Release,
2021-09-23,2021-09-23,358511,351982,5657,42528,49937,52852,64633,55673,61788,31100,0,42096,49126,52041,62399,54954,60838,30528,0,,GDOH Media Release,
2021-09-24,2021-09-24,358588,352106,5688,42542,49951,52863,64647,55679,61802,31104,0,42114,49129,52054,62424,54968,60876,30541,0,,GDOH Media Release,
2021-09-25,2021-09-25,358641,352223,5688,42544,49960,52874,64662,55687,61808,31106,0,42134,49150,52067,62450,54983,60893,30546,0,,GDOH Media Release,
2021-09-26,2021-09-26,358674,352316,5688,42546,49968,52877,64665,55694,61816,31108,0,42146,49160,52078,62470,54999,60909,30554,0,,GDOH Media Release,
2021-09-27,2021-09-27,358715,352429,5688,42546,49973,52885,64675,55703,61822,31111,0,42165,49181,52091,62488,55014,60928,30562,0,,GDOH Media Release,
2021-09-28,2021-09-28,358773,352502,5707,42555,49986,52892,64681,55716,61832,31111,0,42172,49198,52097,62497,55027,60951,30560,0,,GDOH Media Release,
2021-09-29,2021-09-29,358859,352565,5707,42564,49997,52905,64705,55734,61839,31115,0,42178,49209,52106,62508,55034,60966,30564,0,,GDOH Media Release,
2021-09-30,2021-09-30,358933,352598,5710,42568,50008,52912,64722,55745,61859,31119,0,42185,49216,52112,62516,55035,60969,30565,0,,GDOH Media Release,
2021-10-01,2021-10-01,358992,352712,5714,42577,50014,52916,64740,55756,61867,31122,0,42194,49238,52127,62535,55048,60998,30572,0,,GDOH Media Release,
2021-10-02,2021-10-02,359049,352798,5714,42583,50030,52921,64752,55763,61878,31122,0,42208,49257,52141,62550,55058,61009,30575,0,,GDOH Media Release,
2021-10-03,2021-10-03,359087,352867,5714,42588,50033,52926,64764,55767,61886,31123,0,42215,49271,52153,62564,55066,61021,30577,0,,GDOH Media Release,
2021-10-04,2021-10-04,359112,352926,5714,42579,50038,52933,64778,55767,61891,31126,0,42213,49286,52164,62575,55074,61033,30581,0,,GDOH Media Release,
2021-10-05,2021-10-05,359147,352955,5714,42582,50046,52936,64783,55775,61897,31128,0,42213,49290,52166,62582,55085,61037,30582,0,,GDOH Media Release,
2021-10-06,2021-10-06,359222,352997,5717,42607,50052,52938,64806,55781,61905,31133,0,42227,49295,52172,62585,55089,61045,30584,0,,GDOH Media Release,
2021-10-07,2021-10-07,,,,,,,,,,,,,,,,,,,,,GDOH Ceased publishing,
2021-10-08,2021-10-08,,,,,,,,,,,,,,,,,,,,,,
2021-10-09,2021-10-09,,,,,,,,,,,,,,,,,,,,,,
2021-10-10,2021-10-10,,,,,,,,,,,,,,,,,,,,,,
2021-10-11,2021-10-11,,,,,,,,,,,,,,,,,,,,,,
2021-10-12,2021-10-12,,,,,,,,,,,,,,,,,,,,,,
2021-10-13,2021-10-13,,,,,,,,,,,,,,,,,,,,,,
2021-10-14,2021-10-14,359595,353434,5719,,,,,,,,,,,,,,,,,,,
2021-10-15,2021-10-15,,,,,,,,,,,,,,,,,,,,,,
2021-10-16,2021-10-16,,,,,,,,,,,,,,,,,,,,,,
2021-10-17,2021-10-17,,,,,,,,,,,,,,,,,,,,,,
2021-10-18,2021-10-18,,,,,,,,,,,,,,,,,,,,,,
2021-10-19,2021-10-19,,,,,,,,,,,,,,,,,,,,,,
2021-10-20,2021-10-20,,,,,,,,,,,,,,,,,,,,,,
2021-10-21,2021-10-21,359797,353768,5720,,,,,,,,,,,,,,,,,,,
2021-10-22,2021-10-22,,,,,,,,,,,,,,,,,,,,,,
2021-10-23,2021-10-23,,,,,,,,,,,,,,,,,,,,,,
2021-10-24,2021-10-24,,,,,,,,,,,,,,,,,,,,,,
2021-10-25,2021-10-25,,,,,,,,,,,,,,,,,,,,,,
2021-10-26,2021-10-26,,,,,,,,,,,,,,,,,,,,,,
2021-10-27,2021-10-27,,,,,,,,,,,,,,,,,,,,,,
2021-10-28,2021-10-28,359942,354021,5723,,,,,,,,,,,,,,,,,,,
2021-10-29,2021-10-29,,,,,,,,,,,,,,,,,,,,,,
2021-10-30,2021-10-30,,,,,,,,,,,,,,,,,,,,,,
2021-10-31,2021-10-31,,,,,,,,,,,,,,,,,,,,,,
2021-11-01,2021-11-01,,,,,,,,,,,,,,,,,,,,,,
2021-11-02,2021-11-02,,,,,,,,,,,,,,,,,,,,,,
2021-11-03,2021-11-03,,,,,,,,,,,,,,,,,,,,,,
2021-11-04,2021-11-04,360054,354182,5724,,,,,,,,,,,,,,,,,,,
2021-11-05,2021-11-05,,,,,,,,,,,,,,,,,,,,,,
2021-11-06,2021-11-06,,,,,,,,,,,,,,,,,,,,,,
2021-11-07,2021-11-07,,,,,,,,,,,,,,,,,,,,,,
2021-11-08,2021-11-08,,,,,,,,,,,,,,,,,,,,,,
2021-11-09,2021-11-09,,,,,,,,,,,,,,,,,,,,,,
2021-11-10,2021-11-10,360274,354399,5726,,,,,,,,,,,,,,,,,,,
2021-11-11,2021-11-11,,,,,,,,,,,,,,,,,,,,,,
2021-11-12,2021-11-12,,,,,,,,,,,,,,,,,,,,,,
2021-11-13,2021-11-13,,,,,,,,,,,,,,,,,,,,,,
2021-11-14,2021-11-14,,,,,,,,,,,,,,,,,,,,,,
2021-11-15,2021-11-15,,,,,,,,,,,,,,,,,,,,,,
2021-11-16,2021-11-16,,,,,,,,,,,,,,,,,,,,,,
2021-11-17,2021-11-17,360631,354578,5728,,,,,,,,,,,,,,,,,,,
2021-11-18,2021-11-18,,,,,,,,,,,,,,,,,,,,,,
2021-11-19,2021-11-19,,,,,,,,,,,,,,,,,,,,,,
2021-11-20,2021-11-20,,,,,,,,,,,,,,,,,,,,,,
2021-11-21,2021-11-21,,,,,,,,,,,,,,,,,,,,,,
2021-11-22,2021-11-22,,,,,,,,,,,,,,,,,,,,,,
2021-11-23,2021-11-23,,,,,,,,,,,,,,,,,,,,,,
2021-11-24,2021-11-24,364726,357234,5728,,,,,,,,,,,,,,,,,,,
2021-11-25,2021-11-25,,,,,,,,,,,,,,,,,,,,,,
2021-11-26,2021-11-26,,,,,,,,,,,,,,,,,,,,,,
2021-11-27,2021-11-27,,,,,,,,,,,,,,,,,,,,,,
2021-11-28,2021-11-28,,,,,,,,,,,,,,,,,,,,,,
2021-11-29,2021-11-29,367997,357395,5728,,,,,,,,,,,,,,,,,,,
2021-11-30,2021-11-30,369175,357828,5733,,,,,,,,,,,,,,,,,,,
2021-12-01,2021-12-01,371273,357025,5734,,,,,,,,,,,,,,,,,,,
2021-12-02,2021-12-02,375163,357995,5735,,,,,,,,,,,,,,,,,,,
2021-12-03,2021-12-03,380505,358379,5737,,,,,,,,,,,,,,,,,,,
2021-12-04,2021-12-04,385002,358961,5738,,,,,,,,,,,,,,,,,,,
2021-12-05,2021-12-05,388395,359774,5738,,,,,,,,,,,,,,,,,,,
2021-12-06,2021-12-06,390735,360714,5738,,,,,,,,,,,,,,,,,,,
2021-12-07,2021-12-07,393896,361709,5741,,,,,,,,,,,,,,,,,,,
2021-12-08,2021-12-08,399214,362327,5742,,,,,,,,,,,,,,,,,,,
2021-12-09,2021-12-09,404208,362914,5742,,,,,,,,,,,,,,,,,,,
2021-12-10,2021-12-10,408098,365652,5742,,,,,,,,,,,,,,,,,,,
2021-12-11,2021-12-11,411349,369696,5742,,,,,,,,,,,,,,,,,,,
2021-12-12,2021-12-12,418264,374837,5742,,,,,,,,,,,,,,,,,,,
2021-12-13,2021-12-13,420978,380199,5742,,,,,,,,,,,,,,,,,,,
2021-12-14,2021-12-14,424696,385622,5742,,,,,,,,,,,,,,,,,,,
2021-12-15,2021-12-15,427847,388133,5745,,,,,,,,,,,,,,,,,,,
2021-12-16,2021-12-16,430516,389571,5745,,,,,,,,,,,,,,,,,,,
2021-12-17,2021-12-17,433225,395635,5745,,,,,,,,,,,,,,,,,,,
2021-12-18,2021-12-18,434641,401498,5751,,,,,,,,,,,,,,,,,,,
2021-12-19,2021-12-19,436171,406836,5751,,,,,,,,,,,,,,,,,,,
2021-12-20,2021-12-20,437047,411536,5757,,,,,,,,,,,,,,,,,,,
2021-12-21,2021-12-21,436171,406837,5751,,,,,,,,,,,,,,,,,,,
2021-12-22,2021-12-22,439957,417265,5764,,,,,,,,,,,,,,,,,,,
2021-12-23,2021-12-23,441814,418379,5768,,,,,,,,,,,,,,,,,,,
2021-12-24,2021-12-24,443246,421954,5772,,,,,,,,,,,,,,,,,,,
2021-12-25,2021-12-25,444289,424990,5772,,,,,,,,,,,,,,,,,,,
2021-12-26,2021-12-26,444710,427672,5772,,,,,,,,,,,,,,,,,,,
2021-12-27,2021-12-27,445111,428990,5772,,,,,,,,,,,,,,,,,,,
2021-12-28,2021-12-28,445787,430621,5772,,,,,,,,,,,,,,,,,,,
2021-12-29,2021-12-29,446523,431577,5779,,,,,,,,,,,,,,,,,,,
2021-12-30,2021-12-30,447357,432520,5779,,,,,,,,,,,,,,,,,,,
2021-12-31,2021-12-31,448199,434428,5783,,,,,,,,,,,,,,,,,,,
2022-01-01,2022-01-01,448837,435890,5786,,,,,,,,,,,,,,,,,,,
2022-01-02,2022-01-02,449180,437126,5790,,,,,,,,,,,,,,,,,,,
2022-01-03,2022-01-03,449562,438335,5790,,,,,,,,,,,,,,,,,,,
2022-01-04,2022-01-04,450184,439126,5820,,,,,,,,,,,,,,,,,,,
2022-01-05,2022-01-05,451115,439474,5820,,,,,,,,,,,,,,,,,,,
2022-01-06,2022-01-06,451992,439920,5820,,,,,,,,,,,,,,,,,,,
2022-01-07,2022-01-07,452686,440426,5821,,,,,,,,,,,,,,,,,,,
2022-01-08,2022-01-08,453364,441341,5821,,,,,,,,,,,,,,,,,,,
2022-01-09,2022-01-09,453809,442095,5821,,,,,,,,,,,,,,,,,,,
2022-01-10,2022-01-10,454137,442804,5821,,,,,,,,,,,,,,,,,,,
2022-01-11,2022-01-11,454612,443346,5824,,,,,,,,,,,,,,,,,,,
2022-01-12,2022-01-12,455220,443638,5829,,,,,,,,,,,,,,,,,,,
2022-01-13,2022-01-13,455721,444110,5829,,,,,,,,,,,,,,,,,,,
2022-01-14,2022-01-14,456150,445013,5832,,,,,,,,,,,,,,,,,,,
2022-01-15,2022-01-15,456526,445881,5834,,,,,,,,,,,,,,,,,,,
2022-01-16,2022-01-16,456759,446634,5834,,,,,,,,,,,,,,,,,,,
2022-01-17,2022-01-17,456944,447298,5835,,,,,,,,,,,,,,,,,,,
2022-01-18,2022-01-18,457252,447906,5837,,,,,,,,,,,,,,,,,,,
2022-01-19,2022-01-19,457600,448268,5837,,,,,,,,,,,,,,,,,,,
2022-01-20,2022-01-20,457916,448555,5839,,,,,,,,,,,,,,,,,,,
2022-01-21,2022-01-21,458228,449199,5840,,,,,,,,,,,,,,,,,,,
2022-01-22,2022-01-22,458475,449705,5840,,,,,,,,,,,,,,,,,,,
2022-01-23,2022-01-23,458640,450159,5841,,,,,,,,,,,,,,,,,,,
2022-01-24,2022-01-24,458784,450526,5841,,,,,,,,,,,,,,,,,,,
2022-01-25,2022-01-25,459046,450870,5842,,,,,,,,,,,,,,,,,,,
2022-01-26,2022-01-26,459519,451145,5842,,,,,,,,,,,,,,,,,,,
2022-01-27,2022-01-27,459855,451329,5842,,,,,,,,,,,,,,,,,,,
2022-01-28,2022-01-28,460207,451710,5843,,,,,,,,,,,,,,,,,,,
2022-01-29,2022-01-29,460533,452043,5844,,,,,,,,,,,,,,,,,,,
2022-01-30,2022-01-30,460780,452329,5845,,,,,,,,,,,,,,,,,,,
2022-01-31,2022-01-31,460981,454605,5845,,,,,,,,,,,,,,,,,,,
2022-02-01,2022-02-01,461123,452673,5846,,,,,,,,,,,,,,,,,,,
2022-02-02,2022-02-02,461538,452797,5866,,,,,,,,,,,,,,,,,,,
2022-02-03,2022-02-03,461851,452939,5866,,,,,,,,,,,,,,,,,,,
2022-02-04,2022-02-04,462088,453326,5867,,,,,,,,,,,,,,,,,,,
2022-02-05,2022-02-05,462433,453683,5868,,,,,,,,,,,,,,,,,,,
2022-02-06,2022-02-06,462628,454018,5868,,,,,,,,,,,,,,,,,,,
2022-02-07,2022-02-07,462788,454356,5868,,,,,,,,,,,,,,,,,,,
2022-02-08,2022-02-08,463069,454655,5869,,,,,,,,,,,,,,,,,,,
2022-02-09,2022-02-09,463487,454843,5870,,,,,,,,,,,,,,,,,,,
2022-02-10,2022-02-10,463834,455032,5870,,,,,,,,,,,,,,,,,,,
2022-02-11,2022-02-11,464185,455513,5870,,,,,,,,,,,,,,,,,,,
2022-02-12,2022-02-12,464531,455847,5871,,,,,,,,,,,,,,,,,,,
2022-02-13,2022-02-13,464736,456129,5872,,,,,,,,,,,,,,,,,,,
2022-02-14,2022-02-14,464933,456464,5873,,,,,,,,,,,,,,,,,,,
2022-02-15,2022-02-15,465268,457730,5873,,,,,,,,,,,,,,,,,,,
2022-02-16,2022-02-16,,,,,,,,,,,,,,,,,,,,,,
2022-02-17,2022-02-17,466136,457060,5877,,,,,,,,,,,,,,,,,,,
2022-02-18,2022-02-18,466521,457480,5877,,,,,,,,,,,,,,,,,,,
2022-02-19,2022-02-19,466824,457848,5877,,,,,,,,,,,,,,,,,,,
2022-02-20,2022-02-20,467044,458194,5877,,,,,,,,,,,,,,,,,,,
2022-02-21,2022-02-21,467218,458514,5877,,,,,,,,,,,,,,,,,,,
2022-02-22,2022-02-22,467539,458838,5879,,,,,,,,,,,,,,,,,,,
2022-02-23,2022-02-23,467913,459006,5879,,,,,,,,,,,,,,,,,,,
2022-02-24,2022-02-24,468222,,5881,,,,,,,,,,,,,,,,,,,
2022-02-25,2022-02-25,468461,,5888,,,,,,,,,,,,,,,,,,,
2022-02-26,2022-02-26,468725,,5891,,,,,,,,,,,,,,,,,,,
2022-02-27,2022-02-27,468935,,5891,,,,,,,,,,,,,,,,,,,
2022-02-28,2022-02-28,469073,,5892,,,,,,,,,,,,,,,,,,,
2022-03-01,2022-03-01,469299,,5894,,,,,,,,,,,,,,,,,,,
2022-03-02,2022-03-02,469491,,5894,,,,,,,,,,,,,,,,,,,
2022-03-03,2022-03-03,469757,,5894,,,,,,,,,,,,,,,,,,,
2022-03-04,2022-03-04,470012,,5894,,,,,,,,,,,,,,,,,,,
2022-03-05,2022-03-05,470227,,5894,,,,,,,,,,,,,,,,,,,
2022-03-06,2022-03-06,470407,,5894,,,,,,,,,,,,,,,,,,,
2022-03-07,2022-03-07,470502,,5894,,,,,,,,,,,,,,,,,,,
2022-03-08,2022-03-08,470687,,5894,,,,,,,,,,,,,,,,,,,
2022-03-09,2022-03-09,471164,,5896,,,,,,,,,,,,,,,,,,,
2022-03-10,2022-03-10,471617,,5896,,,,,,,,,,,,,,,,,,,
2022-03-11,2022-03-11,471788,,5897,,,,,,,,,,,,,,,,,,,
2022-03-12,2022-03-12,471890,,5897,,,,,,,,,,,,,,,,,,,
2022-03-13,2022-03-13,,,,,,,,,,,,,,,,,,,,,,
2022-03-14,2022-03-14,,,,,,,,,,,,,,,,,,,,,,
2022-03-15,2022-03-15,,,,,,,,,,,,,,,,,,,,,,
2022-03-16,2022-03-16,,,,,,,,,,,,,,,,,,,,,,
2022-03-17,2022-03-17,472670,,5898,,,,,,,,,,,,,,,,,,,
2022-03-18,2022-03-18,,,,,,,,,,,,,,,,,,,,,,
2022-03-19,2022-03-19,,,,,,,,,,,,,,,,,,,,,,
2022-03-20,2022-03-20,,,,,,,,,,,,,,,,,,,,,,
2022-03-21,2022-03-21,473412,,5898,,,,,,,,,,,,,,,,,,,
2022-03-22,2022-03-22,473554,,5898,,,,,,,,,,,,,,,,,,,
2022-03-23,2022-03-23,,,,,,,,,,,,,,,,,,,,,,
2022-03-24,2022-03-24,474108,,5899,,,,,,,,,,,,,,,,,,,
2022-03-25,2022-03-25,,,,,,,,,,,,,,,,,,,,,,
2022-03-26,2022-03-26,,,,,,,,,,,,,,,,,,,,,,
2022-03-27,2022-03-27,474841,,5920,,,,,,,,,,,,,,,,,,,
2022-03-28,2022-03-28,,,,,,,,,,,,,,,,,,,,,,
2022-03-29,2022-03-29,,,,,,,,,,,,,,,,,,,,,,
2022-03-30,2022-03-30,475498,,5922,,,,,,,,,,,,,,,,,,,
2022-03-31,2022-03-31,,,,,,,,,,,,,,,,,,,,,,
2022-04-01,2022-04-01,,,,,,,,,,,,,,,,,,,,,,
2022-04-02,2022-04-02,,,,,,,,,,,,,,,,,,,,,,
