date,YYYYMMDD,Sedibeng	Cases,Sedibeng	Recoveries,Sedibeng	Deaths,Sedibeng Emfuleni	Cases,Sedbeng Lesedi	Cases,Sedibeng Midvaal	Cases,Sedibeng Unallocated	Cases,Sedibeng Emfuleni	Recoveries,Sedibeng Lesedi	Recoveries,Sedibeng Midvaal	Recoveries,source,Comment
2020-04-10,2020-04-10,6,,,,,,,,,,https://twitter.com/bandilemasuku/status/1248885756350906368?s=20,
2020-04-11,2020-04-11,6,,,,,,,,,,https://twitter.com/bandilemasuku/status/1249256629809315840?s=20,
2020-04-12,2020-04-12,8,,,,,,,,,,https://twitter.com/bandilemasuku/status/1249617706946527232?s=20,
2020-04-13,2020-04-13,9,,,,,,,,,,https://twitter.com/GautengHealth/status/1250340813172666369?s=20,
2020-04-15,2020-04-15,8,,,,,,,,,,https://twitter.com/bandilemasuku/status/1250794333344870401?s=20,
2020-04-16,2020-04-16,8,,,,,,,,,,https://twitter.com/GautengProvince/status/1251063621674770434?s=20,
2020-04-17,2020-04-17,10,,,,,,,,,,https://twitter.com/GautengProvince/status/1251412168605609985?s=20,
2020-04-18,2020-04-18,10,,,,,,,,,,https://twitter.com/GautengHealth/status/1251781899103678465?s=20,
2020-04-19,2020-04-19,11,,,,,,,,,,https://twitter.com/GautengHealth/status/1252150127474741248,
2020-04-20,2020-04-20,11,,,,,,,,,,https://twitter.com/GautengHealth/status/1252960035489144833,
2020-04-21,2020-04-21,11,,,9,2,0,0,,,,https://twitter.com/GautengHealth/status/1252960035489144833,
2020-04-22,2020-04-22,11,,,9,2,0,0,,,,https://twitter.com/GautengHealth/status/1253362678506143751/,
2020-04-23,2020-04-23,13,,,9,2,0,2,,,,https://twitter.com/GautengHealth/status/1253630139830853632,
2020-04-24,2020-04-24,15,,,11,2,0,2,,,,https://twitter.com/GautengHealth/status/1254045244158607361,
2020-04-25,2020-04-25,15,,,11,2,0,2,,,,https://twitter.com/GautengHealth/status/1254368137321025537/,
2020-04-26,2020-04-26,15,,,11,2,0,2,,,,https://twitter.com/GautengHealth/status/1254738555269718018,
2020-04-27,2020-04-27,15,5,,11,3,1,0,,,,https://twitter.com/GautengHealth/status/1255117154296442880/,
2020-04-28,2020-04-28,15,5,,11,3,1,0,,,,https://twitter.com/GautengHealth/status/1255478105906479114/,
2020-04-29,2020-04-29,16,5,,12,3,1,0,,,,https://twitter.com/GautengHealth/status/1255835772537786368/,
2020-04-30,2020-04-30,16,5,,12,3,1,0,,,,https://twitter.com/GautengHealth/status/1256218341590646787/,
2020-05-01,2020-05-01,18,5,,14,3,1,0,,,,https://twitter.com/GautengHealth/status/1256513303683239937/,
2020-05-02,2020-05-02,19,6,,14,3,2,0,,,,https://twitter.com/GautengHealth/status/1256874258095112197,
2020-05-03,2020-05-03,21,6,,14,3,4,0,,,,https://twitter.com/GautengHealth/status/1257276507615092737,
2020-05-04,2020-05-04,21,6,,14,3,4,0,,,,https://twitter.com/GautengHealth/status/1257643880373268480/,
2020-05-05,2020-05-05,21,6,,14,3,4,0,,,,https://twitter.com/GautengHealth/status/1258009162438639616,
2020-05-06,2020-05-06,21,7,,14,3,4,0,,,,https://twitter.com/GautengHealth/status/1258347572256800769,
2020-05-07,2020-05-07,21,7,,14,3,4,0,,,,https://twitter.com/GautengHealth/status/1258671507548639232,
2020-05-08,2020-05-08,22,8,,14,3,5,0,,,,https://twitter.com/GautengHealth/status/1259051943487574018,
2020-05-09,2020-05-09,22,8,,14,3,5,0,,,,https://twitter.com/GautengHealth/status/1259455975863484418,
2020-05-10,2020-05-10,26,8,,17,3,6,0,,,,https://twitter.com/GautengHealth/status/1259758510746808320/,
2020-05-11,2020-05-11,26,9,,17,3,6,0,,,,https://twitter.com/GautengHealth/status/1260219552044126219,
2020-05-12,2020-05-12,26,9,,17,3,6,0,,,,https://twitter.com/GautengHealth/status/1260521861399617539,
2020-05-13,2020-05-13,28,10,,17,4,7,0,,,,https://twitter.com/GautengHealth/status/1260865969364316160,
2020-05-14,2020-05-14,31,10,,19,4,7,1,,,,https://twitter.com/GautengHealth/status/1261248539751047168,
2020-05-15,2020-05-15,38,10,,26,4,7,1,,,,https://twitter.com/GautengHealth/status/1261551594967126016,
2020-05-16,2020-05-16,39,10,,27,4,7,1,,,,https://twitter.com/GautengHealth/status/1261955293803618305/,
2020-05-17,2020-05-17,,10,,27,4,7,1,,,,https://twitter.com/nicd_sa/status/1262110389111791617/,
2020-05-18,2020-05-18,39,13,0,28,4,7,0,9,3,1,https://twitter.com/GautengHealth/status/1262623142067003392,
2020-05-19,2020-05-19,40,13,0,28,5,7,0,9,3,1,https://twitter.com/GautengHealth/status/1263108613859676166/,
2020-05-20,2020-05-20,43,14,0,31,5,7,0,9,3,2,https://twitter.com/GautengHealth/status/1263416943073263624,
2020-05-21,2020-05-21,43,15,0,31,5,7,0,10,3,2,https://twitter.com/GautengHealth/status/1263748921005924353,
2020-05-22,2020-05-22,43,20,0,31,5,7,0,14,3,3,https://twitter.com/GautengHealth/status/1264163298070663169/,
2020-05-23,2020-05-23,45,20,0,32,5,8,0,14,3,3,https://twitter.com/GautengHealth/status/1264510034635038721/,
2020-05-24,2020-05-24,49,21,0,33,6,9,1,14,3,4,https://twitter.com/GautengHealth/status/1264858229651226627,
2020-05-25,2020-05-25,52,21,0,34,7,9,2,14,3,4,https://twitter.com/GautengHealth/status/1265207684694974470/p,
2020-05-26,2020-05-26,64,21,0,36,8,9,11,14,3,4,https://twitter.com/GautengHealth/status/1265665486336987141/,
2020-05-27,2020-05-27,68,25,0,39,8,9,12,19,3,3,https://twitter.com/GautengHealth/status/1265956927953141762,
2020-05-28,2020-05-28,75,25,0,46,8,9,12,19,3,3,https://twitter.com/GautengHealth/status/1266307844145643521,
2020-05-29,2020-05-29,92,25,0,56,8,14,14,19,3,3,https://twitter.com/GautengHealth/status/1266721507897679873,
2020-05-30,2020-05-30,93,25,0,56,8,16,13,19,3,3,https://twitter.com/GautengHealth/status/1267008144972156929,
2020-05-31,2020-05-31,97,28,0,60,8,16,13,19,6,3,https://twitter.com/bandilemasuku/status/1267425237597110281,
2020-06-01,2020-06-01,98,28,0,60,8,17,13,19,6,3,https://twitter.com/GautengHealth/status/1267764917760929797,
2020-06-02,2020-06-02,101,28,0,62,9,17,13,19,5,4,https://twitter.com/GautengHealth/status/1268171408313593856,
2020-06-03,2020-06-03,108,28,0,66,12,17,13,19,5,4,https://twitter.com/GautengHealth/status/1268481591342497794,
2020-06-04,2020-06-04,112,28,0,69,12,18,13,19,5,4,https://twitter.com/GautengHealth/status/1268866768120004608,
2020-06-05,2020-06-05,120,28,0,76,13,18,13,19,5,4,https://twitter.com/GautengHealth/status/1269247520053645317,
2020-06-06,2020-06-06,127,37,0,82,14,18,13,28,5,4,https://twitter.com/GautengHealth/status/1269558466965917697,
2020-06-07,2020-06-07,135,37,0,90,14,18,13,28,5,4,https://twitter.com/GautengHealth/status/1269943576135262215,
2020-06-08,2020-06-08,137,37,0,92,14,18,13,28,5,4,https://twitter.com/GautengHealth/status/1270311020800737280,
2020-06-09,2020-06-09,139,44,1,94,14,18,13,28,5,11,https://twitter.com/GautengHealth/status/1270692916177121281,
2020-06-10,2020-06-10,162,56,1,109,19,21,13,39,6,11,https://twitter.com/GautengHealth/status/1271052015632814082,
2020-06-11,2020-06-11,183,58,1,126,22,22,13,41,6,11,https://twitter.com/GautengHealth/status/1271418643809697792,
2020-06-12,2020-06-12,208,58,1,143,29,22,14,41,6,11,https://twitter.com/GautengHealth/status/1271753639586148352,
2020-06-13,2020-06-13,235,65,2,159,36,24,16,48,6,11,https://twitter.com/GautengHealth/status/1272121584107520000,
2020-06-14,2020-06-14,290,65,2,202,42,30,16,48,6,11,https://twitter.com/GautengHealth/status/1272534131377934338,
2020-06-15,2020-06-15,339,65,2,241,52,30,16,48,6,11,https://twitter.com/GautengHealth/status/1272821800376905728,
2020-06-16,2020-06-16,369,65,2,264,54,35,16,48,6,11,https://twitter.com/GautengHealth/status/1273190912324182016,
2020-06-17,2020-06-17,434,65,2,291,61,37,45,44,10,11,https://twitter.com/GautengHealth/status/1273641789749149698,
2020-06-18,2020-06-18,497,110,,330,81,41,45,,,,https://twitter.com/GautengHealth/status/1273972046687592448,
2020-06-19,2020-06-19,555,110,,379,85,46,45,,,,https://twitter.com/GautengHealth/status/1274298125520449536/,
2020-06-20,2020-06-20,606,110,,419,91,51,45,,,,https://twitter.com/GautengHealth/status/1274651292141588481,
2020-06-21,2020-06-21,675,110,,474,100,58,43,,,,https://twitter.com/GautengHealth/status/1275066285122940931,
2020-06-22,2020-06-22,736,110,,521,109,63,43,,,,https://twitter.com/GautengHealth/status/1275472448876695553,
2020-06-23,2020-06-23,804,110,,570,122,69,43,,,,https://twitter.com/GautengHealth/status/1275743329347608577,
2020-06-24,2020-06-24,861,110,10,615,127,78,41,,,,https://twitter.com/GautengHealth/status/1276140142630187008/,
2020-06-25,2020-06-25,977,110,,701,142,92,42,,,,https://twitter.com/GautengHealth/status/1276463179246317568/,
2020-06-26,2020-06-26,1108,110,,789,153,115,51,,,,https://twitter.com/GautengHealth/status/1276866448539951104/,
2020-06-27,2020-06-27,1207,132,,860,170,128,49,,,,https://twitter.com/GautengHealth/status/1277227583680196609,
2020-06-28,2020-06-28,1333,135,,949,189,146,49,,,,https://twitter.com/GautengHealth/status/1277538817478725634,
2020-06-29,2020-06-29,1500,135,,1072,220,159,49,,,,https://twitter.com/GautengHealth/status/1277922168437948423,
2020-06-30,2020-06-30,1649,135,,1197,240,166,46,,,,https://twitter.com/GautengHealth/status/1278302946367807488,
2020-07-01,2020-07-01,1769,135,,1296,245,184,44,,,,https://twitter.com/GautengHealth/status/1278690695671398400/,
2020-07-02,2020-07-02,1919,135,29,1405,267,205,42,,,,https://twitter.com/GautengHealth/status/1279008556382109697,Drop in Jhb death double checked
2020-07-03,2020-07-03,2154,190,29,1603,283,226,42,,,,https://twitter.com/GautengHealth/status/1279388052457226240,
2020-07-04,2020-07-04,2370,190,29,1767,311,248,44,,,,https://twitter.com/GautengHealth/status/1279802816983425024/,
2020-07-05,2020-07-05,2528,594,36,1882,339,264,43,,,,https://twitter.com/GautengHealth/status/1280126595924197376,
2020-07-06,2020-07-06,2748,594,42,2062,363,282,41,,,,https://twitter.com/GautengHealth/status/1280497205657378823,
2020-07-07,2020-07-07,3120,594,45,2360,403,315,42,,,,https://twitter.com/GautengHealth/status/1280863628527271936,
2020-07-08,2020-07-08,3400,643,45,2596,424,340,40,,,,https://twitter.com/GautengHealth/status/1281184145696268288,
2020-07-09,2020-07-09,3888,643,52,2965,508,376,39,,,,https://twitter.com/GautengHealth/status/1281556225558183936,
2020-07-10,2020-07-10,4285,643,57,3291,550,406,38,523,79,41,https://twitter.com/GautengHealth/status/1281923648014757888,
2020-07-11,2020-07-11,4640,992,64,3563,601,434,42,,,,https://twitter.com/GautengHealth/status/1282273632979476480/,
2020-07-12,2020-07-12,5023,992,64,3867,650,464,42,789,128,75,https://twitter.com/GautengHealth/status/1282681758597685248,
2020-07-13,2020-07-13,5425,1116,64,3930,963,490,42,871,146,99,https://twitter.com/GautengHealth/status/1283049505739485184,
2020-07-14,2020-07-14,5839,1116,72,4306,982,509,42,871,146,99,https://twitter.com/GautengHealth/status/1283342298995187712/,
2020-07-15,2020-07-15,6269,1203,79,4654,1022,551,42,936,159,108,https://twitter.com/GautengHealth/status/1283738986805108738/,
2020-07-16,2020-07-16,,,,,,,,,,,,GDOH did not release figures for the day on twitter
2020-07-17,2020-07-17,7093,1345,92,5283,1155,613,42,,,,https://twitter.com/GautengHealth/status/1284490028232605696,
2020-07-18,2020-07-18,7440,1404,95,5301,1217,880,42,1070,206,128,https://twitter.com/GautengHealth/status/1284834622870872064,Report transposes Tsh and Ekh recoveries
2020-07-19,2020-07-19,7906,1583,95,5665,1278,921,42,1200,238,145,https://twitter.com/GautengHealth/status/1285207204275068929/,No hospitalisation figures reported
2020-07-20,2020-07-20,8131,1700,96,5842,1303,944,42,1294,253,153,https://twitter.com/GautengHealth/status/1285620233164795906,
2020-07-21,2020-07-21,8339,1700,98,6031,1313,953,42,1294,253,153,https://twitter.com/GautengHealth/status/1285951419409997825,
2020-07-22,2020-07-22,8744,2112,108,6358,1367,977,42,1664,265,183,https://twitter.com/GautengHealth/status/1286236261108285440,
2020-07-23,2020-07-23,9080,2112,109,6615,1410,1013,42,1664,265,183,https://twitter.com/GautengHealth/status/1286669301823438849,
2020-07-24,2020-07-24,9528,2766,112,6977,1455,1054,42,2126,413,227,https://twitter.com/GautengProvince/status/1287022217482641409,
2020-07-25,2020-07-25,9841,3042,113,7183,1501,1115,42,2341,448,253,https://twitter.com/GautengHealth/status/1287466388953726977,
2020-07-26,2020-07-26,10140,3380,121,7412,1535,1151,42,2620,491,269,https://twitter.com/GautengHealth/status/1287771220901937153/,
2020-07-27,2020-07-27,10307,3750,121,7555,1549,1161,42,2870,551,329,https://twitter.com/GautengHealth/status/1287771220901937153,
2020-07-28,2020-07-28,10466,4082,121,7684,1568,1172,42,3174,568,340,https://twitter.com/GautengHealth/status/1288513725033598976,
2020-07-29,2020-07-29,10722,4362,130,7879,1606,1195,42,3389,601,372,https://twitter.com/GautengHealth/status/1288865447484567552/,
2020-07-30,2020-07-30,11023,4628,147,8129,1630,1222,42,3593,395,640,https://twitter.com/GautengHealth/status/1289246914009952257/,Sedibeng recovery figures: apparent reallocation from Lesedi to Midvaal
2020-07-31,2020-07-31,11340,4628,147,8369,1667,1262,42,3593,395,640,https://twitter.com/GautengHealth/status/1289610090538872833,
2020-08-01,2020-08-01,,,,,,,,,,,https://twitter.com/GautengHealth/status/1289977071905566721/,GDOH did not release figures due to audit/harmonisation
2020-08-02,2020-08-02,,,,,,,,,,,,GDOH did not release figures
2020-08-03,2020-08-03,,,,,,,,,,,,GDOH did not release figures
2020-08-04,2020-08-04,12056,,,,,,,,,,,GDOH did not release figures
2020-08-05,2020-08-05,12210,5844,171,9089,1762,1315,44,4520,838,486,https://twitter.com/GautengHealth/status/1291313842698543110/,
2020-08-06,2020-08-06,12440,6106,172,9276,1785,1335,44,4721,866,519,GDOH Media Release 7 August 2020,
2020-08-07,2020-08-07,12541,6314,202,9357,1794,1346,44,4873,881,560,https://twitter.com/GautengHealth/status/1292117180650332161,
2020-08-08,2020-08-08,12688,6567,202,9480,1802,1362,44,5029,929,609,https://twitter.com/GautengHealth/status/1292440638609391616,
2020-08-09,2020-08-09,12811,7181,202,9585,1809,1373,44,5579,966,636,https://twitter.com/GautengHealth/status/1292780979329929216/,
2020-08-10,2020-08-10,12891,7426,203,9649,1817,1381,44,5798,979,649,https://twitter.com/GautengHealth/status/1293191312712187906,
2020-08-11,2020-08-11,12943,7584,207,9694,1819,1386,44,5945,979,660,https://twitter.com/GautengHealth/status/1293566743399604224,
2020-08-12,2020-08-12,12995,7680,222,9738,1825,1388,44,6019,997,664,https://twitter.com/GautengHealth/status/1293883300902326272,
2020-08-13,2020-08-13,13041,7822,227,9770,1837,1390,44,6126,1010,686,https://twitter.com/GautengHealth/status/1294254921718652935,
2020-08-14,2020-08-14,13191,7965,230,9894,1850,1403,44,6233,1024,708,https://twitter.com/GautengHealth/status/1294600732881170433/,
2020-08-15,2020-08-15,13323,8277,230,10000,1864,1415,44,6509,1046,722,https://twitter.com/GautengHealth/status/1294958750676275200,
2020-08-16,2020-08-16,13397,8577,239,10063,1868,1422,44,6777,1069,731,https://twitter.com/GautengHealth/status/1295357343442579461,
2020-08-17,2020-08-17,13438,8852,240,10099,1871,1424,44,6997,1100,755,https://twitter.com/GautengHealth/status/1295679081648988162,Deaths of Tshwane and Ekhurleni appear to have been transposed
2020-08-18,2020-08-18,13524,8964,242,10169,1878,1433,44,7105,1102,757,https://twitter.com/GautengHealth/status/1296074732039811073,West Rand Recoveries have not been updated for a week
2020-08-19,2020-08-19,13601,9054,243,10234,1883,1440,44,7171,1120,763,https://twitter.com/GautengHealth/status/1296398783505473536,
2020-08-20,2020-08-20,13686,9154,249,10302,1887,1453,44,7252,1136,766,https://twitter.com/GautengHealth/status/1296785419791728640,
2020-08-21,2020-08-21,13749,9395,255,10354,1891,1460,44,7457,1156,782,https://twitter.com/GautengHealth/status/1297163891391242240,
2020-08-22,2020-08-22,13843,9501,262,10426,1902,1471,44,7544,1164,793,GDOH Media Release 23 August 2020,
2020-08-23,2020-08-23,13882,9652,262,10460,1905,1473,44,7670,1176,806,GDOH Media Release 24 August 2020,
2020-08-24,2020-08-24,13914,9787,262,10490,1907,1473,44,7783,1187,817,GDOH Media Release 25 August 2020,
2020-08-25,2020-08-25,13946,9855,268,10516,1911,1475,44,7834,1197,824,https://twitter.com/GautengHealth/status/1298580090968825856/,
2020-08-26,2020-08-26,14016,9943,269,10572,1918,1482,44,7917,1198,828,GDOH Media Release 27 August 2020,
2020-08-27,2020-08-27,14083,9993,273,10626,1925,1488,44,7962,1202,829,https://twitter.com/GautengHealth/status/1299328560604344320,
2020-08-28,2020-08-28,14105,10045,282,10644,1925,1492,44,7997,1210,838,GDOH Media Release 29 August 2020,
2020-08-29,2020-08-29,14166,10217,285,10692,1929,1501,44,8129,1243,845,GDOH Media Release 30 August 2020,
2020-08-30,2020-08-30,14209,10362,285,10727,1936,1502,44,8254,1252,856,https://twitter.com/GautengHealth/status/1300391865246724097,
2020-08-31,2020-08-31,14242,10443,288,10750,1940,1508,44,8316,1260,867,GDOH Media Release 1 September 2020,
2020-09-01,2020-09-01,14290,10489,294,10790,1944,1512,44,8357,1262,870,GDOH Media Release 2 September 2020,
2020-09-02,2020-09-02,14334,10545,296,10828,1946,1516,44,8405,1265,875,GDOH Media Release 3 September 2020,
2020-09-03,2020-09-03,14370,10621,299,10854,1952,1520,44,8474,1267,880,GDOH Medial Release 4 September 2020,
2020-09-04,2020-09-04,14415,10720,299,10896,1954,1521,44,8557,1270,893,https://twitter.com/GautengHealth/status/1302240594224394241,
2020-09-05,2020-09-05,14436,10781,302,10913,1956,1523,44,8611,1273,897,https://twitter.com/GautengHealth/status/1302567025370443776,
2020-09-06,2020-09-06,14448,10854,309,10922,1958,1524,44,8670,1281,903,https://twitter.com/GautengHealth/status/1302988152584523776,
2020-09-07,2020-09-07,14464,10902,309,10935,1960,1525,44,8710,1286,906,https://twitter.com/GautengHealth/status/1303300349051183111/,
2020-09-08,2020-09-08,14484,10938,310,10951,1963,1526,44,8744,1288,906,https://twitter.com/GautengHealth/status/1303682049950318592,
2020-09-09,2020-09-09,14501,10968,312,10963,1965,1529,44,8770,1292,906,https://twitter.com/GautengHealth/status/1304035972485701632/,
2020-09-10,2020-09-10,14540,11055,312,10996,1968,1532,44,8813,1311,931,https://twitter.com/GautengHealth/status/1304406363314028544/,
2020-09-11,2020-09-11,14568,11055,312,11023,1968,1533,44,8813,1311,931,https://twitter.com/GautengHealth/status/1304810596081315841/,
2020-09-12,2020-09-12,14606,11097,314,11055,1971,1536,44,8851,1313,933,GDOH Media Release 13 September 2020,
2020-09-13,2020-09-13,14626,11164,314,11072,1973,1537,44,8904,1319,941,https://twitter.com/GautengHealth/status/1305464605028880385,
2020-09-14,2020-09-14,14637,11205,314,11079,1974,1540,44,8943,1320,942,https://twitter.com/GautengHealth/status/1305871725524144130,
2020-09-15,2020-09-15,14647,11227,315,11089,1974,1540,44,8960,1323,944,https://twitter.com/GautengHealth/status/1306284688458371072,
2020-09-16,2020-09-16,14667,11238,315,11107,1975,1541,44,8970,1323,945,https://twitter.com/GautengHealth/status/1306561937136902145/,
2020-09-17,2020-09-17,14687,11255,316,11124,1975,1544,44,8984,1325,946,https://twitter.com/HealthTshwane/status/1306929066092699648/,
2020-09-18,2020-09-18,14715,11271,317,11146,1975,1550,44,8998,1327,946,https://twitter.com/HealthTshwane/status/1307365757874044928,
2020-09-19,2020-09-19,14734,11285,317,11163,1976,1551,44,9010,1328,947,GDOH Media Release 20 September 2020,
2020-09-20,2020-09-20,14757,11325,317,11185,1977,1551,44,9038,1334,953,GDOH Media Release 21 September 2020,
2020-09-21,2020-09-21,14767,11351,317,11195,1977,1551,44,9064,1334,953,GDOH Media Release 22 September 2020,
2020-09-22,2020-09-22,14784,11357,319,11212,1977,1551,44,9064,1336,957,https://twitter.com/HealthTshwane/status/1308815496817582080,
2020-09-23,2020-09-23,14800,11375,322,11225,1978,1553,44,9080,1338,957,https://twitter.com/GautengHealth/status/1309134233064148992,
2020-09-24,2020-09-24,14820,11386,323,11243,1978,1555,44,9087,1339,960,https://twitter.com/GautengHealth/status/1309513203551031302,
2020-09-25,2020-09-25,14825,11395,323,11248,1978,1555,44,9096,1339,960,GDOH Media Release 26 September 2020,
2020-09-26,2020-09-26,14843,11400,323,11266,1978,1555,44,9099,1339,962,https://twitter.com/HealthTshwane/status/1310178587623010304,
2020-09-27,2020-09-27,14849,11419,323,11271,1979,1555,44,9118,1339,962,https://twitter.com/GautengHealth/status/1310605890932928513,
2020-09-28,2020-09-28,14860,11419,323,11280,1980,1556,44,9118,1339,962,https://twitter.com/GautengHealth/status/1310939301211971591/,
2020-09-29,2020-09-29,14871,11419,324,11291,1980,1556,44,9118,1339,962,https://twitter.com/GautengHealth/status/1311243671816359936/,
2020-09-30,2020-09-30,14895,11468,324,11311,1982,1558,44,9173,1368,927,https://twitter.com/GautengHealth/status/1311673093262372864/,
2020-10-01,2020-10-01,14929,11475,325,11343,1983,1559,44,9180,1368,927,https://twitter.com/GautengHealth/status/1312040199069859840/,
2020-10-02,2020-10-02,14947,11493,325,11360,1984,1559,44,9198,1368,927,GDOH Media Release 3 October 2020,
2020-10-03,2020-10-03,14963,11505,325,11370,1985,1564,44,9209,1368,928,GDOH Media Release 4 October 2020,
2020-10-04,2020-10-04,14973,11523,325,11380,1985,1564,44,9227,1368,928,GDOH Media Release 5 October 2020,
2020-10-05,2020-10-05,14984,11580,326,11390,1986,1564,44,9233,1371,976,GDOH Media Release 6 October 2020,
2020-10-06,2020-10-06,14990,11588,328,11395,1986,1565,44,9241,1371,976,GDOH Media Release 7 October 2020,
2020-10-07,2020-10-07,15015,11600,328,11416,1988,1567,44,9246,1373,981,GDOH Media Release 8 October 2020,
2020-10-08,2020-10-08,15028,11612,328,11426,1988,1570,44,9251,1375,986,GDOH Media Release 9 October 2020,
2020-10-09,2020-10-09,15047,11623,328,11443,1988,1572,44,9261,1376,986,GDOH Media Release 10 October 2020,
2020-10-10,2020-10-10,15065,11633,328,11459,1989,1573,44,9271,1376,986,GDOH Media Release 11 October 2020,
2020-10-11,2020-10-11,15088,11659,328,11475,1992,1577,44,9291,1378,990,https://twitter.com/GautengHealth/status/1315678871690383360,
2020-10-12,2020-10-12,15102,11680,328,11487,1993,1578,44,9310,1380,990,https://twitter.com/GautengHealth/status/1315997840037097473/,
2020-10-13,2020-10-13,15112,11698,328,11494,1994,1580,44,9327,1381,990,https://twitter.com/GautengHealth/status/1316370462943969282,
2020-10-14,2020-10-14,15139,11705,329,11512,1994,1579,54,9328,1382,995,https://twitter.com/GautengHealth/status/1317438574954991618,
2020-10-15,2020-10-15,15162,11715,330,11534,1994,1580,54,9338,1382,995,https://twitter.com/GautengHealth/status/1317074967650062336,
2020-10-16,2020-10-16,15185,11732,330,11550,1999,1582,54,9353,1384,995,https://twitter.com/GautengHealth/status/1317438574954991618/,
2020-10-17,2020-10-17,15206,11755,330,11564,2001,1587,54,9376,1384,995,GDOH Medial Release18 October 2020,
2020-10-18,2020-10-18,15223,11766,330,11578,2002,1589,54,9384,1384,998,https://twitter.com/GautengHealth/status/1318191574967291910,Sedibeng deaths corrected later
2020-10-19,2020-10-19,15238,11786,330,11591,2002,1591,54,9402,1384,1000,https://twitter.com/GautengHealth/status/1318538596085866501,
2020-10-20,2020-10-20,15243,11804,330,11595,2002,1592,54,9418,1385,1001,https://twitter.com/GautengHealth/status/1318885765934403584,
2020-10-21,2020-10-21,15266,11827,330,11610,2005,1597,54,9435,1388,1004,https://twitter.com/GautengHealth/status/1319218778018893825,
2020-10-22,2020-10-22,15292,11841,330,11633,2006,1599,54,9447,1390,1004,https://twitter.com/GautengHealth/status/1319658918226874369,
2020-10-23,2020-10-23,15304,11851,330,11641,2006,1603,54,9455,1391,1005,GDOH Media Release 24 October 2020,
2020-10-24,2020-10-24,15315,11875,330,11650,2007,1604,54,9479,1391,1005,GDOH Media Release 25 October 2020,
2020-10-25,2020-10-25,15329,11892,330,11663,2008,1604,54,9496,1391,1005,GDOH Media Release 26 October 2020,
2020-10-26,2020-10-26,15339,11920,330,11673,2008,1604,54,9517,1396,1007,GDOH Media Release 27 October 2020,
2020-10-27,2020-10-27,15349,11934,331,11683,2008,1604,54,9531,1396,1007,https://twitter.com/GautengHealth/status/1321407153715007490,
2020-10-28,2020-10-28,15363,11934,332,11696,2009,1604,54,9531,1396,1007,GDOH Media Release 29 October 2020,
2020-10-29,2020-10-29,15376,11958,332,11708,2009,1605,54,9544,1399,1015,https://twitter.com/GautengHealth/status/1322161165833744391/photo/1,
2020-10-30,2020-10-30,15396,11954,332,11726,2010,1606,54,9540,1399,1015,GDOH Media Release 31 October 2020,
2020-10-31,2020-10-31,15414,11968,332,11738,2014,1608,54,9554,1399,1015,https://twitter.com/GautengHealth/status/1322910039494053895/,
2020-11-01,2020-11-01,15423,11994,332,11746,2015,1608,54,9577,1400,1017,https://twitter.com/GautengHealth/status/1323265297630023680,
2020-11-02,2020-11-02,15429,12005,332,11749,2015,1611,54,9585,1401,1019,GDOH Media Release 3 November 2020,
2020-11-03,2020-11-03,15431,12015,334,11750,2015,1612,54,9594,1402,1019,GDOH Media Release 4 November 2020,
2020-11-04,2020-11-04,15440,12158,335,11758,2015,1613,54,9706,1421,1031,GDOH Media Release 5 November 2020,
2020-11-05,2020-11-05,,,,,,,,,,,https://www.nicd.ac.za/latest-confirmed-cases-of-covid-19-in-south-africa-5-nov-2020,No GDOH Release due to data  harmonisation
2020-11-06,2020-11-06,,,,,,,,,,,https://www.nicd.ac.za/latest-confirmed-cases-of-covid-19-in-south-africa-6-nov-2020,No GDOH Release due to data  harmonisation
2020-11-07,2020-11-07,,,,,,,,,,,https://www.nicd.ac.za/latest-confirmed-cases-of-covid-19-in-south-africa-7-nov-2020/,No GDOH Release due to data  harmonisation
2020-11-08,2020-11-08,,,,,,,,,,,https://www.nicd.ac.za/latest-confirmed-cases-of-covid-19-in-south-africa-8-nov-2020/,No GDOH Release due to data  harmonisation
2020-11-09,2020-11-09,,,,,,,,,,,https://www.nicd.ac.za/latest-confirmed-cases-of-covid-19-in-south-africa-9-nov-2020/,No GDOH Release due to data  harmonisation
2020-11-10,2020-11-10,,,,,,,,,,,https://www.nicd.ac.za/latest-confirmed-cases-of-covid-19-in-south-africa-10-nov-2020/,No GDOH Release due to data  harmonisation
2020-11-11,2020-11-11,,,,,,,,,,,https://www.nicd.ac.za/latest-confirmed-cases-of-covid-19-in-south-africa-11-nov-2020/,No GDOH Release
2020-11-12,2020-11-12,,,,,,,,,,,https://www.nicd.ac.za/latest-confirmed-cases-of-covid-19-in-south-africa-12-nov-2020/,No GDOH Release
2020-11-13,2020-11-13,,,,,,,,,,,https://www.nicd.ac.za/latest-confirmed-cases-of-covid-19-in-south-africa-13-nov-2020/,No GDOH Release
2020-11-14,2020-11-14,,,,,,,,,,,https://www.nicd.ac.za/latest-confirmed-cases-of-covid-19-in-south-africa-14-nov-2020/,No GDOH Release
2020-11-15,2020-11-15,,,,,,,,,,,,No GDOH Release
2020-11-16,2020-11-16,,,,,,,,,,,,No GDOH Release
2020-11-17,2020-11-17,,,,,,,,,,,,No GDOH Release
2020-11-18,2020-11-18,,,,,,,,,,,,No GDOH Release
2020-11-19,2020-11-19,15214,14767,360,,,,,,,,https://twitter.com/GautengHealth/status/1331479716696649729/,Partial data release only
2020-11-20,2020-11-20,,,,,,,,,,,,No GDOH Release
2020-11-21,2020-11-21,,,,,,,,,,,,No GDOH Release
2020-11-22,2020-11-22,,,,,,,,,,,,No GDOH Release
2020-11-23,2020-11-23,,,,,,,,,,,,No GDOH Release
2020-11-24,2020-11-24,,,,,,,,,,,,No GDOH Release
2020-11-25,2020-11-25,,,,,,,,,,,,No GDOH Release
2020-11-26,2020-11-26,,,,,,,,,,,,No GDOH Release
2020-11-27,2020-11-27,,,,,,,,,,,,No GDOH Release
2020-11-28,2020-11-28,,,,,,,,,,,,No GDOH Release
2020-11-29,2020-11-29,,,,,,,,,,,,No GDOH Release
2020-11-30,2020-11-30,,,,,,,,,,,,No GDOH Release
2020-12-01,2020-12-01,,,,,,,,,,,,No GDOH Release
2020-12-02,2020-12-02,,,,,,,,,,,,No GDOH Release
2020-12-03,2020-12-03,,,,,,,,,,,,No GDOH Release
2020-12-04,2020-12-04,,,,,,,,,,,,No GDOH Release
2020-12-05,2020-12-05,,,,,,,,,,,,No GDOH Release
2020-12-06,2020-12-06,,,,,,,,,,,,No GDOH Release
2020-12-07,2020-12-07,,,,,,,,,,,,No GDOH Release
2020-12-08,2020-12-08,,,,,,,,,,,,No GDOH Release
2020-12-09,2020-12-09,,,,,,,,,,,,No GDOH Release
2020-12-10,2020-12-10,,,,,,,,,,,,No GDOH Release
2020-12-11,2020-12-11,15480,14932,363,12594,1614,1272,0,12164,1550,1218,https://twitter.com/GautengHealth/status/1337796837726695424,GDOH Release resumes
2020-12-12,2020-12-12,15508,14947,363,12615,1616,1277,0,12175,1552,1220,GDOH Press Releae 13 December,
2020-12-13,2020-12-13,15546,14958,364,12644,1619,1283,0,12181,1554,1223,https://twitter.com/GautengHealth/status/1338506820252553223,Off by one error in Tshwane Recoveries
2020-12-14,2020-12-14,15562,14967,364,12656,1619,1287,0,12187,1556,1224,https://twitter.com/GautengHealth/status/1338835023382933505,
2020-12-15,2020-12-15,15583,14987,365,12673,1619,1291,0,12202,1558,1227,https://twitter.com/GautengHealth/status/1339189660292182016,
2020-12-16,2020-12-16,15615,14986,366,12696,1622,1297,0,12201,1558,1227,https://twitter.com/GautengHealth/status/1339510719818162177,
2020-12-17,2020-12-17,15678,15002,367,12739,1631,1308,0,12216,1558,1228,https://twitter.com/GautengHealth/status/1339960857925660677,
2020-12-18,2020-12-18,15708,15017,366,12761,1636,1311,0,12226,1562,1229,GDOH Media Release 19 December,
2020-12-19,2020-12-19,15769,15047,367,12801,1643,1325,0,12252,1563,1232,https://twitter.com/GautengHealth/status/1340628219859447809,
2020-12-20,2020-12-20,15836,15072,367,12850,1651,1335,0,12273,1563,1236,https://twitter.com/GautengHealth/status/1341063376944939012,
2020-12-21,2020-12-21,15890,15111,368,12894,1655,1341,0,12305,1563,1243,GDOH Media Release 22 December 2020,
2020-12-22,2020-12-22,15932,15140,368,12926,1663,1343,0,12327,1565,1248,GDOH Media Release 21 December 2020,
2020-12-23,2020-12-23,16071,15193,370,13035,1673,1363,0,12364,1572,1257,GDOH Media Release 22 December 2020,
2020-12-24,2020-12-24,16175,15210,371,13102,1693,1380,0,12375,1572,1263,GDOH Media Release 23 December 2020,
2020-12-25,2020-12-25,16264,15231,371,13177,1700,1387,0,12392,1572,1267,GDOH Media Release 26 December 2020,
2020-12-26,2020-12-26,16359,15263,371,13248,1708,1403,0,12415,1575,1273,GDOH Media Release 27 December 2020,
2020-12-27,2020-12-27,16413,15329,371,13291,1711,1411,0,12460,1584,1285,GDOH Media Release 28 December 2020,
2020-12-28,2020-12-28,16484,15358,370,13345,1719,1420,0,12481,1590,1287,GDOH Media Release 29 December 2020,
2020-12-29,2020-12-29,16553,15416,375,13402,1722,1429,0,12517,1597,1302,GDOH Media Release 30 December 2020,
2020-12-30,2020-12-30,16695,15516,378,13513,1732,1450,0,12589,1611,1316,GDOH Media Release31 December 2020,
2020-12-31,2020-12-31,16857,15570,377,13638,1743,1476,0,12620,1623,1327,GDOH Media Release 1 January 2021,
2021-01-01,2021-01-01,16978,15567,377,13731,1758,1489,0,12635,1613,1319,GDOH Media Release 2 January 2021,
2021-01-02,2021-01-02,17161,15671,377,13876,1781,1504,0,12719,1619,1333,GDOH Media Release 3 January 2021,
2021-01-03,2021-01-03,17216,15763,377,13917,1791,1508,0,12779,1636,1348,GDOH Media Release 4 January 2021,
2021-01-04,2021-01-04,17342,15850,378,14009,1802,1531,0,12854,1641,1355,GDOH Media Release 5 January 2021,
2021-01-05,2021-01-05,17428,15950,379,14069,1813,1546,0,12927,1650,1373,GDOH Media Release 6 January 2021,
2021-01-06,2021-01-06,17632,16001,378,14215,1838,1579,0,12969,1653,1379,https://twitter.com/GautengHealth/status/1347134687576256512,
2021-01-07,2021-01-07,17899,16073,378,14407,1876,1616,0,13024,1661,1388,https://twitter.com/GautengHealth/status/1347502071390621700,
2021-01-08,2021-01-08,18159,16141,380,14570,1922,1667,0,13080,1663,1398,https://twitter.com/GautengHealth/status/1347854800571035648,
2021-01-09,2021-01-09,18388,16283,381,14744,1948,1696,0,13192,1672,1419,GDOH Media Release 10 January 2021,
2021-01-10,2021-01-10,18608,16450,381,14906,1981,1721,0,13316,1689,1445,https://twitter.com/GautengHealth/status/1348198152600432643,
2021-01-11,2021-01-11,18876,16614,381,15129,2007,1740,0,13438,1712,1464,https://twitter.com/GautengHealth/status/1349006151761977352,
2021-01-12,2021-01-12,19090,16761,411,15283,2027,1780,0,13565,1720,1476,GDOH Media Release 13 January 2020,
2021-01-13,2021-01-13,19441,16799,427,15550,2065,1826,0,13596,1727,1476,https://twitter.com/GautengHealth/status/1349715260756910083,
2021-01-14,2021-01-14,19601,16906,438,15665,2092,1844,0,13679,1734,1493,https://twitter.com/GautengHealth/status/1350104394692493316,Apparent discrepancy between provincial and district totals
2021-01-15,2021-01-15,19798,16995,440,15812,2102,1884,0,13741,1745,1509,https://twitter.com/GautengHealth/status/1350465423976763392,
2021-01-16,2021-01-16,19995,17181,452,15961,2118,1916,0,13877,1765,1539,GDOH Media Release,
2021-01-17,2021-01-17,20181,17469,454,16084,2163,1934,0,14074,1808,1587,https://twitter.com/GautengHealth/status/1351162030179426306,
2021-01-18,2021-01-18,20392,17719,454,16246,2190,1956,0,14240,1847,1632,GDOH Media Release,
2021-01-19,2021-01-19,20485,17946,457,16329,2197,1959,0,14416,1870,1660,https://twitter.com/GautengHealth/status/1351875748588642304,
2021-01-20,2021-01-20,20756,18180,460,16520,2241,1995,0,14589,1905,1686,https://twitter.com/GautengHealth/status/1352203793535021058/,
2021-01-21,2021-01-21,20989,18445,471,16725,2250,2014,0,14806,1935,1704,https://twitter.com/GautengHealth/status/1352554346421121026/,
2021-01-22,2021-01-22,21152,18720,516,16859,2255,2038,0,14991,1964,1765,https://twitter.com/GautengHealth/status/1353017562792161281,
2021-01-23,2021-01-23,21325,19192,522,16992,2265,2068,0,15343,2021,1828,https://twitter.com/GautengHealth/status/1353334496922390536,
2021-01-24,2021-01-24,21408,19587,528,17049,2281,2078,0,15635,2076,1876,https://twitter.com/GautengHealth/status/1353656996478779393,
2021-01-25,2021-01-25,21453,19799,533,17088,2284,2081,0,15799,2100,1900,https://twitter.com/GautengHealth/status/1354010296390721536,
2021-01-26,2021-01-26,21517,20002,543,17131,2291,2095,0,15951,2121,1930,https://twitter.com/GautengHealth/status/1354463338831491073,
2021-01-27,2021-01-27,21665,20100,557,17253,2301,2111,0,16022,2140,1938,https://twitter.com/GautengHealth/status/1354758797382864897,
2021-01-28,2021-01-28,21759,20164,567,17332,2306,2121,0,16074,2145,1945,https://twitter.com/GautengHealth/status/1355169029493809152/,
2021-01-29,2021-01-29,21823,20341,568,17383,2312,2128,0,16219,2153,1969,GDOH Media Release 30 January,
2021-01-30,2021-01-30,21871,20476,578,17426,2315,2130,0,16331,2163,1982,https://twitter.com/GautengHealth/status/1356259319814238210/,
2021-01-31,2021-01-31,21954,20617,588,17487,2331,2136,0,16442,2175,2000,GDOH Media Release,
2021-02-01,2021-02-01,22020,20732,599,17538,2339,2143,0,16531,2187,2014,https://twitter.com/GautengHealth/status/1356672642401583106,
2021-02-02,2021-02-02,22061,20819,613,17576,2341,2144,0,16588,2193,2038,https://twitter.com/GautengHealth/status/1356966385990184965/,
2021-02-03,2021-02-03,22135,20861,617,17635,2347,2153,0,16626,2194,2041,https://twitter.com/GautengHealth/status/135735293500975513,
2021-02-04,2021-02-04,22210,20872,630,17702,2351,2157,0,16634,2196,2042,https://twitter.com/GautengHealth/status/1357639628765999104,
2021-02-05,2021-02-05,22338,21030,631,17807,2361,2170,0,16762,2205,2063,GDOH Media Release 6 February 2021,
2021-02-06,2021-02-06,22421,21128,638,17877,2370,2174,0,16845,2213,2070,GDOH Media Release 7 February 2021,
2021-02-07,2021-02-07,22487,21220,639,17930,2373,2184,0,16916,2224,2080,GDOH Media Release 8 February 2021,
2021-02-08,2021-02-08,22519,21296,640,17953,2376,2190,0,16972,2235,2089,https://twitter.com/GautengHealth/status/1358742885785550850/,
2021-02-09,2021-02-09,22556,21347,651,17987,2378,2191,0,17019,2240,2088,https://twitter.com/GautengHealth/status/1359106437679636481/,
2021-02-10,2021-02-10,22655,21402,652,18062,2389,2204,0,17055,2253,2094,https://twitter.com/GautengHealth/status/1359487783946117133,
2021-02-11,2021-02-11,22718,21426,653,18115,2394,2209,0,17076,2255,2095,https://twitter.com/GautengHealth/status/1359761941414227969,
2021-02-12,2021-02-12,22773,21540,654,18166,2394,2213,0,17173,2262,2105,https://twitter.com/GautengHealth/status/1360206635453599745/,
2021-02-13,2021-02-13,22847,21497,661,18231,2398,2218,0,17135,2261,2101,GDOH Media Release14 February 2021,
2021-02-14,2021-02-14,22899,21564,669,18277,2401,2221,0,17200,2260,2104,GDOH Media Release 15February 2021,
2021-02-15,2021-02-15,22941,21771,679,18315,2402,2224,0,17370,2276,2125,GDOH Media Release 16 February 2021,
2021-02-16,2021-02-16,22982,21818,692,18341,2409,2232,0,17410,2279,2129,GDOH Media Release17 February 2021,
2021-02-17,2021-02-17,23035,21856,696,18386,2413,2236,0,17441,2279,2136,GDOH Media Release 18 February 2021,
2021-02-18,2021-02-18,23081,21890,696,18425,2417,2239,0,17472,2280,2138,GDOH Media Release 19 February 2021,
2021-02-19,2021-02-19,23132,21975,702,18467,2420,2245,0,17544,2286,2145,GDOH Media Release 20 February 2021,
2021-02-20,2021-02-20,23183,22032,702,18511,2424,2248,0,17593,2289,2150,GDOH Media Release 21 February 2021,
2021-02-21,2021-02-21,23258,22113,702,18582,2428,2248,0,17664,2296,2153,GDOH Media Release 22 February 2021,
2021-02-22,2021-02-22,23277,22180,702,18602,2427,2248,0,17722,2296,2162,GDOH Media Release 23 February 2021,
2021-02-23,2021-02-23,23313,22234,702,18635,2428,2250,0,17769,2300,2165,GDOH Media Release 24 February 2021,
2021-02-24,2021-02-24,23351,22256,704,18669,2431,2251,0,17788,2301,2167,https://twitter.com/GautengHealth/status/1364880587241185282,
2021-02-25,2021-02-25,23397,22277,710,18702,2434,2261,0,17805,2302,2170,GDOH Media Release,
2021-02-26,2021-02-26,23455,22308,741,18755,2436,2264,0,17819,2310,2179,GDOH Media Release,
2021-02-27,2021-02-27,23455,22323,746,18755,2436,2264,0,17834,2311,2178,GDOH Media Release,Number of cases not updated.
2021-02-28,2021-02-28,23512,22389,751,18803,2440,2269,0,17889,2315,2185,GDOH Media Release,
2021-03-01,2021-03-01,23531,22449,756,18820,2440,2271,0,17945,2315,2189,GDOH Media Release,
2021-03-02,2021-03-02,23567,22503,762,18849,2442,2276,0,17995,2319,2189,GDOH Media Release,
2021-03-03,2021-03-03,23620,22572,771,18892,2447,2281,0,18057,2324,2191,GDOH Media Release,
2021-03-04,2021-03-04,23654,22579,775,18921,2449,2284,0,18054,2329,2196,GDOH Media Release,
2021-03-05,2021-03-05,23706,22590,778,18962,2455,2289,0,18063,2339,2188,GDOH Media Release,
2021-03-06,2021-03-06,23751,22572,781,18998,2459,2294,0,18061,2322,2189,GDOH Media Release,
2021-03-07,2021-03-07,23796,22618,781,19035,2461,2300,0,18095,2325,2198,GDOH Media Release,
2021-03-08,2021-03-08,23819,22677,781,19051,2466,2302,0,18149,2327,2201,GDOH Media Release,
2021-03-09,2021-03-09,23863,22708,783,19085,2472,2306,0,18175,2328,2205,GDOH Media Release,
2021-03-10,2021-03-10,23911,22737,787,19125,2479,2307,0,18200,2331,2206,GDOH Media Release,
2021-03-11,2021-03-11,23960,22778,789,19165,2484,2311,0,18237,2333,2208,GDOH Media Release,
2021-03-12,2021-03-12,23977,22839,790,19182,2484,2311,0,18285,2336,2218,GDOH Media Release,
2021-03-13,2021-03-13,24020,22880,793,19220,2489,2311,0,18320,2339,2221,GDOH Media Release,
2021-03-14,2021-03-14,24058,22922,793,19248,2495,2315,0,18352,2345,2225,GDOH Media Release,
2021-03-15,2021-03-15,24100,22965,793,19280,2501,2319,0,18388,2349,2228,GDOH Media Release,
2021-03-16,2021-03-16,24114,23016,796,19294,2501,2319,0,18425,2355,2236,GDOH Media Release,
2021-03-17,2021-03-17,24153,23040,798,19328,2504,2321,0,18444,2357,2239,GDOH Media Release,
2021-03-18,2021-03-18,24184,23059,799,19355,2505,2324,0,18454,2364,2241,GDOH Media Release,
2021-03-19,2021-03-19,24215,23132,801,19380,2508,2327,0,18515,2371,2246,GDOH Media Release,
2021-03-19,2021-03-19,24215,23132,801,19380,2508,2327,0,18515,2371,2246,GDOH Media Release,
2021-03-20,2021-03-20,24253,23173,803,19403,2515,2335,0,18549,2375,2249,GDOH Media Release,
2021-03-21,2021-03-21,24275,23204,805,19418,2519,2338,0,18575,2379,2250,GDOH Media Release,
2021-03-22,2021-03-22,24283,23254,805,19424,2520,2339,0,18612,2387,2255,GDOH Media Release,
2021-03-23,2021-03-23,24319,23285,805,19458,2521,2340,0,18638,2391,2256,GDOH Media Release,
2021-03-24,2021-03-24,24371,23304,805,19501,2525,2345,0,18654,2394,2256,GDOH Media Release,
2021-03-25,2021-03-25,24409,23316,805,19525,2531,2353,0,18664,2395,2257,GDOH Media Release,
2021-03-26,2021-03-26,24454,23354,812,19563,2532,2359,0,18699,2395,2260,GDOH Media Release,
2021-03-27,2021-03-27,24499,23391,812,19600,2534,2365,0,18732,2395,2264,GDOH Media Release,
2021-03-28,2021-03-28,24525,23427,812,19621,2535,2369,0,18762,2399,2266,GDOH Media Release,
2021-03-29,2021-03-29,24542,23476,812,19633,2536,2373,0,18802,2405,2269,GDOH Media Release,
2021-03-30,2021-03-30,24562,23502,812,19650,2539,2373,0,18821,2406,2275,GDOH Media Release,
2021-03-31,2021-03-31,24605,23515,812,19688,2541,2376,0,18831,2408,2276,GDOH Media Release,
2021-04-01,2021-04-01,24644,23528,814,19723,2541,2380,0,18846,2406,2276,GDOH Media Release,
2021-04-02,2021-04-02,24676,23543,816,19746,2544,2386,0,18856,2409,2278,GDOH Media Release,
2021-04-03,2021-04-03,24708,23611,816,19773,2548,2387,0,18906,2414,2291,GDOH Media Release,
2021-04-04,2021-04-04,24727,23661,816,19790,2549,2388,0,18947,2418,2296,GDOH Media Release,
2021-04-05,2021-04-05,24742,23693,816,19805,2549,2388,0,18972,2419,2302,GDOH Media Release,
2021-04-06,2021-04-06,24751,23712,816,19811,2550,2390,0,18986,2420,2306,GDOH Media Release,
2021-04-07,2021-04-07,24773,23719,829,19829,2552,2392,0,18991,2420,2308,GDOH Media Release,
2021-04-08,2021-04-08,24845,23739,829,19885,2557,2403,0,19010,2421,2308,GDOH Media Release,
2021-04-09,2021-04-09,24887,23780,832,19923,2559,2405,0,19043,2424,2313,GDOH Media Release,
2021-04-10,2021-04-10,24924,23814,834,19956,2560,2408,0,19074,2424,2316,GDOH Media Release,
2021-04-11,2021-04-11,24966,23844,834,19991,2563,2412,0,19099,2426,2319,GDOH Media Release,
2021-04-12,2021-04-12,24988,23884,834,20010,2565,2413,0,19131,2431,2322,GDOH Media Release,
2021-04-13,2021-04-13,25038,23896,834,20055,2566,2417,0,19143,2431,2322,GDOH Media Release,
2021-04-14,2021-04-14,25089,23905,844,,,2570,0,,2432,,GDOH Media Release,Dsts for Emfuleni and Mogale City incorrect
2021-04-15,2021-04-15,25140,23912,852,20138,2579,2423,0,19154,2434,2324,GDOH Media Release,
2021-04-16,2021-04-16,25202,23924,852,20190,2583,2429,0,19165,2434,2325,GDOH Media Release,
2021-04-17,2021-04-17,25260,23995,853,20239,2586,2435,0,19219,2439,2337,GDOH Media Release,
2021-04-18,2021-04-18,25320,24050,853,20295,2589,2436,0,19265,2444,2341,GDOH Media Release,
2021-04-19,2021-04-19,25367,24089,853,20336,2593,2438,0,19298,2445,2346,GDOH Media Release,
2021-04-20,2021-04-20,25422,24126,856,20386,2594,2442,0,19332,2448,2346,GDOH Media Release,
2021-04-21,2021-04-21,25489,24158,858,20446,2594,2449,0,19364,2447,2347,GDOH Media Release,
2021-04-22,2021-04-22,25586,24177,858,20536,2596,2454,0,19381,2449,2347,GDOH Media Release,
2021-04-23,2021-04-23,25632,24259,858,20576,2598,2458,0,19450,2455,2354,GDOH Media Release,
2021-04-24,2021-04-24,25693,24302,870,20625,2600,2468,0,19485,2462,2355,GDOH Media Release,
2021-04-25,2021-04-25,25743,24364,870,20670,2602,2471,0,19538,2466,2360,GDOH Media Release,
2021-04-26,2021-04-26,25802,24426,870,20726,2602,2474,0,19592,2467,2367,GDOH Media Release,
2021-04-27,2021-04-27,25843,24491,873,20762,2604,2477,0,19653,2469,2369,GDOH Media Release,
2021-04-28,2021-04-28,25894,24526,873,20804,2608,2482,0,19683,2472,2371,GDOH Media Release,
2021-04-29,2021-04-29,25947,24550,878,20847,2610,2490,0,19706,2473,2371,GDOH Media Release,
2021-04-30,2021-04-30,26060,24652,878,20944,2612,2504,0,19797,2474,2381,GDOH Media Release,
2021-05-01,2021-05-01,26149,24725,880,21021,2617,2511,0,19862,2475,2388,GDOH Media Release,
2021-05-02,2021-05-02,26204,24782,880,21067,2622,2515,0,19910,2476,2396,GDOH Media Release,
2021-05-03,2021-05-03,26292,24852,880,21146,2625,2521,0,19968,2481,2403,GDOH Media Release,
2021-05-04,2021-05-04,26347,24898,883,21192,2629,2526,0,20014,2479,2405,GDOH Media Release,
2021-05-05,2021-05-05,26453,24926,889,21279,2634,2540,0,20041,2479,2406,GDOH Media Release,
2021-05-06,2021-05-06,26580,24956,889,21394,2639,2547,0,20068,2482,2406,GDOH Media Release,
2021-05-07,2021-05-07,26661,25057,889,21463,2642,2556,0,20152,2487,2418,GDOH Media Release,
2021-05-08,2021-05-08,26783,25074,895,21567,2645,2571,0,20165,2488,2421,GDOH Media Release,
2021-05-09,2021-05-09,26889,25211,895,21651,2653,2585,0,20283,2491,2437,GDOH Media Release,
2021-05-10,2021-05-10,26958,25307,895,21706,2662,2590,0,20369,2492,2446,GDOH Media Release,
2021-05-11,2021-05-11,27036,25382,895,21762,2671,2603,0,20429,2500,2453,GDOH Media Release,
2021-05-12,2021-05-12,27168,25413,905,21871,2680,2617,0,20454,2505,2454,GDOH Media Release,
2021-05-13,2021-05-13,27330,25435,905,22000,2686,2644,0,20470,2506,2459,GDOH Media Release,
2021-05-14,2021-05-14,27479,25565,906,22125,2694,2660,0,20588,2509,2468,GDOH Media Release,
2021-05-15,2021-05-15,27593,25660,920,22221,2699,2673,0,20588,2515,2475,GDOH Media Release,
2021-05-16,2021-05-16,27714,25763,920,22317,2709,2688,0,20588,2518,2491,GDOH Media Release,
2021-05-17,2021-05-17,27824,25877,920,22401,2717,2706,0,20588,2521,2508,GDOH Media Release,
2021-05-18,2021-05-18,27943,26010,920,22496,2722,2725,0,20588,2536,2522,GDOH Media Release,
2021-05-19,2021-05-19,28055,26035,939,22582,2733,2740,0,20588,2539,2527,GDOH Media Release,
2021-05-20,2021-05-20,28212,26096,942,22716,2741,2755,0,20588,2543,2531,GDOH Media Release,
2021-05-21,2021-05-21,28368,26280,942,22831,2752,2785,0,21165,2557,2558,GDOH Media Release,
2021-05-22,2021-05-22,28550,26436,951,22956,2787,2807,0,21300,2564,2572,GDOH Media Release,
2021-05-23,2021-05-23,28662,26598,950,23039,2797,2826,0,21432,2569,2597,GDOH Media Release,
2021-05-24,2021-05-24,28849,26741,950,23201,2801,2847,0,21544,2582,2615,GDOH Media Release,
2021-05-25,2021-05-25,29018,26863,957,23340,2811,2867,0,21638,2592,2633,GDOH Media Release,
2021-05-26,2021-05-26,29185,26923,957,23475,2823,2887,0,21682,2596,2645,GDOH Media Release,
2021-05-27,2021-05-27,29366,26964,975,23618,2836,2912,0,21717,2598,2649,GDOH Media Release,
2021-05-28,2021-05-28,29553,27189,980,23753,2860,2940,0,21899,2612,2678,GDOH Media Release,
2021-05-29,2021-05-29,29749,27392,982,23913,2873,2963,0,22052,2640,2700,GDOH Media Release,
2021-05-30,2021-05-30,29918,27568,982,24048,2885,2985,0,22190,2659,2719,GDOH Media Release,
2021-05-31,2021-05-31,30063,27789,982,24164,2889,3010,0,22361,2668,2760,GDOH Media Release,
2021-06-01,2021-06-01,30229,27920,992,24292,2908,3029,0,22466,2675,2779,GDOH Media Release,
2021-06-02,2021-06-02,30432,27995,992,24442,2928,3062,0,22529,2681,2785,GDOH Media Release,
2021-06-03,2021-06-03,30637,28055,994,24580,2964,3093,0,22576,2685,2794,GDOH Media Release,
2021-06-04,2021-06-04,30775,28254,996,24684,2973,3118,0,22731,2701,2822,GDOH Media Release,
2021-06-05,2021-06-05,30978,28441,998,24847,2982,3149,0,22882,2719,2840,GDOH Media Release,
2021-06-06,2021-06-06,31177,28649,999,24989,3003,3185,0,23045,2738,2866,GDOH Media Release,
2021-06-07,2021-06-07,31290,28853,1000,25066,3012,3212,0,23199,2751,2903,GDOH Media Release,
2021-06-08,2021-06-08,31420,29033,1000,25171,3017,3232,0,23342,2764,2927,GDOH Media Release,
2021-06-09,2021-06-09,31686,29152,1007,25354,3045,3287,0,23426,2779,2947,GDOH Media Release,
2021-06-10,2021-06-10,31923,29211,1011,25520,3062,3341,0,23477,2785,2949,GDOH Media Release,
2021-06-11,2021-06-11,32163,29486,1011,25679,3080,3404,0,23670,2829,2987,GDOH Media Release,
2021-06-12,2021-06-12,32424,29650,1018,25865,3097,3462,0,23796,2842,3012,GDOH Media Release,
2021-06-13,2021-06-13,32653,29850,1025,26034,3115,3504,0,23939,2853,3058,GDOH Media Release,
2021-06-14,2021-06-14,32911,30038,1032,26240,3136,3535,0,24081,2870,3087,GDOH Media Release,
2021-06-15,2021-06-15,33149,30207,1032,26413,3161,3575,0,24203,2885,3119,GDOH Media Release,
2021-06-16,2021-06-16,33510,30278,1042,26649,3206,3655,0,24245,2890,3143,GDOH Media Release,
2021-06-17,2021-06-17,33811,30367,1042,26854,3240,3717,0,24312,2898,3157,GDOH Media Release,
2021-06-18,2021-06-18,34080,30673,1042,27064,3254,3762,0,24528,2922,3223,GDOH Media Release,
2021-06-19,2021-06-19,34485,30980,1042,27345,3317,3823,0,24744,2942,3294,GDOH Media Release,
2021-06-20,2021-06-20,34799,31232,1042,27537,3374,3888,0,24914,2966,3352,GDOH Media Release,
2021-06-21,2021-06-21,35123,31561,1042,27747,3434,3942,0,25163,2992,3406,GDOH Media Release,
2021-06-22,2021-06-22,35396,31781,1078,27960,3454,3982,0,25321,3010,3450,GDOH Media Release,
2021-06-23,2021-06-23,35928,31967,1078,28332,3512,4084,0,25454,3032,3481,GDOH Media Release,
2021-06-24,2021-06-24,36411,32075,1081,28677,3555,4179,0,25541,3043,3491,GDOH Media Release,
2021-06-25,2021-06-25,36891,32537,1082,28977,3654,4260,0,25858,3098,3581,GDOH Media Release,
2021-06-26,2021-06-26,37461,32898,1083,29351,3732,4378,0,26112,3141,3645,GDOH Media Release,
2021-06-27,2021-06-27,37794,33056,1084,29584,3789,4421,0,26243,3150,3663,GDOH Media Release,
2021-06-28,2021-06-28,38210,33588,1084,29875,3871,4464,0,26605,3228,3755,GDOH Media Release,
2021-06-29,2021-06-29,38702,34043,1110,30243,3929,4530,0,26914,3284,3845,GDOH Media Release,
2021-06-30,2021-06-30,39219,34254,1111,30579,4039,4601,0,27046,3323,3885,GDOH Media Release,
2021-07-01,2021-07-01,39882,34368,1130,31058,4118,4706,0,27129,3339,3900,GDOH Media Release,
2021-07-02,2021-07-02,40660,35044,1141,31591,4221,4848,0,27598,3431,4015,GDOH Media Release,
2021-07-03,2021-07-03,41475,35598,1141,32168,4327,4980,0,27968,3505,4125,GDOH Media Release,
2021-07-04,2021-07-04,42081,36134,1141,32623,4395,5063,0,28349,3570,4215,GDOH Media Release,
2021-07-05,2021-07-05,42406,36736,1141,32851,4429,5126,0,28752,3660,4324,GDOH Media Release,
2021-07-06,2021-07-06,42816,37228,1147,33166,4458,5192,0,29108,3734,4386,GDOH Media Release,
2021-07-07,2021-07-07,43474,37487,1147,33615,4579,5280,0,29286,3782,4419,GDOH Media Release,
2021-07-08,2021-07-08,44106,37605,1148,34057,4653,5396,0,29370,3806,4429,GDOH Media Release,
2021-07-09,2021-07-09,44637,38402,1157,34445,4694,5498,0,29940,3922,4540,GDOH Media Release,
2021-07-10,2021-07-10,45143,39108,1164,34760,4767,5616,0,30434,4023,4651,GDOH Media Release,
2021-07-11,2021-07-11,45586,39939,1164,35082,4807,5697,0,31028,4123,4788,GDOH Media Release,
2021-07-12,2021-07-12,45982,40652,1164,35335,4895,5752,0,31545,4198,4909,GDOH Media Release,
2021-07-13,2021-07-13,46526,41207,1164,35729,4960,5837,0,31938,4259,5010,GDOH Media Release,
2021-07-14,2021-07-14,47010,41456,1183,36070,5019,5921,0,32120,4276,5060,GDOH Media Release,
2021-07-15,2021-07-15,47358,41616,1197,36340,5052,5966,0,32239,4294,5083,GDOH Media Release,
2021-07-16,2021-07-16,47796,42487,1197,36679,5088,6029,0,32850,4415,5222,GDOH Media Release,
2021-07-17,2021-07-17,48222,43157,1197,37013,5116,6093,0,33309,4494,5354,GDOH Media Release,
2021-07-18,2021-07-18,48534,43817,1197,37262,5140,6132,0,33785,4561,5471,GDOH Media Release,
2021-07-19,2021-07-19,48762,44420,1197,37449,5153,6160,0,34193,4644,5583,GDOH Media Release,
2021-07-20,2021-07-20,48952,44933,1197,37580,5172,6200,0,34526,4729,5678,GDOH Media Release,
2021-07-21,2021-07-21,49372,45175,1217,37871,5253,6248,0,34691,4765,5719,GDOH Media Release,
2021-07-22,2021-07-22,49848,45343,1227,38239,5287,6322,0,34830,4769,5744,GDOH Media Release,
2021-07-23,2021-07-23,50312,45973,1238,38573,5336,6403,0,35314,4827,5832,GDOH Media Release,
2021-07-24,2021-07-24,50593,46358,1238,38763,5390,6440,0,35585,4877,5896,GDOH Media Release,
2021-07-25,2021-07-25,50787,46766,1238,38913,5413,6461,0,35901,4919,5946,GDOH Media Release,
2021-07-26,2021-07-26,50975,47129,1238,39055,5433,6487,0,36181,4946,6002,GDOH Media Release,
2021-07-27,2021-07-27,51191,47479,1238,39213,5464,6514,0,36454,4973,6052,GDOH Media Release,
2021-07-28,2021-07-28,51539,47647,1256,39450,5499,6590,0,36570,5003,6074,GDOH Media Release,
2021-07-29,2021-07-29,51891,47788,1261,39727,5520,6644,0,36659,5045,6084,GDOH Media Release,
2021-07-30,2021-07-30,52178,48327,1261,39927,5552,6699,0,37050,5101,6176,GDOH Media Release,
2021-07-31,2021-07-31,52406,48694,1285,40104,5569,6733,0,37326,5136,6232,GDOH Media Release,
2021-08-01,2021-08-01,52600,49073,1285,40254,5587,6759,0,37583,5195,6295,GDOH Media Release,
2021-08-02,2021-08-02,52680,49408,1285,40318,5594,6768,0,37831,5238,6339,GDOH Media Release,
2021-08-03,2021-08-03,52849,49649,1290,40455,5606,6788,0,38029,5250,6370,GDOH Media Release,
2021-08-04,2021-08-04,53099,49765,1306,40627,5635,6837,0,38108,5269,6388,GDOH Media Release,
2021-08-05,2021-08-05,53398,49852,1306,40857,5660,6881,0,38169,5289,6394,GDOH Media Release,
2021-08-06,2021-08-06,53671,50300,1320,41073,5670,6928,0,38496,5327,6477,GDOH Media Release,
2021-08-07,2021-08-07,53857,50600,1320,41202,5690,6965,0,38719,5348,6533,GDOH Media Release,
2021-08-08,2021-08-08,54012,50868,1321,41316,5709,6987,0,38918,5376,6574,GDOH Media Release,
2021-08-09,2021-08-09,54121,51162,1323,41393,5724,7004,0,39134,5401,6627,GDOH Media Release,
2021-08-10,2021-08-10,54197,51341,1323,41445,5738,7014,0,39265,5422,6654,GDOH Media Release,
2021-08-11,2021-08-11,54344,51439,1323,41543,5770,7031,0,39339,5432,6668,GDOH Media Release,
2021-08-12,2021-08-12,54565,51478,1340,41699,5791,7075,0,39375,5431,6672,GDOH Media Release,
2021-08-13,2021-08-13,54789,51817,1352,41876,5805,7108,0,39644,5463,6710,GDOH Media Release,
2021-08-14,2021-08-14,54978,52070,1357,42026,5821,7131,0,39841,5480,6749,GDOH Media Release,
2021-08-15,2021-08-15,55136,52300,1362,42143,5839,7154,0,40009,5499,6792,GDOH Media Release,
2021-08-16,2021-08-16,55248,52546,1362,42222,5846,7180,0,40178,5526,6842,GDOH Media Release,
2021-08-17,2021-08-17,55387,52706,1371,42326,5862,7199,0,40299,5536,6871,GDOH Media Release,
2021-08-18,2021-08-18,55555,52798,1371,42470,5870,7215,0,40364,5555,6879,GDOH Media Release,
2021-08-19,2021-08-19,55700,52849,1372,42577,5892,7231,0,40406,5562,6881,GDOH Media Release,
2021-08-20,2021-08-20,55933,52901,1379,42760,5921,7252,0,40444,5570,6887,GDOH Media Release,
2021-08-21,2021-08-21,56089,53214,1384,42883,5938,7268,0,40659,5611,6944,GDOH Media Release,
2021-08-22,2021-08-22,56220,53411,1389,42997,5945,7278,0,40817,5630,6964,GDOH Media Release,
2021-08-23,2021-08-23,56287,53651,1389,43051,5948,7288,0,41005,5643,7003,GDOH Media Release,
2021-08-24,2021-08-24,,,,,,,,,,,Results not released,
2021-08-25,2021-08-25,56572,53925,1392,43271,5968,7333,0,41200,5675,7050,GDOH Media Release,
2021-08-26,2021-08-26,56767,53973,1398,43423,5990,7354,0,41231,5681,7061,GDOH Media Release,
2021-08-27,2021-08-27,56874,54193,1399,43504,6005,7365,0,41399,5709,7085,GDOH Media Release,
2021-08-28,2021-08-28,57007,54392,1400,43618,6014,7375,0,41566,5719,7107,GDOH Media Release,
2021-08-29,2021-08-29,57076,54547,1401,43673,6021,7382,0,41693,5735,7119,GDOH Media Release,
2021-08-30,2021-08-30,57120,54733,1402,43707,6025,7388,0,41833,5759,7141,GDOH Media Release,
2021-08-31,2021-08-31,57184,54853,1402,43759,6033,7392,0,41936,5765,7152,GDOH Media Release,
2021-09-01,2021-09-01,57257,54915,1415,43825,6034,7398,0,41979,5771,7165,GDOH Media Release,
2021-09-02,2021-09-02,57360,54971,1420,43906,6044,7410,0,42025,5776,7170,GDOH Media Release,
2021-09-03,2021-09-03,57481,55209,1420,44012,6053,7416,0,42209,5798,7202,GDOH Media Release,
2021-09-04,2021-09-04,57538,55366,1420,44053,6063,7422,0,42337,5812,7217,GDOH Media Release,
2021-09-05,2021-09-05,57601,55488,1420,44098,6072,7431,0,42437,5823,7228,GDOH Media Release,
2021-09-06,2021-09-06,57624,55598,1420,44119,6072,7433,0,42525,5830,7243,GDOH Media Release,
2021-09-07,2021-09-07,57680,55686,1425,44162,6079,7439,0,42598,5841,7247,GDOH Media Release,
2021-09-08,2021-09-08,57751,55722,1438,44222,6085,7444,0,42626,5848,7248,GDOH Media Release,
2021-09-09,2021-09-09,57803,55753,1438,44258,6096,7449,0,42649,5851,7253,GDOH Media Release,
2021-09-10,2021-09-10,57896,55840,1455,44331,6110,7455,0,42721,5857,7262,GDOH Media Release,
2021-09-11,2021-09-11,57945,55958,1456,44364,6121,7460,0,42824,5863,7271,GDOH Media Release,
2021-09-12,2021-09-12,57985,56022,1456,44399,6125,7461,0,42879,5869,7274,GDOH Media Release,
2021-09-13,2021-09-13,58005,56093,1457,44413,6129,7463,0,42936,5877,7280,GDOH Media Release,
2021-09-14,2021-09-14,58054,56161,1459,44446,6140,7468,0,42983,5889,7289,GDOH Media Release,
2021-09-15,2021-09-15,58098,56188,1461,44481,6142,7475,0,43006,5892,7290,GDOH Media Release,
2021-09-16,2021-09-16,58151,56217,1464,44523,6148,7480,0,43033,5891,7293,GDOH Media Release,
2021-09-17,2021-09-17,58197,56291,1466,44556,6153,7488,0,43087,5901,7303,GDOH Media Release,
2021-09-18,2021-09-18,58220,56373,1466,44570,6155,7495,0,43152,5914,7307,GDOH Media Release,
2021-09-19,2021-09-19,58247,56429,1466,44593,6159,7495,0,43192,5924,7313,GDOH Media Release,
2021-09-20,2021-09-20,58257,56486,1466,44602,6159,7496,0,43238,5931,7317,GDOH Media Release,
2021-09-21,2021-09-21,58281,56526,1468,44622,6160,7499,0,43267,5940,7319,GDOH Media Release,
2021-09-22,2021-09-22,58314,56547,1478,44646,6166,7502,0,43282,5946,7319,GDOH Media Release,
2021-09-23,2021-09-23,58347,56561,1478,44670,6173,7504,0,43292,5948,7321,GDOH Media Release,
2021-09-24,2021-09-24,58368,56627,1479,44688,6175,7505,0,43338,5956,7333,GDOH Media Release,
2021-09-25,2021-09-25,58383,56677,1479,44700,6177,7506,0,43378,5961,7338,GDOH Media Release,
2021-09-26,2021-09-26,58385,56714,1479,44700,6179,7506,0,43406,5965,7343,GDOH Media Release,
2021-09-27,2021-09-27,58394,56740,1479,44708,6180,7506,0,43422,5967,7351,GDOH Media Release,
2021-09-28,2021-09-28,58411,56774,1480,44720,6182,7509,0,43451,5969,7354,GDOH Media Release,
2021-09-29,2021-09-29,58424,56786,1482,44732,6182,7510,0,43461,5971,7354,GDOH Media Release,
2021-09-30,2021-09-30,58440,56791,1483,44742,6186,7512,0,43466,5971,7354,GDOH Media Release,
2021-10-01,2021-10-01,58454,56834,1483,44753,6186,7515,0,43498,5978,7358,GDOH Media Release,
2021-10-02,2021-10-02,58477,56861,1483,44771,6189,7517,0,43519,5983,7359,GDOH Media Release,
2021-10-03,2021-10-03,58486,56881,1483,44778,6189,7519,0,43534,5987,7360,GDOH Media Release,
2021-10-04,2021-10-04,58494,56900,1483,44783,6189,7522,0,43549,5989,7362,GDOH Media Release,
2021-10-05,2021-10-05,58507,56909,1483,44792,6191,7524,0,43557,5990,7362,GDOH Media Release,
2021-10-06,2021-10-06,58512,56920,1483,44797,6191,7524,0,43565,5993,7362,GDOH Media Release,
2021-10-07,2021-10-07,,,,,,,,,,,GDOH Ceased publishing,
2021-10-08,2021-10-08,,,,,,,,,,,,
2021-10-09,2021-10-09,,,,,,,,,,,,
2021-10-10,2021-10-10,,,,,,,,,,,,
2021-10-11,2021-10-11,,,,,,,,,,,,
2021-10-12,2021-10-12,,,,,,,,,,,,
2021-10-13,2021-10-13,,,,,,,,,,,,
2021-10-14,2021-10-14,58576,57022,1485,,,,,,,,,
2021-10-15,2021-10-15,,,,,,,,,,,,
2021-10-16,2021-10-16,,,,,,,,,,,,
2021-10-17,2021-10-17,,,,,,,,,,,,
2021-10-18,2021-10-18,,,,,,,,,,,,
2021-10-19,2021-10-19,,,,,,,,,,,,
2021-10-20,2021-10-20,,,,,,,,,,,,
2021-10-21,2021-10-21,58611,57022,1542,,,,,,,,,
2021-10-22,2021-10-22,,,,,,,,,,,,
2021-10-23,2021-10-23,,,,,,,,,,,,
2021-10-24,2021-10-24,,,,,,,,,,,,
2021-10-25,2021-10-25,,,,,,,,,,,,
2021-10-26,2021-10-26,,,,,,,,,,,,
2021-10-27,2021-10-27,,,,,,,,,,,,
2021-10-28,2021-10-28,58639,57055,1549,,,,,,,,,
2021-10-29,2021-10-29,,,,,,,,,,,,
2021-10-30,2021-10-30,,,,,,,,,,,,
2021-10-31,2021-10-31,,,,,,,,,,,,
2021-11-01,2021-11-01,,,,,,,,,,,,
2021-11-02,2021-11-02,,,,,,,,,,,,
2021-11-03,2021-11-03,,,,,,,,,,,,
2021-11-04,2021-11-04,58657,57081,1549,,,,,,,,,
2021-11-05,2021-11-05,,,,,,,,,,,,
2021-11-06,2021-11-06,,,,,,,,,,,,
2021-11-07,2021-11-07,,,,,,,,,,,,
2021-11-08,2021-11-08,,,,,,,,,,,,
2021-11-09,2021-11-09,,,,,,,,,,,,
2021-11-10,2021-11-10,58676,57109,1549,,,,,,,,,
2021-11-11,2021-11-11,,,,,,,,,,,,
2021-11-12,2021-11-12,,,,,,,,,,,,
2021-11-13,2021-11-13,,,,,,,,,,,,
2021-11-14,2021-11-14,,,,,,,,,,,,
2021-11-15,2021-11-15,,,,,,,,,,,,
2021-11-16,2021-11-16,,,,,,,,,,,,
2021-11-17,2021-11-17,58695,57120,1549,,,,,,,,,
2021-11-18,2021-11-18,,,,,,,,,,,,
2021-11-19,2021-11-19,,,,,,,,,,,,
2021-11-20,2021-11-20,,,,,,,,,,,,
2021-11-21,2021-11-21,,,,,,,,,,,,
2021-11-22,2021-11-22,,,,,,,,,,,,
2021-11-23,2021-11-23,,,,,,,,,,,,
2021-11-24,2021-11-24,58879,57205,1549,,,,,,,,,
2021-11-25,2021-11-25,,,,,,,,,,,,
2021-11-26,2021-11-26,,,,,,,,,,,,
2021-11-27,2021-11-27,,,,,,,,,,,,
2021-11-28,2021-11-28,,,,,,,,,,,,
2021-11-29,2021-11-29,59049,57240,1549,,,,,,,,,
2021-11-30,2021-11-30,59112,57250,1549,,,,,,,,,
2021-12-01,2021-12-01,59278,57258,1549,,,,,,,,,
2021-12-02,2021-12-02,59492,57268,1549,,,,,,,,,
2021-12-03,2021-12-03,59840,57290,1549,,,,,,,,,
2021-12-04,2021-12-04,60242,57336,1549,,,,,,,,,
2021-12-05,2021-12-05,60583,57393,1549,,,,,,,,,
2021-12-06,2021-12-06,60715,57430,1549,,,,,,,,,
2021-12-07,2021-12-07,61055,57477,1549,,,,,,,,,
2021-12-08,2021-12-08,61500,57505,1549,,,,,,,,,
2021-12-09,2021-12-09,62163,57550,1549,,,,,,,,,
2021-12-10,2021-12-10,62660,57753,1549,,,,,,,,,
2021-12-11,2021-12-11,63035,58016,1550,,,,,,,,,
2021-12-12,2021-12-12,63660,58400,1550,,,,,,,,,
2021-12-13,2021-12-13,63887,58849,1550,,,,,,,,,
2021-12-14,2021-12-14,64340,59283,1550,,,,,,,,,
2021-12-15,2021-12-15,64832,59475,1553,,,,,,,,,
2021-12-16,2021-12-16,65167,59587,1553,,,,,,,,,
2021-12-17,2021-12-17,65456,60232,1553,,,,,,,,,
2021-12-18,2021-12-18,65703,60874,1553,,,,,,,,,
2021-12-19,2021-12-19,65878,61540,1553,,,,,,,,,
2021-12-20,2021-12-20,65987,62044,1553,,,,,,,,,
2021-12-21,2021-12-21,65878,61540,1553,,,,,,,,,
2021-12-22,2021-12-22,66367,62667,1579,,,,,,,,,
2021-12-23,2021-12-23,66579,62769,1579,,,,,,,,,
2021-12-24,2021-12-24,66773,63225,1579,,,,,,,,,
2021-12-25,2021-12-25,66882,63632,1579,,,,,,,,,
2021-12-26,2021-12-26,66916,63997,1579,,,,,,,,,
2021-12-27,2021-12-27,66960,64061,1579,,,,,,,,,
2021-12-28,2021-12-28,67036,64329,1579,,,,,,,,,
2021-12-29,2021-12-29,67114,64449,1580,,,,,,,,,
2021-12-30,2021-12-30,67206,64513,1583,,,,,,,,,
2021-12-31,2021-12-31,67290,64782,1585,,,,,,,,,
2022-01-01,2022-01-01,67355,65031,1585,,,,,,,,,
2022-01-02,2022-01-02,67417,65198,1585,,,,,,,,,
2022-01-03,2022-01-03,67453,65319,1585,,,,,,,,,
2022-01-04,2022-01-04,67504,65405,1589,,,,,,,,,
2022-01-05,2022-01-05,67626,65446,1589,,,,,,,,,
2022-01-06,2022-01-06,67683,65489,1593,,,,,,,,,
2022-01-07,2022-01-07,67746,65538,1593,,,,,,,,,
2022-01-08,2022-01-08,67778,65652,1594,,,,,,,,,
2022-01-09,2022-01-09,67800,65736,1594,,,,,,,,,
2022-01-10,2022-01-10,67838,65807,1594,,,,,,,,,
2022-01-11,2022-01-11,67887,65853,1595,,,,,,,,,
2022-01-12,2022-01-12,67920,65874,1595,,,,,,,,,
2022-01-13,2022-01-13,67955,65907,1595,,,,,,,,,
2022-01-14,2022-01-14,68006,66033,1595,,,,,,,,,
2022-01-15,2022-01-15,68048,66076,1598,,,,,,,,,
2022-01-16,2022-01-16,68066,66137,1598,,,,,,,,,
2022-01-17,2022-01-17,68085,66184,1598,,,,,,,,,
2022-01-18,2022-01-18,68083,66183,1598,,,,,,,,,
2022-01-19,2022-01-19,68122,66212,1600,,,,,,,,,
2022-01-20,2022-01-20,68161,66235,1602,,,,,,,,,
2022-01-21,2022-01-21,68203,66287,1604,,,,,,,,,
2022-01-22,2022-01-22,68229,66327,1605,,,,,,,,,
2022-01-23,2022-01-23,68244,66363,1606,,,,,,,,,
2022-01-24,2022-01-24,68262,66408,1606,,,,,,,,,
2022-01-25,2022-01-25,68315,66422,1606,,,,,,,,,
2022-01-26,2022-01-26,68360,66430,1607,,,,,,,,,
2022-01-27,2022-01-27,68408,66448,1607,,,,,,,,,
2022-01-28,2022-01-28,68452,66498,1607,,,,,,,,,
2022-01-29,2022-01-29,68506,66533,1607,,,,,,,,,
2022-01-30,2022-01-30,68538,66571,1607,,,,,,,,,
2022-01-31,2022-01-31,68556,66597,1607,,,,,,,,,
2022-02-01,2022-02-01,68614,66622,1610,,,,,,,,,
2022-02-02,2022-02-02,68711,66643,1610,,,,,,,,,
2022-02-03,2022-02-03,68754,66653,1612,,,,,,,,,
2022-02-04,2022-02-04,68819,66732,1612,,,,,,,,,
2022-02-05,2022-02-05,68867,66780,1613,,,,,,,,,
2022-02-06,2022-02-06,68886,66838,1613,,,,,,,,,
2022-02-07,2022-02-07,68901,66881,1613,,,,,,,,,
2022-02-08,2022-02-08,68945,66924,1614,,,,,,,,,
2022-02-09,2022-02-09,68999,66946,1615,,,,,,,,,
2022-02-10,2022-02-10,69043,66959,1615,,,,,,,,,
2022-02-11,2022-02-11,69101,67068,1616,,,,,,,,,
2022-02-12,2022-02-12,69150,67130,1616,,,,,,,,,
2022-02-13,2022-02-13,69175,67184,1616,,,,,,,,,
2022-02-14,2022-02-14,69190,67245,1616,,,,,,,,,
2022-02-15,2022-02-15,69243,67285,1616,,,,,,,,,
2022-02-16,2022-02-16,,,,,,,,,,,,
2022-02-17,2022-02-17,69329,67309,1616,,,,,,,,,
2022-02-18,2022-02-18,69374,67377,1616,,,,,,,,,
2022-02-19,2022-02-19,69401,67437,1616,,,,,,,,,
2022-02-20,2022-02-20,69420,67477,1616,,,,,,,,,
2022-02-21,2022-02-21,69441,67531,1616,,,,,,,,,
2022-02-22,2022-02-22,69488,67558,1616,,,,,,,,,
2022-02-23,2022-02-23,69533,67579,1616,,,,,,,,,
2022-02-24,2022-02-24,69568,,1616,,,,,,,,,
2022-02-25,2022-02-25,69612,,1616,,,,,,,,,
2022-02-26,2022-02-26,69640,,1616,,,,,,,,,
2022-02-27,2022-02-27,69668,,1616,,,,,,,,,
2022-02-28,2022-02-28,69685,,1616,,,,,,,,,
2022-03-01,2022-03-01,69724,,1616,,,,,,,,,
2022-03-02,2022-03-02,69761,,1618,,,,,,,,,
2022-03-03,2022-03-03,69795,,1618,,,,,,,,,
2022-03-04,2022-03-04,69842,,1618,,,,,,,,,
2022-03-05,2022-03-05,69883,,1618,,,,,,,,,
2022-03-06,2022-03-06,69902,,1618,,,,,,,,,
2022-03-07,2022-03-07,69913,,1618,,,,,,,,,
2022-03-08,2022-03-08,69944,,1618,,,,,,,,,
2022-03-09,2022-03-09,70023,,1618,,,,,,,,,
2022-03-10,2022-03-10,70073,,1618,,,,,,,,,
2022-03-11,2022-03-11,70087,,1618,,,,,,,,,
2022-03-12,2022-03-12,70104,,1618,,,,,,,,,
2022-03-13,2022-03-13,,,,,,,,,,,,
2022-03-14,2022-03-14,,,,,,,,,,,,
2022-03-15,2022-03-15,,,,,,,,,,,,
2022-03-16,2022-03-16,,,,,,,,,,,,
2022-03-17,2022-03-17,70191,,1618,,,,,,,,,
2022-03-18,2022-03-18,,,,,,,,,,,,
2022-03-19,2022-03-19,,,,,,,,,,,,
2022-03-20,2022-03-20,,,,,,,,,,,,
2022-03-21,2022-03-21,70265,,1618,,,,,,,,,
2022-03-22,2022-03-22,70278,,1618,,,,,,,,,
2022-03-23,2022-03-23,,,,,,,,,,,,
2022-03-24,2022-03-24,70349,,1618,,,,,,,,,
2022-03-25,2022-03-25,,,,,,,,,,,,
2022-03-26,2022-03-26,,,,,,,,,,,,
2022-03-27,2022-03-27,70437,,1618,,,,,,,,,
2022-03-28,2022-03-28,,,,,,,,,,,,
2022-03-29,2022-03-29,,,,,,,,,,,,
2022-03-30,2022-03-30,70494,,1618,,,,,,,,,
2022-03-31,2022-03-31,,,,,,,,,,,,
2022-04-01,2022-04-01,,,,,,,,,,,,
2022-04-02,2022-04-02,,,,,,,,,,,,
