PROVINCE,CAT2,CAT_B,MUNICNAME,NAMECODE,DISTRICT,DISTRICT_N,Dember_2021,July_2021,Jan_2021,August_2021,July_2020
EC,Local Municipality,EC101,Dr Beyers Naude,Dr Beyers Naude (EC101),DC10,Sarah Baartman,,,,,
EC,Local Municipality,EC157,King Sabata Dalindyebo,King Sabata Dalindyebo (EC157),DC15,O.R.Tambo,,,,,
FS,Local Municipality,FS205,Mafube,Mafube (FS205),DC20,Fezile Dabi,681,348,466,478,3159
FS,Local Municipality,FS185,Nala,Nala (FS185),DC18,Lejweleputswa,1979,729,1264,1261,5507
FS,Metropolitan Municipality,MAN,Mangaung,Mangaung (MAN),MAN,Mangaung,1785,857,1434,1513,7755
FS,Local Municipality,FS196,Mantsopa,Mantsopa (FS196),DC19,Thabo Mofutsanyane,1568,1173,1050,1464,3142
GT,Local Municipality,GT484,Merafong City,Merafong City (GT484),DC48,West Rand,7653,10683,4846,1711,8734
GT,Metropolitan Municipality,TSH,City of Tshwane,City of Tshwane (TSH),TSH,City of Tshwane,56492,60394,33230,13772,28439
KZN,Local Municipality,KZN252,Newcastle,Newcastle (KZN252),DC25,Amajuba,,4375,3241,2669,3756
KZN,Metropolitan Municipality,ETH,eThekwini,eThekwini (ETH),ETH,eThekwini,,12050,51204,38669,31175
KZN,Local Municipality,KZN436,Dr Nkosazana Dlamini Zuma,Dr Nkosazana Dlamini Zuma (KZN436),DC43,Harry Gwala,,317,3230,2190,1454
KZN,Local Municipality,KZN294,Maphumulo,Maphumulo (KZN294),DC29,iLembe,,1240,8356,4462,2383
KZN,Local Municipality,KZN285,Mthonjaneni,Mthonjaneni (KZN285),DC28,King Cetshwayo,,1906,12856,7398,6502
KZN,Local Municipality,KZN212,Umdoni,Umdoni (KZN212),DC21,Ugu,,5097,6614,2935,2721
KZN,Local Municipality,KZN227,Richmond,Richmond (KZN227),DC22,Umgungundlovu,,5777,11480,13457,9307
LIM,Local Municipality,LIM331,Greater Giyani,Greater Giyani (LIM331),DC33,Mopani,,,,,271
LIM,Local Municipality,LIM341,Musina,Musina (LIM341),DC34,Vhembe,,,,,311
LIM,Local Municipality,LIM355,Lepele-Nkumpi,Lepele-Nkumpi (LIM355),DC35,Capricorn,,,,,793
MP,Local Municipality,MP325,Bushbuckridge,Bushbuckridge (MP325),DC32,Ehlanzeni,8602,11713,13461,9249,2734
MP,Local Municipality,MP301,Chief Albert Luthuli,Chief Albert Luthuli (MP301),DC30,Gert Sibande,6147,6005,6326,5825,4507
MP,Local Municipality,MP316,Dr JS Moroka,Dr JS Moroka (MP316),DC31,Nkangala,9412,11969,7933,6164,5506
NW,Local Municipality,NW371,Moretele,Moretele (NW371),DC37,Bojanala,,,8559,,8496
NW,Local Municipality,NW403,City of Matlosana,City of Matlosana (NW403),DC40,Dr Kenneth Kaunda,,,3363,,3897
NW,Local Municipality,NW392,Naledi,Naledi (NW392),DC39,Dr Ruth Segomotsi Mompati,,,1068,,658
NW,Local Municipality,NW381,Ratlou,Ratlou (NW381),DC38,Ngaka Modiri Molema,,,5140,,1970
NC,Local Municipality,NC091,Sol Plaatje,Sol Plaatje (NC091),DC9,Frances Baard,,,,,1734
NC,Local Municipality,NC453,Gamagara,Gamagara (NC453),DC45,John Taolo Gaetsewe,,,,,851
NC,Local Municipality,NC061,Richtersveld,Richtersveld (NC061),DC6,Namakwa,,,,,109
NC,Local Municipality,NC071,Ubuntu,Ubuntu (NC071),DC7,Pixley ka Seme,,,,,1295
WC,Metropolitan Municipality,CPT,City of Cape Town,City of Cape Town (CPT),CPT,City of Cape Town,7447,36459,,18014,
WC,Local Municipality,WC045,Oudtshoorn,Oudtshoorn (WC045),DC4,Garden Route,,2072,5021,,4632
WC,Local Municipality,WC052,Prince Albert,Prince Albert (WC052),DC5,Central Karoo,,61,472,,245
NC,Local Municipality,NC082,Kai !Garib,Kai !Garib (NC082),DC8,Z F Mgcawu,,,,,272
KZN,Local Municipality,KZN276,Big Five Hlabisa,Big Five Hlabisa (KZN276),DC27,Umkhanyakude,,965,5896,4746,996
EC,Local Municipality,EC442,Umzimvubu,Umzimvubu (EC442),DC44,Alfred Nzo,,,,,
EC,Local Municipality,EC124,Amahlathi,Amahlathi (EC124),DC12,Amathole,,,,,
KZN,Local Municipality,KZN245,Umvoti,Umvoti (KZN245),DC24,Umzinyathi,,2108,3378,3070,1508
KZN,Local Municipality,KZN235,Okhahlamba,Okhahlamba (KZN235),DC23,Uthukela,,4272,5668,4077,2901
KZN,Local Municipality,KZN261,eDumbe,eDumbe (KZN261),DC26,Zululand,,1905,6075,5091,2602
EC,Metropolitan Municipality,NMA,Nelson Mandela Bay,Nelson Mandela Bay (NMA),NMA,Nelson Mandela Bay,,,,,
EC,Metropolitan Municipality,BUF,Buffalo City,Buffalo City (BUF),BUF,Buffalo City,,,,,
EC,Local Municipality,EC138,Sakhisizwe,Sakhisizwe (EC138),DC13,Chris Hani,,,,,
WC,Local Municipality,WC015,Swartland,Swartland (WC015),DC1,West Coast,,804,4677,,1511
WC,Local Municipality,WC031,Theewaterskloof,Theewaterskloof (WC031),DC3,Overberg,,609,3862,,1600
WC,Local Municipality,WC022,Witzenberg,Witzenberg (WC022),DC2,Cape Winelands,,1417,8510,,3807
LIM,Local Municipality,LIM361,Thabazimbi,Thabazimbi (LIM361),DC36,Waterberg,,,,,845
LIM,Local Municipality,LIM473,Makhuduthamaga,Makhuduthamaga (LIM473),DC47,Sekhukhune,,,,,421
FS,Local Municipality,FS163,Mohokare,Mohokare (FS163),DC16,Xhariep,4638,1185,794,2124,565
EC,Local Municipality,EC145,Walter Sisulu,Walter Sisulu (EC145),DC14,Joe Gqabi,,,,,
GT,Local Municipality,GT421,Emfuleni,Emfuleni (GT421),DC42,Sedibeng,8396,9156,5097,4778,9691
GT,Metropolitan Municipality,JHB,City of Johannesburg,City of Johannesburg (JHB),JHB,City of Johannesburg,80776,84816,35617,721882,152277
GT,Metropolitan Municipality,EKU,Ekurhuleni,Ekurhuleni (EKU),EKU,Ekurhuleni,35766,41084,21420,9120,29989
