﻿ProvinceCode,PCODE,DistrictCode,DistrictName,Type,ZaCODE,LocalMunCode,LocalMun,LType,p0_04,p05_09,p10_14,p15_19,p20_24,p25_29,p30_34,p35_39,p40_44,p45_49,p50_54,p55_59,p60_64,p65_69,p70_74,p75_79,p80_84,p85plus,p_Total
EC,ZA292,BUF,Buffalo City,Metropolitan Municipality,ZA2920,BUF,Buffalo City,Metropolitan Municipality,90056,92348,81133,67064,73294,79310,68566,57182,49649,45134,37987,34006,25139,12982,9710,6378,2745,2314,834997
WC,ZA191,CPT,City of Cape Town,Metropolitan Municipality,ZA1910,CPT,City of Cape Town,Metropolitan Municipality,368419,350146,323694,293892,357964,354791,325313,330869,298640,245990,207264,169488,128573,101148,67268,46698,21393,13465,4005016
EC,ZA210,DC10,Cacadu,District Municipality,ZA2101,EC101,Dr Beyers Naude,Local Municipality,8507,8427,10068,8100,6677,6515,6022,5191,4683,3647,3779,3099,2517,2001,1381,871,358,354,82197
EC,ZA210,DC10,Cacadu,District Municipality,ZA2102,EC102,Blue Crane Route,Local Municipality,3925,4500,3400,3224,2674,2677,2517,2169,2099,1724,1794,1592,1421,861,826,479,114,68,36063
EC,ZA210,DC10,Cacadu,District Municipality,ZA2104,EC104,Makana,Local Municipality,7183,8290,6551,7405,9069,8999,6819,4437,4197,4268,3643,3501,3144,1914,1038,871,465,268,82060
EC,ZA210,DC10,Cacadu,District Municipality,ZA2105,EC105,Ndlambe,Local Municipality,5896,6032,5769,4612,5486,4981,5114,4421,3896,3430,2751,2875,2215,1954,1542,1050,525,633,63180
EC,ZA210,DC10,Cacadu,District Municipality,ZA2106,EC106,Sundays River Valley,Local Municipality,5001,5923,6495,6162,5095,5784,5013,4422,3721,3500,2191,2342,1556,1178,469,474,340,127,59793
EC,ZA210,DC10,Cacadu,District Municipality,ZA2108,EC108,Kouga,Local Municipality,11857,11301,10802,10074,9841,9998,9190,6581,6161,6488,4897,4320,3160,2896,2350,1901,695,430,112941
EC,ZA210,DC10,Cacadu,District Municipality,ZA2109,EC109,Kou-Kamma,Local Municipality,5125,4607,4683,3464,3216,4024,4232,2886,2692,2247,1835,1484,1437,806,553,177,137,83,43688
EC,ZA212,DC12,Amathole,District Municipality,ZA2121,EC121,Mbhashe,Local Municipality,33511,33682,32151,46012,31914,23758,18031,8221,7585,6879,7022,7923,6152,5125,4045,2437,1500,1300,277250
EC,ZA212,DC12,Amathole,District Municipality,ZA2122,EC122,Mnquma,Local Municipality,26611,28822,26136,35857,27446,23989,16936,8054,7805,7463,7359,8255,7470,5305,3951,2535,1437,1382,246813
EC,ZA212,DC12,Amathole,District Municipality,ZA2123,EC123,Great Kei,Local Municipality,3095,3243,2336,3508,3296,3454,3378,1646,1188,1395,1007,1129,1047,675,616,333,179,166,31692
EC,ZA212,DC12,Amathole,District Municipality,ZA2124,EC124,Amahlathi,Local Municipality,10077,12422,9551,11355,11104,9980,9158,3612,3670,4136,4222,4147,3073,1904,1360,1061,440,553,101826
EC,ZA212,DC12,Amathole,District Municipality,ZA2126,EC126,Ngqushwa,Local Municipality,6616,7474,5744,6915,6150,5587,4804,2466,2769,2430,2558,2746,2277,1816,1349,908,529,555,63694
EC,ZA212,DC12,Amathole,District Municipality,ZA2129,EC129,Raymond Mhlaba,Local Municipality,14410,17229,14874,19427,17013,17422,14804,6302,6653,5976,5823,5665,5046,2963,2719,1482,728,979,159515
EC,ZA213,DC13,Chris Hani,District Municipality,ZA2131,EC131,Inxuba Yethemba,Local Municipality,8000,8661,7646,7271,7190,7205,5852,3398,2656,2819,2625,2066,1974,1437,884,438,205,165,70493
EC,ZA213,DC13,Chris Hani,District Municipality,ZA2135,EC135,Intsika Yethu,Local Municipality,18412,21794,21006,17820,12410,12058,10056,3975,4388,4479,4353,5017,5075,4457,2739,1989,1152,979,152159
EC,ZA213,DC13,Chris Hani,District Municipality,ZA2136,EC136,Emalahleni,Local Municipality,15828,17970,16197,15184,11330,9062,7808,3776,3455,3591,3281,3967,3906,3113,2443,1937,827,860,124532
EC,ZA213,DC13,Chris Hani,District Municipality,ZA2137,EC137,Engcobo,Local Municipality,24220,24034,23370,17963,15674,12671,10172,4407,4484,3954,3865,4460,3914,3053,2498,1591,852,832,162014
EC,ZA213,DC13,Chris Hani,District Municipality,ZA2138,EC138,Sakhisizwe,Local Municipality,9023,7926,7742,7898,6579,5476,4754,2249,2036,1791,1774,1804,1503,1028,842,756,376,291,63846
EC,ZA213,DC13,Chris Hani,District Municipality,ZA2139,EC139,Enoch Mgijima,Local Municipality,30695,34056,30533,30295,27154,26236,22371,10351,10049,8693,8156,8067,6918,4879,3817,2419,1190,1132,267011
EC,ZA214,DC14,Joe Gqabi,District Municipality,ZA2141,EC141,Elundini,Local Municipality,17250,18355,18677,20145,14797,12488,10282,4863,4507,3818,3994,3920,3703,3048,2173,1281,875,752,144929
EC,ZA214,DC14,Joe Gqabi,District Municipality,ZA2142,EC142,Senqu,Local Municipality,17152,18299,16429,18180,14532,13559,10512,5746,4316,3748,3550,3720,3779,2713,1972,1051,768,694,140720
EC,ZA214,DC14,Joe Gqabi,District Municipality,ZA2145,EC145,Walter Sisulu,Local Municipality,10027,10806,10180,9430,9194,8425,8825,3669,3433,2987,2702,2308,2057,1550,720,599,192,160,87263
EC,ZA215,DC15,O.R.Tambo,District Municipality,ZA2153,EC153,Ngquza Hill,Local Municipality,44321,43294,42247,41519,32613,25544,18614,10295,7696,6884,6077,6230,4666,4333,3769,2481,1575,1219,303379
EC,ZA215,DC15,O.R.Tambo,District Municipality,ZA2154,EC154,Port St Johns,Local Municipality,24290,23244,23716,22923,19269,13274,8961,5116,4115,3818,3780,3424,3065,2773,1615,1649,786,964,166779
EC,ZA215,DC15,O.R.Tambo,District Municipality,ZA2155,EC155,Nyandeni,Local Municipality,42010,42581,41566,42126,34593,26229,19508,9935,9117,8076,6628,7054,6509,4783,3503,2773,1318,1394,309702
EC,ZA215,DC15,O.R.Tambo,District Municipality,ZA2156,EC156,Mhlontlo,Local Municipality,23856,24938,24620,24917,18973,15752,11665,6207,5583,5669,5127,5704,4551,4508,2803,2111,1137,1055,189176
EC,ZA215,DC15,O.R.Tambo,District Municipality,ZA2157,EC157,King Sabata Dalindyebo,Local Municipality,56602,57650,52665,66094,59816,51181,38946,19193,16766,14402,13496,12545,9388,7510,4980,3544,1861,1709,488349
EC,ZA244,DC44,Alfred Nzo,District Municipality,ZA2441,EC441,Matatiele,Local Municipality,27507,28102,26571,28887,22319,19876,14949,8045,6717,5553,5047,5862,5820,5337,3699,2216,1625,1315,219447
EC,ZA244,DC44,Alfred Nzo,District Municipality,ZA2442,EC442,Umzimvubu,Local Municipality,23451,25308,24345,26586,22341,18149,13391,6916,5831,5405,5128,4871,5186,4637,3915,1931,1072,1158,199620
EC,ZA244,DC44,Alfred Nzo,District Municipality,ZA2443,EC443,Mbizana,Local Municipality,47802,46662,43793,45786,33547,25292,18942,9224,8648,7215,6173,6766,4643,5280,3961,2450,1866,1898,319948
EC,ZA244,DC44,Alfred Nzo,District Municipality,ZA2444,EC444,Ntabankulu,Local Municipality,18449,17316,16318,18001,14072,11009,7607,4054,3247,2670,3023,2646,2801,2836,1752,1213,1002,833,128848
GT,ZA797,EKU,Ekurhuleni,Metropolitan Municipality,ZA7970,EKU,Ekurhuleni,Metropolitan Municipality,286584,252921,227289,228214,299954,346003,299835,332482,271136,220389,169829,136447,101492,92239,58927,30671,14276,10418,3379104
KZN,ZA595,ETH,eThekwini,Metropolitan Municipality,ZA5950,ETH,eThekwini,Metropolitan Municipality,388017,363886,341665,254032,328344,354904,302500,315374,237825,196616,162946,135790,109950,93029,59360,33616,14436,9942,3702231
FS,ZA416,DC16,Xhariep,District Municipality,ZA4161,FS161,Letsemeng,Local Municipality,3501,3396,3058,4475,4449,4142,2727,2891,2223,2018,1863,1661,1216,1085,581,436,194,127,40044
FS,ZA416,DC16,Xhariep,District Municipality,ZA4162,FS162,Kopanong,Local Municipality,4385,4591,4031,5061,4397,4563,4781,3301,2415,2591,2538,2382,1405,1527,948,521,371,191,49999
FS,ZA416,DC16,Xhariep,District Municipality,ZA4163,FS163,Mohokare,Local Municipality,3377,3809,3207,4485,2912,3502,2715,2071,1931,1648,1327,1268,1044,1119,606,301,361,158,35840
FS,ZA418,DC18,Lejweleputswa,District Municipality,ZA4181,FS181,Masilonyana,Local Municipality,6144,6093,5323,5701,5661,5961,4605,4742,3900,3250,3476,2379,2169,1344,880,487,413,244,62770
FS,ZA418,DC18,Lejweleputswa,District Municipality,ZA4182,FS182,Tokologo,Local Municipality,3082,2538,2682,3005,2389,2563,2122,1641,1848,1995,1498,1343,841,671,470,161,187,111,29149
FS,ZA418,DC18,Lejweleputswa,District Municipality,ZA4183,FS183,Tswelopele,Local Municipality,5097,4791,4785,4991,4217,4194,3365,2751,2354,2708,2290,1915,1384,873,917,436,176,129,47373
FS,ZA418,DC18,Lejweleputswa,District Municipality,ZA4184,FS184,Matjhabeng,Local Municipality,37850,35980,33328,38960,42271,44489,38177,30860,24939,24235,24383,19495,13615,8511,5828,3561,1658,974,429113
FS,ZA418,DC18,Lejweleputswa,District Municipality,ZA4185,FS185,Nala,Local Municipality,8406,8134,7494,7305,6347,7231,6117,5385,4371,4149,3342,3026,2407,2050,1425,694,352,282,78515
FS,ZA419,DC19,Thabo Mofutsanyane,District Municipality,ZA4191,FS191,Setsoto,Local Municipality,12429,11700,11640,12974,10881,12302,9654,7406,5740,4720,4472,3612,3199,2826,1500,1080,716,510,117362
FS,ZA419,DC19,Thabo Mofutsanyane,District Municipality,ZA4192,FS192,Dihlabeng,Local Municipality,13053,13054,12068,14197,13512,14730,12849,9664,7558,7381,5880,4838,4125,3147,1825,933,830,400,140044
FS,ZA419,DC19,Thabo Mofutsanyane,District Municipality,ZA4193,FS193,Nketoana,Local Municipality,5909,6931,6717,6740,5888,7122,5491,4042,3150,2569,2309,2417,2064,1435,1004,584,288,233,64893
FS,ZA419,DC19,Thabo Mofutsanyane,District Municipality,ZA4194,FS194,Maluti a Phofung,Local Municipality,35807,36449,35623,40388,38092,34975,29180,18452,16211,15289,13124,11656,10457,7469,4872,2639,1372,1396,353452
FS,ZA419,DC19,Thabo Mofutsanyane,District Municipality,ZA4195,FS195,Phumelela,Local Municipality,4503,4727,5240,5648,5057,4917,3997,2969,2858,2313,2021,1835,1153,959,890,409,363,194,50054
FS,ZA419,DC19,Thabo Mofutsanyane,District Municipality,ZA4196,FS196,Mantsopa,Local Municipality,5896,5437,4714,5262,5431,5894,4714,3154,2516,2277,2466,1784,1343,1020,680,460,215,260,53525
FS,ZA420,DC20,Fezile Dabi,District Municipality,ZA4201,FS201,Moqhaka,Local Municipality,12841,12729,12358,14351,13520,13726,12725,11509,9805,8570,7347,7168,6137,4594,3306,1975,1290,779,154732
FS,ZA420,DC20,Fezile Dabi,District Municipality,ZA4203,FS203,Ngwathe,Local Municipality,11889,10902,10173,10453,10508,10666,9085,7705,6929,6191,5573,4536,4234,3679,3376,1615,893,499,118907
FS,ZA420,DC20,Fezile Dabi,District Municipality,ZA4204,FS204,Metsimaholo,Local Municipality,13898,13172,11755,14377,16191,16971,16901,14100,11279,9362,7359,5546,4058,3415,2829,1419,660,271,163564
FS,ZA420,DC20,Fezile Dabi,District Municipality,ZA4205,FS205,Mafube,Local Municipality,5166,5636,5437,5499,5590,5407,4196,3772,3197,2959,2533,2030,2035,1427,1275,702,436,278,57574
GT,ZA742,DC42,Sedibeng,District Municipality,ZA7421,GT421,Emfuleni,Local Municipality,68203,62565,58034,60654,69573,68729,57621,53254,49152,43741,37334,34807,25465,19169,12444,6739,3707,2255,733445
GT,ZA742,DC42,Sedibeng,District Municipality,ZA7422,GT422,Midvaal,Local Municipality,8325,9292,8144,8467,9262,10439,8547,8124,7747,7849,6482,6039,3838,3582,2907,1462,673,435,111612
GT,ZA742,DC42,Sedibeng,District Municipality,ZA7423,GT423,Lesedi,Local Municipality,9095,10806,9170,8256,10382,11080,8998,8969,7430,6375,5832,5121,3605,3008,2327,1039,520,458,112472
GT,ZA748,DC48,West Rand,District Municipality,ZA7481,GT481,Mogale City,Local Municipality,32827,27814,26028,28694,34347,37502,30443,33302,28523,28799,22894,17614,13310,9414,5684,3698,1650,1321,383864
GT,ZA748,DC48,West Rand,District Municipality,ZA7484,GT484,Merafong City,Local Municipality,16427,14389,13190,13404,15285,18464,15624,17419,16226,14162,11730,8534,5513,3377,2625,1457,725,290,188843
GT,ZA748,DC48,West Rand,District Municipality,ZA7485,GT485,Rand West City,Local Municipality,23045,20577,19359,19935,23464,24251,21421,24356,20324,18515,14589,14305,8706,5345,3503,2258,1279,654,265887
GT,ZA798,JHB,City of Johannesburg,Metropolitan Municipality,ZA7980,JHB,City of Johannesburg,Metropolitan Municipality,480986,416552,373718,314421,421595,484601,422381,485983,386658,303866,241061,198542,152817,112183,77945,41162,19621,15255,4949347
KZN,ZA521,DC21,Ugu,District Municipality,ZA5212,KZN212,Umdoni,Local Municipality,18902,17433,16280,16019,15170,14267,10807,5848,5846,4960,4694,3970,3342,2636,1806,1540,590,442,144551
KZN,ZA521,DC21,Ugu,District Municipality,ZA5213,KZN213,Umzumbe,Local Municipality,20879,22674,20790,17610,14448,12418,9890,5203,5070,4307,4515,3677,3762,2426,1848,988,551,618,151676
KZN,ZA521,DC21,Ugu,District Municipality,ZA5214,KZN214,uMuziwabantu,Local Municipality,16907,16535,16662,12708,9930,8561,7432,3462,3737,2940,2727,1883,1659,1272,1027,596,312,225,108576
KZN,ZA521,DC21,Ugu,District Municipality,ZA5216,KZN216,Ray Nkonyeni,Local Municipality,40371,41686,37704,37660,37526,36579,30709,16251,13540,11576,10442,9479,8790,6086,4484,2975,1506,1168,348533
KZN,ZA522,DC22,Umgungundlovu,District Municipality,ZA5221,KZN221,uMshwathi,Local Municipality,14408,14054,14177,11242,10317,9036,8307,5058,5167,4229,4214,3530,3591,1837,1296,566,325,291,111645
KZN,ZA522,DC22,Umgungundlovu,District Municipality,ZA5222,KZN222,uMngeni,Local Municipality,11512,10397,10661,10433,10587,9804,8963,7120,6645,5357,3637,4180,3531,2102,1544,2001,822,570,109867
KZN,ZA522,DC22,Umgungundlovu,District Municipality,ZA5223,KZN223,Mpofana,Local Municipality,3955,4971,4096,3165,3528,3904,3233,2246,2185,1725,1290,1116,888,529,294,116,69,82,37391
KZN,ZA522,DC22,Umgungundlovu,District Municipality,ZA5224,KZN224,Impendle,Local Municipality,4412,4169,4352,3071,2304,2076,1541,1132,1114,1089,858,867,1175,490,394,173,175,134,29526
KZN,ZA522,DC22,Umgungundlovu,District Municipality,ZA5225,KZN225,The Msunduzi,Local Municipality,75548,72225,65933,60457,67299,71455,60255,46243,38516,30355,25163,20793,18520,11544,6988,3992,2059,1694,679039
KZN,ZA522,DC22,Umgungundlovu,District Municipality,ZA5226,KZN226,Mkhambathini,Local Municipality,6528,6464,6674,5152,5867,5560,4705,3300,2319,2747,2216,1682,1776,928,716,203,118,121,57075
KZN,ZA522,DC22,Umgungundlovu,District Municipality,ZA5227,KZN227,Richmond,Local Municipality,10113,9860,8476,6948,6806,5919,4640,3814,3352,2962,2038,2200,1849,1008,524,370,205,235,71322
KZN,ZA523,DC23,Uthukela,District Municipality,ZA5235,KZN235,Okhahlamba,Local Municipality,18643,18146,16776,15220,12775,12062,9351,5646,5406,4572,3725,3331,3436,2604,1807,838,398,396,135132
KZN,ZA523,DC23,Uthukela,District Municipality,ZA5237,KZN237,Inkosi Langalibalele,Local Municipality,28230,26371,23785,25401,22791,19257,15175,10769,8851,7782,6937,6071,5228,3879,2059,1293,510,793,215182
KZN,ZA523,DC23,Uthukela,District Municipality,ZA5238,KZN238,Alfred Duma,Local Municipality,45035,44752,40561,39513,36403,33556,27258,18148,15049,11287,11030,9646,8381,6755,4208,2363,1378,952,356274
KZN,ZA524,DC24,Umzinyathi,District Municipality,ZA5241,KZN241,Endumeni,Local Municipality,8006,7274,7578,9209,9127,8879,7370,3674,3259,2711,2570,1938,1508,1464,1114,549,251,158,76639
KZN,ZA524,DC24,Umzinyathi,District Municipality,ZA5242,KZN242,Nqutu,Local Municipality,23307,22960,23092,24124,17690,13773,12049,6184,4634,4324,3941,3533,3620,2996,2504,1128,742,725,171325
KZN,ZA524,DC24,Umzinyathi,District Municipality,ZA5244,KZN244,Msinga,Local Municipality,25756,26851,24732,25975,19366,13756,10363,6094,5667,4751,4804,3835,3784,3441,2170,1312,631,1207,184494
KZN,ZA524,DC24,Umzinyathi,District Municipality,ZA5245,KZN245,Umvoti,Local Municipality,13904,13880,13650,17184,13563,11714,9065,5070,4322,4060,3665,3211,3091,2476,1755,727,442,645,122423
KZN,ZA525,DC25,Amajuba,District Municipality,ZA5252,KZN252,Newcastle,Local Municipality,44275,45389,42200,43067,42011,37511,30905,22168,18087,14944,12763,11824,9777,6166,4210,2138,959,722,389117
KZN,ZA525,DC25,Amajuba,District Municipality,ZA5253,KZN253,Emadlangeni,Local Municipality,4504,4887,4836,3754,3594,3268,2581,1694,1456,1537,1299,1156,903,615,378,211,123,73,36869
KZN,ZA525,DC25,Amajuba,District Municipality,ZA5254,KZN254,Dannhauser,Local Municipality,14179,13591,14395,12720,11143,8357,6816,4802,3843,3325,2824,2718,2466,1752,1172,628,318,291,105341
KZN,ZA526,DC26,Zululand,District Municipality,ZA5261,KZN261,eDumbe,Local Municipality,12079,12000,12914,11115,8661,7747,6237,3414,2857,2631,2071,2309,1542,1191,1277,765,343,460,89614
KZN,ZA526,DC26,Zululand,District Municipality,ZA5262,KZN262,uPhongolo,Local Municipality,19593,19245,18448,18533,15927,13092,9177,5380,4524,3567,2921,3155,2367,1889,1444,867,467,650,141247
KZN,ZA526,DC26,Zululand,District Municipality,ZA5263,KZN263,Abaqulusi,Local Municipality,30123,31104,31126,30499,23649,23367,19281,10331,8387,7651,6316,6148,5379,4099,2762,1641,942,990,243795
KZN,ZA526,DC26,Zululand,District Municipality,ZA5265,KZN265,Nongoma,Local Municipality,31596,31266,27199,27668,21969,18532,13359,6918,5748,4836,5105,4538,4150,3354,2573,1432,787,862,211892
KZN,ZA526,DC26,Zululand,District Municipality,ZA5266,KZN266,Ulundi,Local Municipality,30200,28042,26319,24858,19988,19609,14926,8109,6538,5481,4977,4758,3822,3310,1966,1345,540,974,205762
KZN,ZA527,DC27,Umkhanyakude,District Municipality,ZA5271,KZN271,Umhlabuyalingana,Local Municipality,23890,23611,22548,20041,16239,15540,10778,8133,6721,6094,4706,3408,2881,2824,1779,1338,642,904,172077
KZN,ZA527,DC27,Umkhanyakude,District Municipality,ZA5272,KZN272,Jozini,Local Municipality,28219,27171,26954,24667,20242,17353,13979,7878,6576,5863,5062,4531,2895,2368,1730,1190,672,864,198215
KZN,ZA527,DC27,Umkhanyakude,District Municipality,ZA5275,KZN275,Mtubatuba,Local Municipality,29496,27465,25481,22947,19787,19093,15652,8455,7088,5487,5061,4657,3546,2854,1899,1339,979,889,202176
KZN,ZA527,DC27,Umkhanyakude,District Municipality,ZA5276,KZN276,Big Five Hlabisa,Local Municipality,17237,15088,14621,14442,12203,10508,7245,4271,4116,3454,3192,2982,2419,1572,1507,787,509,469,116622
KZN,ZA528,DC28,Uthungulu,District Municipality,ZA5281,KZN281,Mfolozi,Local Municipality,20807,19601,18857,13367,14003,14592,10262,7001,5152,4160,3792,3949,2956,2291,1527,796,556,694,144363
KZN,ZA528,DC28,Uthungulu,District Municipality,ZA5282,KZN282,uMhlathuze,Local Municipality,50730,47166,44714,38998,43240,44510,35912,23793,20306,15670,13615,10441,7986,5732,3594,1938,1132,989,410465
KZN,ZA528,DC28,Uthungulu,District Municipality,ZA5284,KZN284,uMlalazi,Local Municipality,34057,31712,30597,21926,19001,17723,12473,9660,8412,7381,7143,6088,5322,4869,2887,2000,903,986,223140
KZN,ZA528,DC28,Uthungulu,District Municipality,ZA5285,KZN285,Mthonjaneni,Local Municipality,13330,12020,11291,7602,6848,5389,4464,3466,2750,2397,2463,1979,1315,1355,914,565,369,368,78883
KZN,ZA528,DC28,Uthungulu,District Municipality,ZA5286,KZN286,Nkandla,Local Municipality,17823,18510,16145,12785,9481,7322,5907,4215,3425,2862,3516,2822,3202,2429,1688,931,535,685,114284
KZN,ZA529,DC29,iLembe,District Municipality,ZA5291,KZN291,Mandeni,Local Municipality,16857,15390,14995,16302,16255,15159,12668,8373,7397,5605,4865,3785,3401,2757,1895,1057,577,468,147808
KZN,ZA529,DC29,iLembe,District Municipality,ZA5292,KZN292,KwaDukuza,Local Municipality,28231,25783,22558,29560,30250,31182,26551,18137,15798,12134,9718,6923,6217,5755,3817,2297,1122,685,276719
KZN,ZA529,DC29,iLembe,District Municipality,ZA5293,KZN293,Ndwedwe,Local Municipality,17353,18018,15500,17225,13865,12103,7947,6715,5850,4859,4730,4625,4356,4140,2561,1714,659,897,143117
KZN,ZA529,DC29,iLembe,District Municipality,ZA5294,KZN294,Maphumulo,Local Municipality,11989,12297,10455,10986,8141,6633,4893,3323,3486,2869,2781,2537,2905,2815,1593,1063,656,548,89969
KZN,ZA543,DC43,Sisonke,District Municipality,ZA5433,KZN433,Greater Kokstad,Local Municipality,9682,8250,7285,8367,8673,9858,8137,3682,3311,2594,2069,1763,1384,672,445,380,105,98,76753
KZN,ZA543,DC43,Sisonke,District Municipality,ZA5434,KZN434,Ubuhlebezwe,Local Municipality,17247,15679,14910,13761,11572,10937,8076,4336,3933,3507,3431,2933,2801,2059,1357,708,480,619,118346
KZN,ZA543,DC43,Sisonke,District Municipality,ZA5435,KZN435,Umzimkhulu,Local Municipality,30032,27221,26916,24587,19992,16902,12669,6163,5644,5521,4606,4216,3556,3628,2625,1278,1053,678,197286
KZN,ZA543,DC43,Sisonke,District Municipality,ZA5436,KZN436,Dr Nkosazana Dlamini Zuma,Local Municipality,15568,16606,14808,14354,11316,11019,8744,4685,4241,3364,3142,2546,2935,2263,1351,740,409,389,118480
LIM,ZA933,DC33,Mopani,District Municipality,ZA9331,LIM331,Greater Giyani,Local Municipality,32422,29401,26154,33376,25700,22006,18085,13516,11490,9808,8618,7397,5913,4195,3363,2123,1191,1368,256127
LIM,ZA933,DC33,Mopani,District Municipality,ZA9332,LIM332,Greater Letaba,Local Municipality,26423,23625,19975,27849,23180,19625,15150,11284,9488,9225,7714,6360,5785,4184,3502,2215,1148,1298,218030
LIM,ZA933,DC33,Mopani,District Municipality,ZA9333,LIM333,Greater Tzaneen,Local Municipality,46177,42029,34818,45608,43385,41726,32958,26415,23251,19993,16817,13283,11312,6501,5037,3046,1547,2244,416146
LIM,ZA933,DC33,Mopani,District Municipality,ZA9334,LIM334,Ba-Phalaborwa,Local Municipality,19639,17877,15466,18453,17500,15665,14872,12054,10004,7961,5739,4674,3274,2314,1495,1083,450,418,168937
LIM,ZA933,DC33,Mopani,District Municipality,ZA9335,LIM335,Maruleng,Local Municipality,11670,10522,9474,11522,10353,9785,7713,5658,5136,4799,3583,3054,2591,1637,1046,680,339,383,99946
LIM,ZA934,DC34,Vhembe,District Municipality,ZA9341,LIM341,Musina,Local Municipality,16807,11813,11580,13256,15038,15987,14561,9185,6865,5946,2926,2910,1914,1187,757,383,340,556,132009
LIM,ZA934,DC34,Vhembe,District Municipality,ZA9343,LIM343,Thulamela,Local Municipality,63553,54818,50125,59074,55373,44377,33946,26070,22404,21125,18248,14649,10687,7383,5279,3006,2792,4327,497237
LIM,ZA934,DC34,Vhembe,District Municipality,ZA9344,LIM344,Makhado,Local Municipality,52279,46260,42834,51242,41088,33230,27680,22585,19968,17823,15520,13262,10499,6312,5445,3918,2862,3922,416728
LIM,ZA934,DC34,Vhembe,District Municipality,ZA9345,LIM345,Collins Chabane,Local Municipality,45643,42258,38934,45344,35963,26377,21335,17431,14862,12663,11762,9300,8513,5084,4950,3001,2073,2482,347974
LIM,ZA935,DC35,Capricorn,District Municipality,ZA9351,LIM351,Blouberg,Local Municipality,24233,23436,21329,22457,16117,11351,8434,6623,5989,6499,5087,4346,4641,3971,2967,2306,1309,1505,172601
LIM,ZA935,DC35,Capricorn,District Municipality,ZA9353,LIM353,Molemole,Local Municipality,16876,15662,14257,14780,11680,9656,7359,5487,5207,4401,3984,3440,3403,2982,2192,1719,1006,1237,125327
LIM,ZA935,DC35,Capricorn,District Municipality,ZA9354,LIM354,Polokwane,Local Municipality,90002,82549,72242,88708,90526,80411,64962,45548,39307,33944,28286,21615,19701,13881,11150,6803,3408,4085,797127
LIM,ZA935,DC35,Capricorn,District Municipality,ZA9355,LIM355,Lepele-Nkumpi,Local Municipality,31307,29415,25611,26013,20600,18803,15145,10866,9442,9212,8488,7056,6883,5617,4495,2762,1504,2163,235380
LIM,ZA936,DC36,Waterberg,District Municipality,ZA9361,LIM361,Thabazimbi,Local Municipality,9865,7220,6310,7305,8647,11323,11512,8554,6252,5790,5215,4032,2104,993,550,348,136,74,96232
LIM,ZA936,DC36,Waterberg,District Municipality,ZA9362,LIM362,Lephalale,Local Municipality,16442,11977,11939,11906,15308,18376,13229,9983,7376,6856,5213,4006,2849,1765,1233,900,482,399,140240
LIM,ZA936,DC36,Waterberg,District Municipality,ZA9366,LIM366,Bela-Bela,Local Municipality,9471,8267,7403,5904,6602,7007,5922,4780,4097,3967,3619,3020,2203,1471,1143,757,442,220,76296
LIM,ZA936,DC36,Waterberg,District Municipality,ZA9367,LIM367,Mogalakwena,Local Municipality,48845,44324,36727,30040,27313,23831,19055,15231,14415,12891,11902,10137,8960,7152,6004,4263,2052,2149,325291
LIM,ZA936,DC36,Waterberg,District Municipality,ZA9368,LIM368,Modimolle/Mookgophong,Local Municipality,13767,12333,11816,9103,8298,10207,8138,6782,5988,5262,3903,3247,3281,1740,1721,1118,671,324,107699
LIM,ZA947,DC47,Sekhukhune,District Municipality,ZA9471,LIM471,Ephraim Mogale,Local Municipality,15482,14173,12235,16190,14402,11672,9476,5953,4877,4383,3853,3811,3505,2424,2229,1050,593,860,127168
LIM,ZA947,DC47,Sekhukhune,District Municipality,ZA9472,LIM472,Elias Motsoaledi,Local Municipality,31194,30296,28190,34818,29442,25625,19058,12455,9823,9427,8371,7210,7041,5730,4625,2175,1093,1683,268256
LIM,ZA947,DC47,Sekhukhune,District Municipality,ZA9473,LIM473,Makhuduthamaga,Local Municipality,38245,34363,29088,37188,27058,24596,18766,12801,11035,9250,8656,7382,7182,6502,5465,2985,1557,2319,284435
LIM,ZA947,DC47,Sekhukhune,District Municipality,ZA9476,LIM476,Greater Tubatse/Fetakgomo,Local Municipality,54056,49452,43966,60670,57481,58989,46006,25282,20539,16226,15004,11137,10046,6697,6282,3495,2134,2440,489902
FS,ZA494,MAN,Mangaung,Metropolitan Municipality,ZA4940,MAN,Mangaung,Metropolitan Municipality,80096,79025,75208,66376,78669,73352,62610,54913,47264,42057,33084,28988,24395,17400,12586,5845,3511,2426,787803
MP,ZA830,DC30,Gert Sibande,District Municipality,ZA8301,MP301,Chief Albert Luthuli,Local Municipality,22014,21063,20822,22295,18920,17074,13002,9519,8186,7534,6331,5477,4731,4258,3030,1693,757,926,187629
MP,ZA830,DC30,Gert Sibande,District Municipality,ZA8302,MP302,Msukaligwa,Local Municipality,17703,14542,13515,15764,17786,19061,15172,11960,9374,7341,6094,5573,3917,2857,2118,890,526,415,164608
MP,ZA830,DC30,Gert Sibande,District Municipality,ZA8303,MP303,Mkhondo,Local Municipality,23319,20721,21431,21269,18951,18535,13003,10363,8843,8191,6341,5438,4198,3052,2302,1568,570,940,189036
MP,ZA830,DC30,Gert Sibande,District Municipality,ZA8304,MP304,Dr Pixley Ka Isaka Seme,Local Municipality,9764,8775,9377,8845,8289,7532,5959,4949,4347,3738,3141,2893,2527,2361,1318,835,409,334,85395
MP,ZA830,DC30,Gert Sibande,District Municipality,ZA8305,MP305,Lekwa,Local Municipality,11694,10962,10073,10140,12165,13462,10861,8469,7095,6560,5757,5326,3995,2978,1795,1053,669,363,123419
MP,ZA830,DC30,Gert Sibande,District Municipality,ZA8306,MP306,Dipaleseng,Local Municipality,4388,3812,3316,4084,4703,4666,4394,3124,2767,2121,2080,1366,1592,1180,922,373,131,215,45232
MP,ZA830,DC30,Gert Sibande,District Municipality,ZA8307,MP307,Govan Mbeki,Local Municipality,29796,29766,26164,30481,34805,42377,32264,24947,19658,18536,15294,13386,8334,6020,4191,1851,1508,711,340091
MP,ZA831,DC31,Nkangala,District Municipality,ZA8311,MP311,Victor Khanye,Local Municipality,8751,7402,6964,7661,8303,9561,7710,6141,5737,3790,3827,2720,2333,1625,887,460,174,108,84151
MP,ZA831,DC31,Nkangala,District Municipality,ZA8312,MP312,Emalahleni,Local Municipality,41447,37494,32439,38277,51728,58828,47422,36063,27514,21722,21869,16077,10524,5958,4246,2095,814,710,455228
MP,ZA831,DC31,Nkangala,District Municipality,ZA8313,MP313,Steve Tshwete,Local Municipality,24671,22353,19577,24635,27885,33526,27479,22879,19290,15910,13472,9869,6893,4206,2794,1627,908,774,278749
MP,ZA831,DC31,Nkangala,District Municipality,ZA8314,MP314,Emakhazeni,Local Municipality,4955,4434,3783,4832,4984,5104,4171,3538,2566,2563,2029,1687,1192,886,729,335,141,220,48149
MP,ZA831,DC31,Nkangala,District Municipality,ZA8315,MP315,Thembisile,Local Municipality,34815,35606,32431,34731,34765,31516,26501,19752,18991,15390,13740,11355,10733,5474,3752,1600,884,1294,333331
MP,ZA831,DC31,Nkangala,District Municipality,ZA8316,MP316,Dr JS Moroka,Local Municipality,27713,26674,23681,25639,23723,21979,17648,12597,11968,10546,10443,8664,8444,6374,4295,2410,1301,1917,246016
MP,ZA832,DC32,Ehlanzeni,District Municipality,ZA8321,MP321,Thaba Chweu,Local Municipality,10174,9284,8782,8453,9013,10313,8929,7413,7138,6517,4293,3759,2945,1769,1454,825,402,432,101895
MP,ZA832,DC32,Ehlanzeni,District Municipality,ZA8324,MP324,Nkomazi,Local Municipality,58284,49565,48386,45766,40554,40442,29325,23523,17297,15579,11813,7986,7447,5210,3868,2720,1531,1611,410907
MP,ZA832,DC32,Ehlanzeni,District Municipality,ZA8325,MP325,Bushbuckridge,Local Municipality,76379,71604,69920,57127,50597,45997,33907,28776,22979,21057,16708,12431,12209,9161,6739,4750,2799,3075,546215
MP,ZA832,DC32,Ehlanzeni,District Municipality,ZA8326,MP326,Mbombela,Local Municipality,85923,72926,65309,61880,66850,71191,59846,50515,41096,34214,24740,18449,15670,10413,7754,4318,2476,2343,695913
NC,ZA306,DC6,Namakwa,District Municipality,ZA3061,NC061,Richtersveld,Local Municipality,883,844,821,1018,1073,1005,1283,946,971,904,878,638,325,477,203,87,89,42,12487
NC,ZA306,DC6,Namakwa,District Municipality,ZA3062,NC062,Nama Khoi,Local Municipality,3215,3290,3459,3813,3663,4202,3808,3457,3036,3090,2316,2333,1962,1821,1520,987,379,160,46512
NC,ZA306,DC6,Namakwa,District Municipality,ZA3064,NC064,Kamiesberg,Local Municipality,829,738,656,595,668,806,822,620,674,592,413,653,409,508,313,163,113,34,9605
NC,ZA306,DC6,Namakwa,District Municipality,ZA3065,NC065,Hantam,Local Municipality,1736,1710,1774,2006,1689,2087,1225,1533,1273,1305,1359,936,987,679,629,301,187,124,21540
NC,ZA306,DC6,Namakwa,District Municipality,ZA3066,NC066,Karoo Hoogland,Local Municipality,1031,1036,1187,955,726,1096,899,852,989,995,603,533,679,587,428,89,120,206,13009
NC,ZA306,DC6,Namakwa,District Municipality,ZA3067,NC067,KhΓi-Ma,Local Municipality,879,865,993,1027,1167,1503,1351,1061,823,612,590,429,272,234,146,266,48,66,12333
NC,ZA307,DC7,Pixley ka Seme,District Municipality,ZA3071,NC071,Ubuntu,Local Municipality,1568,1740,2091,2642,1669,1358,1741,1392,1281,978,774,586,588,458,303,108,67,126,19471
NC,ZA307,DC7,Pixley ka Seme,District Municipality,ZA3072,NC072,Umsobomvu,Local Municipality,2766,2480,2494,3701,3356,2751,3214,1935,1706,1476,1349,1132,695,879,428,337,79,105,30883
NC,ZA307,DC7,Pixley ka Seme,District Municipality,ZA3073,NC073,Emthanjeni,Local Municipality,4040,3738,4172,5556,4581,4179,3882,2722,2602,2095,2116,1739,1360,1088,713,358,281,181,45404
NC,ZA307,DC7,Pixley ka Seme,District Municipality,ZA3074,NC074,Kareeberg,Local Municipality,1035,1065,871,1298,1428,1008,907,562,722,598,662,774,849,478,242,72,124,76,12772
NC,ZA307,DC7,Pixley ka Seme,District Municipality,ZA3075,NC075,Renosterberg,Local Municipality,1152,932,1151,1309,1026,1174,956,844,631,561,569,403,385,281,242,113,51,39,11818
NC,ZA307,DC7,Pixley ka Seme,District Municipality,ZA3076,NC076,Thembelihle,Local Municipality,1478,1430,1155,1609,1546,1763,1563,890,983,714,934,619,493,371,308,127,232,16,16230
NC,ZA307,DC7,Pixley ka Seme,District Municipality,ZA3077,NC077,Siyathemba,Local Municipality,2032,1831,1776,2127,2470,2173,2381,1545,1564,1453,852,784,706,563,364,238,157,61,23075
NC,ZA307,DC7,Pixley ka Seme,District Municipality,ZA3078,NC078,Siyancuma,Local Municipality,3177,3128,3106,4433,3852,3269,2835,2211,2398,1909,1529,934,1005,748,727,399,175,106,35941
NC,ZA308,DC8,Z F Mgcawu,District Municipality,ZA3082,NC082,Kai Garib,Local Municipality,5335,4749,5582,7939,8043,7333,7222,4862,3684,3253,2757,2657,2181,1149,819,734,427,203,68929
NC,ZA308,DC8,Z F Mgcawu,District Municipality,ZA3084,NC084,Kheis,Local Municipality,1936,1683,2122,1667,1182,1029,1413,1028,1388,743,728,472,420,238,308,128,70,12,16566
NC,ZA308,DC8,Z F Mgcawu,District Municipality,ZA3085,NC085,Tsantsabane,Local Municipality,3572,3254,3358,3664,4073,5029,3806,2847,2316,1927,1460,1448,939,727,514,319,83,8,39345
NC,ZA308,DC8,Z F Mgcawu,District Municipality,ZA3086,NC086,Kgatelopele,Local Municipality,2178,1861,1738,2049,2232,1906,1777,1396,1259,1195,1108,734,343,456,293,58,55,54,20691
NC,ZA308,DC8,Z F Mgcawu,District Municipality,ZA3087,NC087,Dawid Kruiper,Local Municipality,10470,9883,10324,11324,10130,8266,8429,7736,7308,6063,4470,3874,2865,2263,1587,1227,579,363,107161
NC,ZA309,DC9,Frances Baard,District Municipality,ZA3091,NC091,Sol Plaatjie,Local Municipality,24375,22806,21918,22129,22295,21376,18966,19560,16716,14294,12701,9522,7916,8122,5243,3569,2010,1525,255041
NC,ZA309,DC9,Frances Baard,District Municipality,ZA3092,NC092,Dikgatlong,Local Municipality,4898,5309,4561,4371,3995,4112,2931,3290,2641,2618,2347,2078,1528,1541,1025,549,413,266,48473
NC,ZA309,DC9,Frances Baard,District Municipality,ZA3093,NC093,Magareng,Local Municipality,2448,2428,2228,2330,2047,1737,1520,1483,1696,1088,984,955,844,1078,418,249,233,295,24059
NC,ZA309,DC9,Frances Baard,District Municipality,ZA3094,NC094,Phokwane,Local Municipality,6921,6196,5736,4835,4498,4935,4262,4204,3277,2912,2716,2631,1850,1942,1614,928,470,239,60168
NC,ZA345,DC45,John Taolo Gaetsewe,District Municipality,ZA3451,NC451,Joe Morolong,Local Municipality,12561,10278,9438,8146,7377,6428,5243,4652,3388,3016,2964,2554,2406,1907,1958,837,516,532,84201
NC,ZA345,DC45,John Taolo Gaetsewe,District Municipality,ZA3452,NC452,Ga-Segonyana,Local Municipality,12376,10793,9435,10141,10169,10886,9800,7314,5741,4622,3230,3141,2215,1708,1348,733,503,253,104408
NC,ZA345,DC45,John Taolo Gaetsewe,District Municipality,ZA3453,NC453,Gamagara,Local Municipality,4771,3607,4065,6342,6420,7549,5605,4077,2625,2752,1964,1605,1038,501,392,126,138,79,53656
EC,ZA293,NMA,Nelson Mandela Bay,Metropolitan Municipality,ZA2930,NMA,Nelson Mandela Bay,Metropolitan Municipality,125120,133005,127897,95403,111088,103622,93679,83983,78082,70900,62299,58164,45772,31660,20439,11920,5922,4096,1263051
NW,ZA637,DC37,Bojanala,District Municipality,ZA6371,NW371,Moretele,Local Municipality,24496,22587,20988,15732,14924,15160,12102,11614,9384,8115,7106,7133,6967,5679,4370,2144,1454,1347,191306
NW,ZA637,DC37,Bojanala,District Municipality,ZA6372,NW372,Local Municipality of Madibeng,Local Municipality,59647,53164,44820,40520,48191,53372,44387,41344,34299,28229,25141,21196,16505,10490,7428,3606,2181,1589,536110
NW,ZA637,DC37,Bojanala,District Municipality,ZA6373,NW373,Rustenburg,Local Municipality,68525,57418,50290,45564,54501,66316,58798,53915,43487,39963,30352,23771,14804,8335,5334,2559,1567,1021,626522
NW,ZA637,DC37,Bojanala,District Municipality,ZA6374,NW374,Kgetlengrivier,Local Municipality,6678,7149,6196,4444,4710,4625,3555,3833,3914,3586,2751,2751,2154,836,1035,566,688,89,59562
NW,ZA637,DC37,Bojanala,District Municipality,ZA6375,NW375,Moses Kotane,Local Municipality,29789,26536,24600,18575,19325,19171,16914,15291,13530,11827,10763,10783,8824,6601,5264,2830,1596,1429,243648
NW,ZA638,DC38,Ngaka Modiri Molema,District Municipality,ZA6381,NW381,Ratlou,Local Municipality,12512,11521,10368,13655,10501,8545,6717,4860,4704,4218,3897,4131,3323,2577,2111,1306,558,604,106108
NW,ZA638,DC38,Ngaka Modiri Molema,District Municipality,ZA6382,NW382,Tswaing,Local Municipality,14019,12006,11902,17613,11748,11905,9280,8361,6559,5816,5069,4338,3657,2269,2039,1241,593,635,129052
NW,ZA638,DC38,Ngaka Modiri Molema,District Municipality,ZA6383,NW383,Mafikeng,Local Municipality,27613,25475,23607,37381,39238,33195,27748,19223,17868,16234,13264,11830,8304,5521,3847,1896,1116,1034,314394
NW,ZA638,DC38,Ngaka Modiri Molema,District Municipality,ZA6384,NW384,Ditsobotla,Local Municipality,16999,16820,15223,20260,18826,18101,15458,12038,10377,9446,7525,6562,5542,3856,2416,1300,599,518,181865
NW,ZA638,DC38,Ngaka Modiri Molema,District Municipality,ZA6385,NW385,Ramotshere Moiloa,Local Municipality,14776,13859,13441,18428,15060,15151,12028,9360,8629,7776,6710,6032,6055,3954,3158,1384,950,938,157690
NW,ZA639,DC39,Dr Ruth Segomotsi Mompati,District Municipality,ZA6392,NW392,Naledi,Local Municipality,7464,6719,6206,6522,7010,7122,6329,4217,3657,3258,2852,2413,1855,1296,912,471,325,175,68803
NW,ZA639,DC39,Dr Ruth Segomotsi Mompati,District Municipality,ZA6393,NW393,Mamusa,Local Municipality,7842,7170,8034,7147,6183,5552,5357,3203,2899,2286,2168,1924,1369,1021,852,389,304,299,64000
NW,ZA639,DC39,Dr Ruth Segomotsi Mompati,District Municipality,ZA6394,NW394,Greater Taung,Local Municipality,20303,19715,17295,20417,17041,13437,10899,7612,6444,6185,5574,5356,4987,4749,3671,1859,1165,1118,167827
NW,ZA639,DC39,Dr Ruth Segomotsi Mompati,District Municipality,ZA6396,NW396,Lekwa-Teemane,Local Municipality,5815,6398,5498,5547,5563,5796,4812,2885,2724,2346,1993,1935,1597,1093,1027,537,308,149,56025
NW,ZA639,DC39,Dr Ruth Segomotsi Mompati,District Municipality,ZA6397,NW397,Kagisano/Molopo,Local Municipality,13866,11766,11289,11392,9740,8417,6623,5451,4540,3964,3886,3446,2662,2127,1722,872,450,490,102703
NW,ZA640,DC40,Dr Kenneth Kaunda,District Municipality,ZA6403,NW403,City of Matlosana,Local Municipality,43693,41224,36549,35137,33907,38625,34995,31004,27177,24416,20405,17320,12479,8218,5806,3419,1877,1030,417282
NW,ZA640,DC40,Dr Kenneth Kaunda,District Municipality,ZA6404,NW404,Maquassi Hills,Local Municipality,10066,9514,8177,7085,6103,7061,6648,6053,4830,3709,3789,2873,2460,1430,1054,553,275,333,82012
NW,ZA640,DC40,Dr Kenneth Kaunda,District Municipality,ZA6405,NW405,Ventersdorp/Tlokwe,Local Municipality,23405,24143,21176,22100,26141,21186,17929,16469,15093,14109,11790,10544,7566,4243,3448,2154,1092,940,243527
GT,ZA799,TSH,City of Tshwane,Metropolitan Municipality,ZA7990,TSH,City of Tshwane,Metropolitan Municipality,316549,279464,244857,230111,308736,324081,288373,280282,233370,199775,164176,129757,100111,71230,51305,29041,13906,10027,3275152
WC,ZA101,DC1,West Coast,District Municipality,ZA1011,WC011,Matzikama,Local Municipality,7411,6340,5767,6146,6208,6171,6089,5016,5083,4127,3664,2885,1976,1545,1123,946,351,198,71045
WC,ZA101,DC1,West Coast,District Municipality,ZA1012,WC012,Cederberg,Local Municipality,5016,4193,4533,4675,4912,3749,4947,3745,3754,3257,3073,1984,1927,1251,854,673,303,104,52949
WC,ZA101,DC1,West Coast,District Municipality,ZA1013,WC013,Bergrivier,Local Municipality,6045,5842,5671,5748,5126,5700,5630,4453,4655,3964,4078,3216,2798,1917,890,917,542,282,67474
WC,ZA101,DC1,West Coast,District Municipality,ZA1014,WC014,Saldanha Bay,Local Municipality,10612,9323,8488,8421,10919,11777,9532,8635,8215,6242,5024,4435,3477,2492,1678,1182,569,152,111173
WC,ZA101,DC1,West Coast,District Municipality,ZA1015,WC015,Swartland,Local Municipality,12443,11542,9887,12316,11456,11819,12133,8487,9476,8511,7389,6156,4725,3185,1902,1338,540,456,133762
WC,ZA102,DC2,Cape Winelands,District Municipality,ZA1022,WC022,Witzenberg,Local Municipality,12315,10396,10598,13154,12839,13099,11017,9439,9567,8567,5829,5305,3802,1996,1311,758,305,251,130548
WC,ZA102,DC2,Cape Winelands,District Municipality,ZA1023,WC023,Drakenstein,Local Municipality,25119,24429,24440,22622,28335,23677,23056,18158,19498,18130,15496,14327,9936,5540,3694,1971,971,794,280195
WC,ZA102,DC2,Cape Winelands,District Municipality,ZA1024,WC024,Stellenbosch,Local Municipality,14178,13742,13276,16037,23715,18997,14619,10577,9194,9683,8664,7397,5978,2800,2132,982,801,427,173197
WC,ZA102,DC2,Cape Winelands,District Municipality,ZA1025,WC025,Breede Valley,Local Municipality,15462,16839,18889,16159,16301,14910,13174,10890,12566,12044,8381,7546,5201,3219,2089,1873,643,391,176578
WC,ZA102,DC2,Cape Winelands,District Municipality,ZA1026,WC026,Langeberg,Local Municipality,10951,10042,10032,10204,8351,9057,6886,6960,7317,6614,5349,4873,3398,2026,1343,1129,563,389,105483
WC,ZA103,DC3,Overberg,District Municipality,ZA1031,WC031,Theewaterskloof,Local Municipality,11187,10639,10484,10409,10341,9484,9686,7918,8883,7187,6474,5350,3539,2394,1472,993,506,222,117167
WC,ZA103,DC3,Overberg,District Municipality,ZA1032,WC032,Overstrand,Local Municipality,8203,7085,7130,7231,7060,8043,8269,6377,5737,5610,4148,3982,3409,3609,3076,2273,1407,758,93407
WC,ZA103,DC3,Overberg,District Municipality,ZA1033,WC033,Cape Agulhas,Local Municipality,2699,3096,3057,2432,3083,2936,2889,2580,2251,2578,2262,1953,1359,1061,782,436,339,205,36000
WC,ZA103,DC3,Overberg,District Municipality,ZA1034,WC034,Swellendam,Local Municipality,3824,3593,3767,4003,2758,2933,2897,2831,2961,2567,2312,1907,1283,812,823,406,301,233,40211
WC,ZA104,DC4,Eden,District Municipality,ZA1041,WC041,Kannaland,Local Municipality,2292,2334,2074,1838,1763,2247,1974,1369,1801,1485,979,1251,983,653,513,317,226,70,24168
WC,ZA104,DC4,Eden,District Municipality,ZA1042,WC042,Hessequa,Local Municipality,4124,4269,4592,4231,3618,4244,3717,3295,3789,3523,3347,2947,2447,2104,1766,1142,676,409,54237
WC,ZA104,DC4,Eden,District Municipality,ZA1043,WC043,Mossel Bay,Local Municipality,6223,7731,7438,8358,7563,8004,7499,6327,6167,5273,4687,4458,4271,3904,2755,2027,989,462,94135
WC,ZA104,DC4,Eden,District Municipality,ZA1044,WC044,George,Local Municipality,17901,17636,18043,19073,17990,17658,17926,14992,14361,13420,11037,7972,7021,4856,3577,2743,1175,856,208237
WC,ZA104,DC4,Eden,District Municipality,ZA1045,WC045,Oudtshoorn,Local Municipality,8477,9390,9177,9549,7874,8066,6732,6620,6949,5616,4805,3975,3275,2390,2131,1490,576,416,97509
WC,ZA104,DC4,Eden,District Municipality,ZA1047,WC047,Bitou,Local Municipality,5054,5156,4806,4571,5123,6230,5457,4568,4042,3420,3106,2450,1563,1340,1031,735,323,183,59157
WC,ZA104,DC4,Eden,District Municipality,ZA1048,WC048,Knysna,Local Municipality,5923,6414,5956,6570,6385,6471,6279,6022,5469,3606,3547,3046,2114,2510,1782,906,501,336,73835
WC,ZA105,DC5,Central Karoo,District Municipality,ZA1051,WC051,Laingsburg,Local Municipality,684,582,663,914,863,947,529,679,698,514,380,431,296,213,249,80,87,86,8895
WC,ZA105,DC5,Central Karoo,District Municipality,ZA1052,WC052,Prince Albert,Local Municipality,1074,1190,1087,1641,1624,1446,896,753,1052,905,738,431,367,415,170,357,77,50,14272
WC,ZA105,DC5,Central Karoo,District Municipality,ZA1053,WC053,Beaufort West,Local Municipality,4734,4460,4387,5790,4765,4338,4184,3350,2890,3000,2252,1902,1479,1631,861,652,226,179,51080
